# Blender 5.0.1
# www.blender.org
mtllib tripo_convert_9f65e2be-5c54-4bb1-8bae-0aa705d7521c.mtl
o tripo_node_9f65e2be-5c54-4bb1-8bae-0aa705d7521c
v 0.362305 0.324219 0.012695
v 0.377930 0.318359 0.014648
v -0.270508 0.457031 0.018555
v 0.260742 0.457031 0.018555
v -0.270508 0.412109 0.018555
v 0.260742 0.412109 0.018555
v 0.370117 0.306641 0.018555
v -0.360352 0.457031 0.020508
v -0.360352 0.412109 0.020508
v 0.350586 0.457031 0.022461
v 0.350586 0.412109 0.022461
v -0.282227 0.134766 0.024414
v 0.272461 0.134766 0.024414
v -0.282227 0.113281 0.024414
v 0.272461 0.113281 0.024414
v -0.286133 0.404297 0.026367
v -0.286133 0.312500 0.026367
v 0.276367 0.312500 0.026367
v -0.286133 0.250000 0.026367
v 0.276367 0.250000 0.026367
v 0.276367 0.404297 0.028320
v -0.288086 0.195312 0.028320
v 0.278320 0.195312 0.028320
v -0.288086 0.091797 0.028320
v -0.293945 0.558594 0.030273
v 0.329102 0.312500 0.030273
v 0.329102 0.250000 0.030273
v -0.348633 0.134766 0.030273
v 0.338867 0.134766 0.030273
v -0.348633 0.113281 0.030273
v 0.338867 0.113281 0.030273
v 0.280273 0.091797 0.030273
v -0.293945 0.568359 0.032227
v 0.333008 0.404297 0.032227
v -0.338867 0.310547 0.032227
v 0.327148 0.285156 0.032227
v -0.338867 0.250000 0.032227
v -0.342773 0.195312 0.032227
v -0.291992 0.376953 0.034180
v -0.293945 0.205078 0.034180
v 0.333008 0.195312 0.034180
v -0.340820 0.091797 0.034180
v -0.344727 0.404297 0.036133
v 0.282227 0.375000 0.036133
v 0.284180 0.205078 0.036133
v 0.331055 0.091797 0.036133
v -0.286133 0.566406 0.040039
v -0.299805 0.566406 0.040039
v -0.293945 0.572266 0.040039
v -0.336914 0.376953 0.040039
v 0.327148 0.375000 0.040039
v -0.334961 0.205078 0.040039
v 0.325195 0.205078 0.041992
v 0.288086 0.554688 0.043945
v 0.372070 0.394531 0.043945
v 0.366211 0.349609 0.043945
v -0.293945 0.554688 0.045898
v -0.293945 0.564453 0.047852
v 0.379883 0.345703 0.047852
v 0.288086 0.572266 0.053711
v 0.368164 0.373047 0.053711
v 0.370117 0.404297 0.055664
v 0.391602 0.394531 0.055664
v 0.385742 0.373047 0.055664
v 0.374023 0.339844 0.057617
v -0.350586 0.287109 0.057617
v -0.368164 0.285156 0.057617
v 0.270508 0.550781 0.059570
v 0.303711 0.550781 0.059570
v 0.288086 0.593750 0.059570
v -0.352539 0.255859 0.059570
v 0.288086 0.607422 0.061523
v -0.368164 0.257812 0.061523
v 0.276367 0.568359 0.063477
v 0.297852 0.568359 0.063477
v 0.385742 0.404297 0.063477
v 0.360352 0.394531 0.063477
v -0.331055 0.283203 0.063477
v -0.346680 0.283203 0.065430
v -0.331055 0.257812 0.065430
v -0.348633 0.259766 0.067383
v 0.377930 0.373047 0.069336
v 0.274414 0.591797 0.071289
v 0.299805 0.591797 0.071289
v 0.274414 0.603516 0.073242
v 0.299805 0.603516 0.073242
v 0.288086 0.546875 0.075195
v 0.288086 0.566406 0.075195
v 0.288086 0.609375 0.075195
v 0.379883 0.394531 0.075195
v -0.293945 0.552734 0.077148
v 0.288086 0.587891 0.083008
v -0.352539 0.304688 0.083008
v -0.370117 0.302734 0.083008
v -0.331055 0.300781 0.083008
v -0.293945 0.564453 0.084961
v 0.288086 0.601562 0.084961
v -0.348633 0.296875 0.084961
v -0.338867 0.205078 0.084961
v -0.338867 0.376953 0.086914
v 0.329102 0.205078 0.086914
v 0.331055 0.375000 0.088867
v -0.352539 0.251953 0.088867
v -0.331055 0.248047 0.088867
v -0.372070 0.244141 0.088867
v -0.356445 0.242188 0.088867
v -0.260742 0.548828 0.090820
v -0.348633 0.548828 0.090820
v 0.250977 0.548828 0.090820
v 0.338867 0.548828 0.090820
v -0.288086 0.560547 0.090820
v -0.301758 0.560547 0.090820
v -0.288086 0.376953 0.090820
v -0.288086 0.205078 0.090820
v 0.278320 0.205078 0.090820
v -0.344727 0.091797 0.090820
v -0.346680 0.404297 0.092773
v 0.278320 0.375000 0.092773
v -0.342773 0.312500 0.092773
v -0.342773 0.250000 0.092773
v -0.346680 0.195312 0.092773
v 0.336914 0.091797 0.092773
v -0.293945 0.542969 0.094727
v 0.338867 0.404297 0.094727
v 0.336914 0.195312 0.094727
v -0.293945 0.595703 0.096680
v 0.333008 0.312500 0.096680
v 0.331055 0.250000 0.096680
v -0.350586 0.134766 0.096680
v -0.350586 0.113281 0.096680
v -0.284180 0.091797 0.096680
v -0.293945 0.556641 0.098633
v -0.280273 0.404297 0.098633
v -0.282227 0.195312 0.098633
v 0.272461 0.195312 0.098633
v 0.272461 0.091797 0.098633
v 0.270508 0.404297 0.100586
v 0.336914 0.134766 0.100586
v 0.336914 0.113281 0.100586
v -0.293945 0.605469 0.102539
v -0.288086 0.312500 0.102539
v 0.276367 0.312500 0.102539
v -0.288086 0.250000 0.102539
v 0.276367 0.250000 0.102539
v -0.270508 0.457031 0.104492
v 0.260742 0.457031 0.104492
v -0.270508 0.412109 0.104492
v 0.260742 0.412109 0.104492
v -0.352539 0.287109 0.104492
v -0.282227 0.589844 0.106445
v -0.305664 0.589844 0.106445
v -0.331055 0.291016 0.106445
v -0.354492 0.265625 0.106445
v -0.284180 0.134766 0.106445
v 0.274414 0.134766 0.106445
v -0.284180 0.113281 0.106445
v 0.274414 0.113281 0.106445
v -0.262695 0.335938 0.108398
v 0.252930 0.333984 0.108398
v -0.331055 0.263672 0.108398
v -0.356445 0.457031 0.110352
v 0.346680 0.457031 0.110352
v -0.356445 0.412109 0.110352
v 0.346680 0.412109 0.110352
v -0.374023 0.291016 0.110352
v -0.282227 0.599609 0.112305
v -0.305664 0.599609 0.112305
v -0.358398 0.292969 0.112305
v -0.374023 0.261719 0.112305
v -0.293945 0.583984 0.116211
v -0.227539 0.371094 0.116211
v -0.297852 0.371094 0.116211
v 0.217773 0.371094 0.116211
v 0.288086 0.371094 0.116211
v -0.358398 0.261719 0.116211
v -0.293945 0.595703 0.122070
v -0.262695 0.410156 0.124023
v 0.258789 0.408203 0.124023
v 0.227539 0.373047 0.124023
v 0.235352 0.402344 0.125977
v -0.211914 0.400391 0.125977
v 0.200195 0.400391 0.125977
v -0.233398 0.376953 0.125977
v -0.258789 0.099609 0.143555
v -0.352539 0.099609 0.143555
v 0.249023 0.099609 0.143555
v 0.342773 0.097656 0.143555
v -0.256836 0.060547 0.151367
v -0.356445 0.060547 0.151367
v 0.247070 0.060547 0.151367
v 0.346680 0.060547 0.151367
v -0.258789 0.501953 0.153320
v -0.364258 0.501953 0.153320
v 0.247070 0.501953 0.153320
v 0.354492 0.501953 0.153320
v -0.247070 0.501953 0.172852
v -0.385742 0.501953 0.172852
v 0.237305 0.501953 0.172852
v 0.374023 0.501953 0.172852
v -0.391602 0.488281 0.172852
v 0.381836 0.488281 0.172852
v -0.391602 0.457031 0.172852
v 0.381836 0.457031 0.172852
v -0.247070 0.443359 0.172852
v -0.377930 0.443359 0.172852
v 0.237305 0.443359 0.172852
v 0.368164 0.443359 0.172852
v -0.104492 0.152344 0.198242
v 0.092773 0.152344 0.198242
v -0.106445 0.089844 0.202148
v 0.096680 0.089844 0.202148
v 0.252930 0.300781 0.225586
v -0.262695 0.294922 0.225586
v -0.350586 0.070312 0.243164
v 0.340820 0.070312 0.243164
v -0.350586 0.000000 0.243164
v 0.340820 0.000000 0.243164
v -0.229492 0.136719 0.245117
v -0.309570 0.136719 0.245117
v 0.219727 0.136719 0.245117
v 0.299805 0.136719 0.245117
v -0.229492 0.099609 0.245117
v -0.309570 0.099609 0.245117
v 0.219727 0.099609 0.245117
v 0.299805 0.099609 0.245117
v -0.116211 0.148438 0.247070
v -0.182617 0.148438 0.247070
v 0.106445 0.148438 0.247070
v 0.172852 0.148438 0.247070
v 0.227539 0.361328 0.249023
v -0.301758 0.326172 0.249023
v 0.291992 0.326172 0.249024
v -0.211914 0.080078 0.249023
v -0.368164 0.080078 0.249023
v 0.202148 0.080078 0.249023
v 0.356445 0.080078 0.249024
v -0.387695 0.000000 0.249023
v 0.374023 0.000000 0.249024
v -0.211914 0.386719 0.250977
v 0.200195 0.386719 0.250977
v -0.233398 0.365234 0.250977
v -0.227539 0.328125 0.250977
v 0.215820 0.328125 0.250977
v -0.213867 0.072266 0.252930
v 0.204102 0.072266 0.252930
v -0.264648 0.150391 0.254883
v 0.247070 0.150391 0.254883
v -0.116211 0.113281 0.256836
v -0.182617 0.113281 0.256836
v 0.106445 0.113281 0.256836
v 0.172852 0.113281 0.256836
v -0.262695 0.261719 0.258789
v 0.252930 0.261719 0.260742
v -0.256836 0.177734 0.260742
v 0.249023 0.177734 0.260742
v -0.223633 0.060547 0.266602
v 0.213867 0.060547 0.266602
v -0.309570 0.152344 0.272461
v 0.297852 0.152344 0.272461
v -0.250977 0.359375 0.276367
v -0.280273 0.357422 0.276367
v 0.241211 0.357422 0.276367
v 0.270508 0.357422 0.276367
v -0.309570 0.177734 0.280273
v 0.297852 0.177734 0.280273
v -0.309570 0.150391 0.280273
v 0.299805 0.150391 0.280273
v -0.229492 0.087891 0.280273
v -0.309570 0.087891 0.280273
v 0.219727 0.087891 0.280273
v 0.299805 0.087891 0.280273
v -0.301758 0.292969 0.286133
v 0.291992 0.292969 0.286133
v -0.225586 0.294922 0.288086
v 0.215820 0.294922 0.288086
v -0.229492 0.150391 0.288086
v 0.288086 0.150391 0.291992
v 0.217773 0.150391 0.293945
v -0.262695 0.226562 0.297852
v 0.252930 0.226562 0.297852
v -0.225586 0.150391 0.297852
v -0.225586 0.177734 0.303711
v -0.295898 0.150391 0.303711
v -0.229492 0.119141 0.303711
v -0.309570 0.119141 0.303711
v 0.219727 0.119141 0.303711
v 0.299805 0.119141 0.303711
v 0.245117 0.207031 0.305664
v -0.256836 0.207031 0.307617
v 0.245117 0.150391 0.311523
v -0.280273 0.324219 0.313477
v 0.270508 0.324219 0.313477
v -0.309570 0.152344 0.313477
v 0.297852 0.152344 0.313477
v -0.256836 0.150391 0.313477
v -0.250977 0.326172 0.315430
v 0.241211 0.326172 0.315430
v -0.309570 0.177734 0.319336
v 0.215820 0.177734 0.319336
v 0.297852 0.177734 0.319336
v -0.297852 0.240234 0.327148
v 0.288086 0.240234 0.329102
v -0.229492 0.240234 0.331055
v 0.217773 0.240234 0.331055
v -0.229492 0.150391 0.338867
v 0.223633 0.150391 0.338867
v 0.227539 0.343750 0.340820
v -0.211914 0.369141 0.342773
v 0.200195 0.369141 0.342773
v -0.250977 0.152344 0.342773
v -0.280273 0.152344 0.342773
v 0.239258 0.152344 0.342773
v 0.270508 0.152344 0.342773
v -0.233399 0.345703 0.346680
v 0.223633 0.207031 0.348633
v -0.250977 0.177734 0.348633
v -0.280273 0.177734 0.348633
v 0.239258 0.177734 0.348633
v 0.270508 0.177734 0.348633
v -0.229492 0.207031 0.350586
v 0.229492 0.324219 0.354492
v -0.211914 0.357422 0.360352
v 0.200195 0.357422 0.360352
v -0.237305 0.326172 0.360352
v 0.266602 0.253906 0.366211
v -0.276367 0.250000 0.366211
v -0.204102 0.150391 0.366211
v 0.196289 0.150391 0.366211
v -0.116211 0.148438 0.366211
v -0.182617 0.148438 0.366211
v 0.106445 0.148438 0.366211
v 0.172852 0.148438 0.366211
v -0.116211 0.113281 0.366211
v -0.182617 0.113281 0.366211
v 0.106445 0.113281 0.366211
v 0.172852 0.113281 0.366211
v 0.243164 0.253906 0.368164
v -0.252930 0.248047 0.368164
v -0.202149 0.207031 0.370117
v 0.196289 0.207031 0.370117
v -0.211914 0.337891 0.374023
v 0.200195 0.337891 0.374023
v 0.229492 0.224609 0.374023
v -0.208008 0.070312 0.374023
v 0.198242 0.070312 0.374023
v -0.208008 0.011719 0.374023
v 0.198242 0.011719 0.374023
v 0.231445 0.255859 0.375977
v -0.235352 0.222656 0.379883
v -0.239258 0.253906 0.383789
v -0.116211 0.248047 0.389648
v -0.182617 0.248047 0.389648
v 0.106445 0.248047 0.389648
v 0.172852 0.248047 0.389648
v -0.211914 0.220703 0.393555
v 0.200195 0.220703 0.393555
v -0.116211 0.132812 0.393555
v -0.182617 0.132812 0.393555
v 0.172852 0.132812 0.393555
v -0.211914 0.080078 0.395508
v 0.202148 0.080078 0.395508
v -0.211914 0.255859 0.397461
v 0.200195 0.255859 0.397461
v 0.360352 0.080078 0.399414
v -0.374023 0.078125 0.401367
v 0.106445 0.152344 0.405273
v -0.116211 0.175781 0.413086
v -0.182617 0.175781 0.413086
v 0.172852 0.175781 0.413086
v -0.211914 0.000000 0.415039
v 0.202148 0.000000 0.416992
v -0.116211 0.244141 0.418945
v -0.182617 0.244141 0.418945
v 0.106445 0.244141 0.418945
v 0.172852 0.244141 0.418945
v -0.389649 0.000000 0.420898
v 0.379883 0.000000 0.420899
v -0.211914 0.402344 -0.000977
v 0.200195 0.402344 -0.000977
v -0.233398 0.378906 -0.000977
v 0.227539 0.376953 -0.000977
v -0.258789 0.099609 -0.008789
v -0.350586 0.099609 -0.008789
v 0.249023 0.099609 -0.008789
v 0.340820 0.099609 -0.008789
v -0.256836 0.060547 -0.016602
v -0.354492 0.060547 -0.016602
v 0.247070 0.060547 -0.016602
v 0.344727 0.060547 -0.016602
v 0.366211 0.326172 -0.026367
v 0.366211 0.294922 -0.026367
v 0.333008 0.273438 -0.026367
v 0.350586 0.312500 -0.028320
v 0.381836 0.312500 -0.028320
v 0.331055 0.304688 -0.028320
v 0.346680 0.291016 -0.028320
v -0.377930 0.443359 -0.030273
v 0.368164 0.443359 -0.030273
v -0.241211 0.554688 -0.038086
v -0.372070 0.554688 -0.038086
v 0.231445 0.554688 -0.038086
v 0.362305 0.554688 -0.038086
v -0.241211 0.449219 -0.038086
v 0.229492 0.449219 -0.038086
v -0.389648 0.455078 -0.040039
v 0.379883 0.455078 -0.040039
v 0.317383 0.285156 -0.040039
v -0.237305 0.501953 -0.041992
v -0.385742 0.501953 -0.041992
v 0.227539 0.501953 -0.041992
v 0.374023 0.501953 -0.041992
v -0.391602 0.488281 -0.041992
v 0.381836 0.488281 -0.041992
v 0.346680 0.289062 -0.041992
v 0.331055 0.302734 -0.045898
v -0.258789 0.562500 -0.051758
v -0.348633 0.562500 -0.051758
v 0.247070 0.562500 -0.051758
v 0.336914 0.562500 -0.051758
v 0.264648 0.412109 -0.055664
v 0.225586 0.400391 -0.055664
v -0.254883 0.501953 -0.057617
v -0.358398 0.501953 -0.057617
v 0.245117 0.501953 -0.057617
v 0.346680 0.501953 -0.057617
v -0.262695 0.414062 -0.057617
v -0.297852 0.375000 -0.057617
v 0.288086 0.375000 -0.057617
v -0.227539 0.373047 -0.057617
v 0.217773 0.373047 -0.057617
v -0.262695 0.335938 -0.057617
v 0.252930 0.335938 -0.057617
v 0.333008 0.265625 -0.057617
v 0.342773 0.277344 -0.059570
v -0.100586 0.152344 -0.059570
v 0.090820 0.152344 -0.059570
v 0.331055 0.287109 -0.063477
v -0.104492 0.089844 -0.065430
v 0.092773 0.089844 -0.065430
v -0.211914 0.156250 -0.069336
v 0.202148 0.156250 -0.069336
v -0.211914 0.089844 -0.075195
v 0.202148 0.089844 -0.075195
v -0.174805 0.429688 -0.079102
v 0.161133 0.429688 -0.079102
v -0.168945 0.386719 -0.081055
v 0.157227 0.386719 -0.081055
v 0.342773 0.275391 -0.081055
v -0.262695 0.421875 -0.083008
v 0.333008 0.265625 -0.083008
v 0.254883 0.419922 -0.084961
v 0.188477 0.423828 -0.086914
v -0.198242 0.384766 -0.086914
v 0.188477 0.384766 -0.086914
v 0.333008 0.345703 -0.088867
v 0.333008 0.291016 -0.088867
v -0.219727 0.419922 -0.090820
v 0.217773 0.386719 -0.092773
v -0.217773 0.380859 -0.092773
v -0.297852 0.388672 -0.100586
v -0.227539 0.386719 -0.100586
v 0.288086 0.386719 -0.100586
v 0.333008 0.312500 -0.100586
v 0.317383 0.353516 -0.102539
v 0.348633 0.353516 -0.102539
v 0.344727 0.287109 -0.102539
v -0.350586 0.070312 -0.102539
v 0.340820 0.070312 -0.102539
v -0.350586 0.000000 -0.102539
v 0.340820 0.000000 -0.102539
v -0.250977 0.498047 -0.106445
v 0.241211 0.498047 -0.106445
v -0.211914 0.083984 -0.108398
v 0.202148 0.083984 -0.108398
v -0.366211 0.082031 -0.108399
v 0.358398 0.080078 -0.108398
v -0.385742 0.000000 -0.108399
v 0.377930 0.000000 -0.108398
v 0.344727 0.312500 -0.110352
v 0.333008 0.281250 -0.110352
v -0.213867 0.072266 -0.112305
v 0.204102 0.072266 -0.112305
v -0.295898 0.486328 -0.116211
v 0.284180 0.486328 -0.116211
v -0.262695 0.353516 -0.116211
v 0.252930 0.353516 -0.116211
v -0.284180 0.207031 -0.118164
v 0.274414 0.207031 -0.118164
v -0.229492 0.363281 -0.120117
v 0.223633 0.363281 -0.120117
v 0.334961 0.357422 -0.120117
v 0.334961 0.312500 -0.122070
v -0.211914 0.089844 -0.127930
v 0.202148 0.089844 -0.127930
v -0.223633 0.060547 -0.129883
v 0.213867 0.060547 -0.129883
v 0.227539 0.398438 -0.131836
v -0.235352 0.400391 -0.133789
v -0.211914 0.156250 -0.135742
v 0.202148 0.156250 -0.135742
v -0.250977 0.541016 -0.137695
v 0.241211 0.541016 -0.137695
v -0.229492 0.207031 -0.137695
v 0.223633 0.207031 -0.137695
v -0.221680 0.453125 -0.139648
v -0.309570 0.453125 -0.139648
v 0.211914 0.453125 -0.139648
v 0.297852 0.453125 -0.139648
v 0.276367 0.224609 -0.139648
v -0.286133 0.224609 -0.141602
v -0.295898 0.529297 -0.145508
v 0.284180 0.529297 -0.145508
v 0.227539 0.345703 -0.155273
v 0.235352 0.234375 -0.155273
v -0.241211 0.232422 -0.155273
v -0.233398 0.347656 -0.157227
v -0.295898 0.419922 -0.163086
v 0.284180 0.419922 -0.163086
v 0.235352 0.322266 -0.165039
v -0.241211 0.324219 -0.166992
v -0.221680 0.496094 -0.168945
v -0.309570 0.496094 -0.168945
v 0.211914 0.496094 -0.168945
v 0.297852 0.496094 -0.168945
v -0.250977 0.408203 -0.172852
v 0.241211 0.408203 -0.172852
v -0.288086 0.150391 -0.174805
v 0.276367 0.150391 -0.174805
v -0.227539 0.218750 -0.184570
v -0.286133 0.218750 -0.184570
v -0.288086 0.218750 -0.184570
v 0.217773 0.218750 -0.184570
v 0.276367 0.218750 -0.184570
v -0.166992 0.623047 -0.186523
v 0.155273 0.623047 -0.186523
v -0.221680 0.166016 -0.188477
v -0.288086 0.166016 -0.188477
v 0.211914 0.166016 -0.188477
v 0.276367 0.166016 -0.188477
v -0.295898 0.462891 -0.194336
v 0.284180 0.462891 -0.194336
v 0.182617 0.619141 -0.196289
v -0.209961 0.617188 -0.198242
v -0.227539 0.296875 -0.200195
v -0.286133 0.296875 -0.200195
v 0.217773 0.296875 -0.200195
v 0.276367 0.296875 -0.200195
v -0.250977 0.451172 -0.202148
v 0.241211 0.451172 -0.202148
v -0.221680 0.599609 -0.211914
v 0.211914 0.599609 -0.211914
v -0.260742 0.292969 -0.213867
v 0.241211 0.292969 -0.213867
v -0.262695 0.617188 -0.215820
v 0.254883 0.617188 -0.217773
v -0.258789 0.316406 -0.225586
v 0.243164 0.322266 -0.227539
v -0.227539 0.517578 -0.229492
v -0.286133 0.517578 -0.229492
v 0.217773 0.517578 -0.229492
v 0.276367 0.517578 -0.229492
v -0.165039 0.730469 -0.233398
v 0.151367 0.730469 -0.233398
v -0.208008 0.070312 -0.233398
v 0.198242 0.070312 -0.233398
v -0.208008 0.011719 -0.233398
v 0.198242 0.011719 -0.233398
v -0.286133 0.568359 -0.237305
v -0.258789 0.484375 -0.237305
v -0.258789 0.339844 -0.237305
v -0.245117 0.710938 -0.241211
v 0.235352 0.710938 -0.241211
v 0.217773 0.607422 -0.243164
v -0.290039 0.710938 -0.243164
v 0.278320 0.710938 -0.243164
v 0.178711 0.728516 -0.243164
v -0.239258 0.287109 -0.243164
v 0.264648 0.287109 -0.243164
v -0.297852 0.605469 -0.245117
v -0.206055 0.726562 -0.245117
v -0.245117 0.310547 -0.247070
v -0.274414 0.285156 -0.247070
v 0.227539 0.285156 -0.247070
v -0.221680 0.605469 -0.249023
v 0.211914 0.605469 -0.249023
v 0.288086 0.605469 -0.249023
v 0.243164 0.478516 -0.249023
v 0.258789 0.314453 -0.249023
v -0.268555 0.310547 -0.249023
v -0.227539 0.203125 -0.249023
v -0.286133 0.203125 -0.249024
v 0.217773 0.203125 -0.249023
v 0.276367 0.203125 -0.249023
v -0.227539 0.605469 -0.250977
v 0.231445 0.314453 -0.250977
v -0.258789 0.458984 -0.252930
v -0.247070 0.335938 -0.252930
v -0.159180 0.755859 -0.256836
v -0.245117 0.755859 -0.256836
v 0.147461 0.755859 -0.256836
v 0.235352 0.755859 -0.256836
v -0.163086 0.791016 -0.256836
v 0.151367 0.791016 -0.256836
v -0.268555 0.333984 -0.256836
v 0.362305 0.082031 -0.256836
v -0.211914 0.080078 -0.256836
v 0.202148 0.080078 -0.256836
v -0.290039 0.755859 -0.258789
v 0.278320 0.755859 -0.258789
v -0.374023 0.078125 -0.262695
v 0.170898 0.753906 -0.264648
v -0.258789 0.373047 -0.264648
v -0.227539 0.283203 -0.264648
v -0.286133 0.283203 -0.264648
v 0.217773 0.283203 -0.264648
v 0.276367 0.283203 -0.264648
v -0.198242 0.751953 -0.266602
v 0.176758 0.787109 -0.266602
v -0.237305 0.498047 -0.266602
v -0.258789 0.451172 -0.266602
v -0.274414 0.500000 -0.268555
v -0.206055 0.785156 -0.268555
v 0.243164 0.375000 -0.268555
v -0.227539 0.603516 -0.270508
v -0.288086 0.603516 -0.270508
v 0.217773 0.603516 -0.270508
v 0.276367 0.603516 -0.270508
v 0.258789 0.484375 -0.270508
v 0.231445 0.486328 -0.272461
v -0.211914 0.000000 -0.274414
v 0.202148 0.000000 -0.274414
v -0.262695 0.591797 -0.276367
v -0.219727 0.697266 -0.276367
v 0.209961 0.697266 -0.276367
v -0.258789 0.427734 -0.276367
v -0.258789 0.404297 -0.276367
v 0.243164 0.404297 -0.276367
v 0.252930 0.591797 -0.278320
v -0.239258 0.470703 -0.278320
v -0.305664 0.697266 -0.280273
v 0.293945 0.697266 -0.280273
v -0.274414 0.472656 -0.280273
v -0.247070 0.458984 -0.280273
v -0.247070 0.367188 -0.280273
v -0.389648 0.000000 -0.280274
v 0.379883 0.000000 -0.280273
v -0.227539 0.503906 -0.282227
v -0.286133 0.503906 -0.282227
v 0.217774 0.503906 -0.282227
v 0.276367 0.503906 -0.282227
v -0.266602 0.460938 -0.282227
v -0.266602 0.365234 -0.282227
v 0.254883 0.369141 -0.284180
v -0.284180 0.835938 -0.286133
v 0.272461 0.835938 -0.286133
v -0.237305 0.835938 -0.290039
v 0.227539 0.835938 -0.290039
v -0.217773 0.722656 -0.291992
v 0.208008 0.722656 -0.291992
v -0.219727 0.744141 -0.291992
v 0.209961 0.744141 -0.291992
v -0.163086 0.875000 -0.291992
v 0.149414 0.875000 -0.291992
v -0.247070 0.431641 -0.293945
v -0.247070 0.402344 -0.293945
v 0.254883 0.402344 -0.293945
v -0.227539 0.595703 -0.295898
v -0.288086 0.595703 -0.295898
v 0.217774 0.595703 -0.295898
v 0.276367 0.595703 -0.295898
v -0.305664 0.742188 -0.295898
v 0.293945 0.742188 -0.295898
v -0.266602 0.433594 -0.295898
v -0.266602 0.398438 -0.295898
v -0.208008 0.744141 -0.299805
v 0.194336 0.744141 -0.299805
v 0.174805 0.873047 -0.301758
v -0.284180 0.880859 -0.301758
v 0.272461 0.880859 -0.301758
v -0.204102 0.873047 -0.305664
v -0.237305 0.880859 -0.305664
v 0.227539 0.880859 -0.305664
v -0.227539 0.580078 -0.307617
v -0.288086 0.580078 -0.307617
v 0.217774 0.580078 -0.307617
v 0.276367 0.580078 -0.307617
v -0.217773 0.765625 -0.309570
v 0.208008 0.765625 -0.309570
v -0.139648 0.943359 -0.309570
v -0.190430 0.943359 -0.309570
v 0.127930 0.943359 -0.309570
v 0.180664 0.943359 -0.309570
v -0.237305 0.685547 -0.313477
v 0.227539 0.685547 -0.313477
v -0.282227 0.683594 -0.315430
v 0.272461 0.683594 -0.315430
v -0.157227 0.900391 -0.315430
v 0.145508 0.900391 -0.315430
v -0.139648 0.916016 -0.317383
v -0.190430 0.916016 -0.317383
v 0.127930 0.916016 -0.317383
v 0.180664 0.916016 -0.317383
v -0.139648 0.970703 -0.317383
v -0.190430 0.970703 -0.317383
v 0.127930 0.970703 -0.317383
v 0.180664 0.970703 -0.317383
v -0.219727 0.824219 -0.323242
v -0.301758 0.824219 -0.323242
v 0.209961 0.824219 -0.323242
v 0.291992 0.824219 -0.323242
v 0.168945 0.898438 -0.323242
v -0.262695 0.916016 -0.323242
v -0.198242 0.896484 -0.325195
v 0.254883 0.916016 -0.325195
v -0.237305 0.730469 -0.327148
v 0.227539 0.730469 -0.327148
v -0.282227 0.730469 -0.331055
v 0.272461 0.730469 -0.331055
v -0.223633 0.937500 -0.333008
v 0.213867 0.937500 -0.333008
v -0.217773 0.970703 -0.334961
v 0.208008 0.970703 -0.334961
v -0.219727 0.869141 -0.338867
v -0.301758 0.869141 -0.338867
v 0.209961 0.869141 -0.338867
v 0.291992 0.869141 -0.338867
v -0.139648 0.896484 -0.338867
v 0.127930 0.896484 -0.338867
v 0.180664 0.896484 -0.338867
v -0.139648 0.992188 -0.338867
v -0.190430 0.992188 -0.338867
v 0.127930 0.992188 -0.338867
v 0.180664 0.992188 -0.338867
v -0.215820 0.869141 -0.344727
v 0.206055 0.869141 -0.344727
v 0.219727 0.886719 -0.344727
v -0.229492 0.884766 -0.350586
v -0.202148 0.892578 -0.352539
v 0.188477 0.892578 -0.352539
v -0.297852 0.904297 -0.354492
v 0.288086 0.904297 -0.356445
v -0.290039 0.810547 -0.358398
v 0.280274 0.810547 -0.358398
v -0.291992 0.917969 -0.358398
v -0.282227 0.925781 -0.360352
v 0.272461 0.923828 -0.362305
v -0.245117 0.808594 -0.366211
v 0.235352 0.808594 -0.366211
v -0.139648 0.888672 -0.366211
v 0.127930 0.888672 -0.366211
v 0.180664 0.888672 -0.366211
v -0.225586 0.947266 -0.366211
v 0.215820 0.947266 -0.366211
v -0.215820 0.986328 -0.366211
v 0.206055 0.986328 -0.366211
v -0.204102 0.996094 -0.366211
v 0.194336 0.996094 -0.366211
v -0.139648 0.998047 -0.366211
v -0.190430 0.998047 -0.366211
v 0.127930 0.998047 -0.366211
v 0.180664 0.998047 -0.366211
v -0.290039 0.855469 -0.374023
v 0.280274 0.855469 -0.374023
v -0.245117 0.853516 -0.381836
v 0.235352 0.853516 -0.381836
v -0.262695 0.894531 -0.387695
v -0.217773 0.921875 -0.389649
v 0.208008 0.921875 -0.389648
v 0.252930 0.894531 -0.391602
v -0.139648 0.896484 -0.393555
v -0.190430 0.896484 -0.393555
v 0.127930 0.896484 -0.393555
v 0.180664 0.896484 -0.393555
v -0.221680 0.966797 -0.393555
v 0.211914 0.966797 -0.393555
v -0.139648 0.992188 -0.393555
v -0.190430 0.992188 -0.393555
v 0.127930 0.992188 -0.393555
v 0.180664 0.992188 -0.393555
v -0.139648 0.916016 -0.413086
v -0.190430 0.916016 -0.413086
v 0.127930 0.916016 -0.413086
v 0.180664 0.916016 -0.413086
v -0.139648 0.970703 -0.413086
v -0.190430 0.970703 -0.413086
v 0.127930 0.970703 -0.413086
v 0.180664 0.970703 -0.413086
v -0.139648 0.943359 -0.420899
v -0.190430 0.943359 -0.420899
v 0.127930 0.943359 -0.420898
v 0.180664 0.943359 -0.420898
vt 0.903564 0.206787
vt 0.871338 0.198730
vt 0.904541 0.136475
vt 0.871338 0.136475
vt 0.592041 0.819336
vt 0.624268 0.812500
vt 0.624268 0.885498
vt 0.591309 0.885742
vt 0.452637 0.936523
vt 0.454834 0.870117
vt 0.514893 0.934082
vt 0.514893 0.870117
vt 0.632324 0.232178
vt 0.599609 0.224121
vt 0.632080 0.217041
vt 0.603516 0.216797
vt 0.603027 0.160889
vt 0.599609 0.159912
vt 0.109375 0.530273
vt 0.080078 0.546875
vt 0.103027 0.522949
vt 0.080078 0.529541
vt 0.092773 0.472656
vt 0.090088 0.474854
vt 0.768311 0.183105
vt 0.792480 0.183105
vt 0.792480 0.349609
vt 0.768311 0.349609
vt 0.251953 0.250000
vt 0.232422 0.084717
vt 0.301514 0.246582
vt 0.281250 0.076416
vt 0.278809 0.020264
vt 0.419434 0.003662
vt 0.429932 0.058838
vt 0.449951 0.229004
vt 0.312012 0.301758
vt 0.452637 0.285156
vt 0.499023 0.220703
vt 0.479492 0.055420
vt 0.054199 0.525146
vt 0.077393 0.531250
vt 0.077393 0.549561
vt 0.048096 0.532471
vt 0.066162 0.477051
vt 0.063477 0.474609
vt 0.824463 0.289551
vt 0.795654 0.289551
vt 0.795654 0.147949
vt 0.824463 0.147949
vt 0.841309 0.116455
vt 0.870117 0.116211
vt 0.841553 0.130859
vt 0.875244 0.122314
vt 0.875244 0.059326
vt 0.870361 0.060059
vt 0.764404 0.882568
vt 0.730469 0.883057
vt 0.732178 0.819824
vt 0.764404 0.812256
vt 0.626953 0.810303
vt 0.658203 0.816650
vt 0.626953 0.883057
vt 0.658936 0.883057
vt 0.449463 0.936523
vt 0.386230 0.933350
vt 0.447266 0.870117
vt 0.386230 0.870117
vt 0.575684 0.880371
vt 0.575684 0.819580
vt 0.580322 0.821533
vt 0.954346 0.707031
vt 0.954346 0.673340
vt 0.964844 0.675293
vt 0.969971 0.698730
vt 0.527100 0.082275
vt 0.531006 0.072754
vt 0.531006 0.128174
vt 0.765869 0.522949
vt 0.741699 0.522949
vt 0.741699 0.356445
vt 0.765869 0.356445
vt 0.394531 0.396240
vt 0.417725 0.389648
vt 0.424316 0.397705
vt 0.394531 0.413574
vt 0.409180 0.338867
vt 0.405029 0.341553
vt 0.693604 0.883057
vt 0.661621 0.883057
vt 0.660889 0.817383
vt 0.693604 0.810303
vt 0.901855 0.792480
vt 0.868164 0.783203
vt 0.901855 0.722168
vt 0.868896 0.722412
vt 0.939209 0.876221
vt 0.939209 0.941895
vt 0.878418 0.877686
vt 0.878418 0.941895
vt 0.255371 0.887207
vt 0.255371 0.823242
vt 0.260254 0.824219
vt 0.165283 0.971191
vt 0.165283 0.937500
vt 0.180176 0.967529
vt 0.173340 0.939697
vt 0.182861 0.707031
vt 0.182861 0.760498
vt 0.178223 0.713379
vt 0.821777 0.649658
vt 0.792969 0.649658
vt 0.792969 0.508057
vt 0.821777 0.508057
vt 0.043945 0.500732
vt 0.015137 0.500732
vt 0.043945 0.487305
vt 0.011230 0.494385
vt 0.011230 0.557617
vt 0.014648 0.556885
vt 0.941895 0.807861
vt 0.941895 0.871094
vt 0.881836 0.871094
vt 0.880127 0.806396
vt 0.835205 0.896240
vt 0.802246 0.896484
vt 0.802246 0.834717
vt 0.835205 0.825684
vt 0.695312 0.875488
vt 0.695312 0.811035
vt 0.728516 0.810547
vt 0.728516 0.883057
vt 0.290771 0.974609
vt 0.306152 0.995117
vt 0.290771 0.990723
vt 0.305664 0.970459
vt 0.314941 0.982666
vt 0.464355 0.002686
vt 0.453613 0.014648
vt 0.453613 0.001221
vt 0.973389 0.078857
vt 0.981201 0.066650
vt 0.991211 0.085449
vt 0.991211 0.061523
vt 0.350830 0.977783
vt 0.335693 0.977783
vt 0.335693 0.945068
vt 0.330322 0.959473
vt 0.350830 0.945068
vt 0.960693 0.330078
vt 0.975098 0.330078
vt 0.975098 0.362793
vt 0.960693 0.362793
vt 0.660400 0.981689
vt 0.651367 0.993896
vt 0.636963 0.989258
vt 0.651123 0.968506
vt 0.636963 0.970703
vt 0.069336 0.977295
vt 0.069092 0.944580
vt 0.082031 0.977783
vt 0.081787 0.945068
vt 0.094727 0.972168
vt 0.094727 0.944580
vt 0.620850 0.962158
vt 0.633789 0.974365
vt 0.620850 0.981934
vt 0.598145 0.115967
vt 0.598145 0.088135
vt 0.605713 0.101318
vt 0.624268 0.073486
vt 0.608643 0.072998
vt 0.619141 0.032959
vt 0.609619 0.033691
vt 0.608643 0.000977
vt 0.921875 0.363525
vt 0.921875 0.409668
vt 0.910400 0.373779
vt 0.853760 0.895752
vt 0.853760 0.933838
vt 0.842529 0.930176
vt 0.293213 0.354004
vt 0.291992 0.391602
vt 0.275146 0.384521
vt 0.273682 0.356689
vt 0.271484 0.336426
vt 0.289795 0.333252
vt 0.246826 0.285400
vt 0.265625 0.274414
vt 0.222656 0.221191
vt 0.205322 0.235107
vt 0.197510 0.218750
vt 0.218018 0.211670
vt 0.201660 0.112793
vt 0.221924 0.117432
vt 0.229736 0.003906
vt 0.251465 0.000732
vt 0.588379 0.821777
vt 0.543701 0.802490
vt 0.559814 0.796631
vt 0.544678 0.765137
vt 0.561523 0.769287
vt 0.566650 0.749512
vt 0.549561 0.745361
vt 0.588379 0.692383
vt 0.917969 0.159424
vt 0.917969 0.121826
vt 0.935303 0.130127
vt 0.940430 0.165527
vt 0.795166 0.855469
vt 0.796387 0.892578
vt 0.784668 0.855469
vt 0.796387 0.835205
vt 0.786377 0.834473
vt 0.953857 0.379639
vt 0.953857 0.414795
vt 0.940186 0.384033
vt 0.143799 0.414307
vt 0.136475 0.387939
vt 0.161865 0.407227
vt 0.159668 0.385742
vt 0.156982 0.366699
vt 0.134521 0.367676
vt 0.147461 0.314209
vt 0.167236 0.319336
vt 0.177002 0.259033
vt 0.196533 0.267578
vt 0.202393 0.244629
vt 0.181152 0.241943
vt 0.169434 0.132324
vt 0.162354 0.151611
vt 0.151123 0.140137
vt 0.111572 0.018311
vt 0.093750 0.027588
vt 0.925537 0.375000
vt 0.937744 0.404053
vt 0.925537 0.410889
vt 0.234619 0.381592
vt 0.222656 0.372070
vt 0.245361 0.355225
vt 0.227295 0.351074
vt 0.232178 0.332520
vt 0.249512 0.335205
vt 0.237061 0.278564
vt 0.222656 0.282471
vt 0.296143 0.798340
vt 0.308105 0.797363
vt 0.308105 0.859131
vt 0.538818 0.180420
vt 0.532715 0.232178
vt 0.518066 0.174072
vt 0.540527 0.118652
vt 0.560303 0.127441
vt 0.542236 0.109131
vt 0.562988 0.110840
vt 0.518066 0.015625
vt 0.122803 0.552246
vt 0.109131 0.546387
vt 0.122803 0.479736
vt 0.574951 0.092773
vt 0.537354 0.032227
vt 0.588135 0.084961
vt 0.594971 0.109131
vt 0.579834 0.110596
vt 0.537354 0.210693
vt 0.056641 0.277588
vt 0.044678 0.175537
vt 0.058594 0.169189
vt 0.044678 0.052734
vt 0.092041 0.154541
vt 0.074707 0.245361
vt 0.074707 0.140625
vt 0.299561 0.323242
vt 0.286621 0.319580
vt 0.301270 0.303955
vt 0.425049 0.315186
vt 0.423828 0.334961
vt 0.429688 0.333252
vt 0.433838 0.330322
vt 0.448242 0.312500
vt 0.438477 0.303955
vt 0.194824 0.142822
vt 0.194824 0.010498
vt 0.208008 0.019775
vt 0.465576 0.958008
vt 0.450439 0.971191
vt 0.447021 0.960449
vt 0.448242 0.938477
vt 0.462646 0.938477
vt 0.017334 0.059570
vt 0.017334 0.070801
vt 0.015869 0.064697
vt 0.869873 0.633789
vt 0.853027 0.633789
vt 0.863770 0.616211
vt 0.197266 0.568359
vt 0.213379 0.577148
vt 0.199219 0.589600
vt 0.015381 0.589600
vt 0.018066 0.568848
vt 0.001465 0.577881
vt 0.194824 0.554688
vt 0.020508 0.555420
vt 0.581543 0.666748
vt 0.576904 0.683350
vt 0.402344 0.683350
vt 0.400879 0.701660
vt 0.578613 0.701660
vt 0.190674 0.194824
vt 0.172363 0.015625
vt 0.190674 0.010498
vt 0.156494 0.985840
vt 0.143311 0.990967
vt 0.142578 0.977295
vt 0.154785 0.969727
vt 0.166748 0.976807
vt 0.166748 0.995117
vt 0.583008 0.658936
vt 0.578857 0.647461
vt 0.583008 0.643311
vt 0.808350 0.139893
vt 0.805420 0.145508
vt 0.792236 0.142822
vt 0.808350 0.007080
vt 0.792236 0.000977
vt 0.060303 0.121094
vt 0.072021 0.128418
vt 0.072021 0.291748
vt 0.060303 0.298828
vt 0.071777 0.296387
vt 0.588379 0.706055
vt 0.588379 0.723145
vt 0.583496 0.709717
vt 0.494873 0.974121
vt 0.506592 0.967041
vt 0.505615 0.982910
vt 0.494873 0.992432
vt 0.519043 0.974365
vt 0.518799 0.988037
vt 0.951660 0.433350
vt 0.961914 0.432617
vt 0.948486 0.454590
vt 0.961914 0.457764
vt 0.956787 0.467041
vt 0.058594 0.024902
vt 0.077881 0.029297
vt 0.062988 0.047607
vt 0.135986 0.143799
vt 0.116455 0.152344
vt 0.146729 0.257080
vt 0.168701 0.256836
vt 0.144043 0.271484
vt 0.163086 0.279541
vt 0.114014 0.326416
vt 0.134277 0.332031
vt 0.122314 0.377441
vt 0.101074 0.379883
vt 0.103027 0.400146
vt 0.126221 0.398438
vt 0.128662 0.419434
vt 0.110107 0.427734
vt 0.049561 0.025146
vt 0.056885 0.037109
vt 0.043945 0.048584
vt 0.031006 0.037109
vt 0.024902 0.045654
vt 0.000732 0.163574
vt 0.019775 0.166260
vt 0.000732 0.269043
vt 0.019531 0.261230
vt 0.009766 0.284424
vt 0.022949 0.272217
vt 0.052979 0.333496
vt 0.069336 0.322510
vt 0.077881 0.383545
vt 0.096191 0.380371
vt 0.099854 0.400391
vt 0.081543 0.403564
vt 0.084473 0.430664
vt 0.102051 0.435547
vt 0.016113 0.014893
vt 0.000732 0.144043
vt 0.000732 0.011719
vt 0.408203 0.372070
vt 0.403564 0.391602
vt 0.285889 0.394775
vt 0.289062 0.413330
vt 0.180176 0.416504
vt 0.188965 0.397949
vt 0.230957 0.217529
vt 0.230957 0.090088
vt 0.245361 0.212891
vt 0.074219 0.278076
vt 0.104736 0.174072
vt 0.086426 0.284180
vt 0.119629 0.170898
vt 0.097168 0.157471
vt 0.109863 0.147705
vt 0.067383 0.094727
vt 0.053223 0.101318
vt 0.047363 0.048828
vt 0.805176 0.500977
vt 0.790039 0.505615
vt 0.792480 0.489990
vt 0.808350 0.488770
vt 0.791748 0.415527
vt 0.801514 0.415527
vt 0.790039 0.354492
vt 0.802246 0.353760
vt 0.037842 0.104004
vt 0.042725 0.118652
vt 0.031250 0.119141
vt 0.040283 0.189697
vt 0.027100 0.193604
vt 0.042725 0.256104
vt 0.081299 0.301514
vt 0.106689 0.248535
vt 0.099121 0.300537
vt 0.083008 0.321777
vt 0.071777 0.303223
vt 0.073975 0.323486
vt 0.101318 0.320801
vt 0.106689 0.348633
vt 0.090820 0.357422
vt 0.077393 0.474854
vt 0.077393 0.529541
vt 0.061768 0.519531
vt 0.907715 0.002197
vt 0.922363 0.001221
vt 0.924561 0.021484
vt 0.907715 0.023682
vt 0.909424 0.044434
vt 0.923096 0.049316
vt 0.374512 0.838379
vt 0.370361 0.809082
vt 0.382324 0.807861
vt 0.384277 0.837891
vt 0.384277 0.879639
vt 0.366211 0.880371
vt 0.906250 0.134521
vt 0.915283 0.121338
vt 0.915283 0.173340
vt 0.874268 0.923828
vt 0.876465 0.959229
vt 0.860107 0.929443
vt 0.859375 0.959229
vt 0.521240 0.917725
vt 0.521240 0.869629
vt 0.532227 0.882324
vt 0.675537 0.923096
vt 0.675537 0.884766
vt 0.685791 0.919678
vt 0.924805 0.202393
vt 0.918213 0.163086
vt 0.937256 0.170410
vt 0.944336 0.205566
vt 0.944580 0.194092
vt 0.918213 0.188965
vt 0.564697 0.103516
vt 0.572266 0.092529
vt 0.572266 0.121338
vt 0.160156 0.086670
vt 0.141846 0.073242
vt 0.145752 0.067383
vt 0.160156 0.064697
vt 0.340332 0.483154
vt 0.346924 0.483154
vt 0.346436 0.497559
vt 0.402344 0.969238
vt 0.389404 0.964844
vt 0.402344 0.936523
vt 0.389404 0.936035
vt 0.414795 0.937012
vt 0.414795 0.969971
vt 0.779053 0.973389
vt 0.779053 0.989502
vt 0.763672 0.993896
vt 0.764160 0.969238
vt 0.755127 0.981445
vt 0.936035 0.979980
vt 0.945801 0.967285
vt 0.959229 0.988525
vt 0.959229 0.967773
vt 0.944580 0.992432
vt 0.962158 0.880371
vt 0.962158 0.847656
vt 0.976562 0.847656
vt 0.976562 0.880371
vt 0.925781 0.943604
vt 0.925781 0.976562
vt 0.910645 0.976562
vt 0.910645 0.943604
vt 0.905518 0.965332
vt 0.090820 0.496582
vt 0.079346 0.500244
vt 0.079346 0.479980
vt 0.416016 0.336670
vt 0.427002 0.337402
vt 0.416260 0.357422
vt 0.426270 0.357422
vt 0.922852 0.460205
vt 0.943848 0.453369
vt 0.922852 0.480225
vt 0.953857 0.466797
vt 0.952148 0.483154
vt 0.941895 0.490967
vt 0.273682 0.634766
vt 0.273682 0.607178
vt 0.294922 0.637695
vt 0.287842 0.601562
vt 0.299072 0.607910
vt 0.302734 0.623779
vt 0.181396 0.785645
vt 0.170898 0.796387
vt 0.170898 0.775879
vt 0.181152 0.772949
vt 0.843018 0.989990
vt 0.832764 0.986572
vt 0.832764 0.970703
vt 0.843018 0.973145
vt 0.928467 0.117432
vt 0.920898 0.114258
vt 0.920898 0.098145
vt 0.928467 0.101318
vt 0.058594 0.418213
vt 0.058594 0.430908
vt 0.048340 0.417969
vt 0.048340 0.430664
vt 0.935303 0.028076
vt 0.935303 0.010986
vt 0.943115 0.009521
vt 0.943115 0.026367
vt 0.931641 0.120361
vt 0.934326 0.103760
vt 0.940918 0.133301
vt 0.943848 0.096680
vt 0.963135 0.105469
vt 0.963135 0.127197
vt 0.956543 0.863525
vt 0.946045 0.865723
vt 0.956543 0.846680
vt 0.946045 0.849854
vt 0.926514 0.355713
vt 0.938721 0.344238
vt 0.956543 0.352783
vt 0.956543 0.372559
vt 0.926025 0.372803
vt 0.954834 0.376465
vt 0.934082 0.381592
vt 0.076416 0.414062
vt 0.065674 0.414795
vt 0.065674 0.394043
vt 0.077393 0.396240
vt 0.522705 0.149414
vt 0.519531 0.135254
vt 0.531006 0.135254
vt 0.051025 0.022461
vt 0.051025 0.010498
vt 0.061279 0.010742
vt 0.061279 0.022705
vt 0.691162 0.917725
vt 0.690918 0.935791
vt 0.679688 0.929443
vt 0.679688 0.933594
vt 0.680664 0.951416
vt 0.691162 0.953857
vt 0.630127 0.195557
vt 0.642090 0.197998
vt 0.612549 0.206787
vt 0.638184 0.184570
vt 0.647705 0.188477
vt 0.648438 0.019531
vt 0.638916 0.020996
vt 0.640381 0.007568
vt 0.630127 0.009766
vt 0.612549 0.000977
vt 0.237549 0.378418
vt 0.249512 0.371826
vt 0.249512 0.393555
vt 0.238525 0.583008
vt 0.238525 0.559082
vt 0.250000 0.579834
vt 0.256104 0.553955
vt 0.710449 0.182373
vt 0.733398 0.181885
vt 0.733643 0.345703
vt 0.710449 0.345703
vt 0.710449 0.357178
vt 0.733398 0.357422
vt 0.695801 0.442871
vt 0.531738 0.442871
vt 0.521240 0.431641
vt 0.707031 0.431641
vt 0.707031 0.236084
vt 0.521240 0.236084
vt 0.012939 0.637207
vt 0.181641 0.637207
vt 0.181396 0.651611
vt 0.194092 0.639160
vt 0.194824 0.651855
vt 0.012695 0.651611
vt 0.003662 0.638184
vt 0.001953 0.651123
vt 0.013184 0.685547
vt 0.181885 0.685547
vt 0.182373 0.693604
vt 0.013672 0.693604
vt 0.322754 0.530762
vt 0.339844 0.528809
vt 0.338623 0.552246
vt 0.142090 0.552246
vt 0.133789 0.541992
vt 0.348877 0.507568
vt 0.349609 0.520264
vt 0.336670 0.480713
vt 0.330322 0.473389
vt 0.291992 0.470703
vt 0.240723 0.471924
vt 0.189453 0.476562
vt 0.125488 0.506592
vt 0.128418 0.496582
vt 0.141602 0.487793
vt 0.336182 0.614502
vt 0.325684 0.624268
vt 0.306885 0.604736
vt 0.314453 0.591309
vt 0.299072 0.599121
vt 0.306396 0.586426
vt 0.297852 0.583984
vt 0.261475 0.585205
vt 0.262451 0.600342
vt 0.213135 0.589600
vt 0.214600 0.605469
vt 0.166016 0.597900
vt 0.167969 0.613037
vt 0.126465 0.624268
vt 0.557617 0.666992
vt 0.379883 0.666992
vt 0.394775 0.642822
vt 0.565674 0.656494
vt 0.625977 0.447510
vt 0.637695 0.452393
vt 0.637695 0.638184
vt 0.626709 0.643066
vt 0.588867 0.643066
vt 0.589600 0.447510
vt 0.579590 0.639893
vt 0.580322 0.450684
vt 0.517578 0.232422
vt 0.517578 0.421875
vt 0.496338 0.452148
vt 0.509277 0.451416
vt 0.467285 0.440918
vt 0.459717 0.435059
vt 0.453857 0.395508
vt 0.451904 0.344238
vt 0.454102 0.292236
vt 0.480225 0.225586
vt 0.463135 0.244141
vt 0.470459 0.229248
vt 0.789795 0.641602
vt 0.779541 0.648438
vt 0.773438 0.616943
vt 0.761230 0.621094
vt 0.757568 0.612061
vt 0.768555 0.608398
vt 0.756104 0.603760
vt 0.759766 0.570801
vt 0.771729 0.573730
vt 0.766846 0.528076
vt 0.779541 0.531738
vt 0.777100 0.488037
vt 0.789795 0.491455
vt 0.351562 0.469727
vt 0.358398 0.469727
vt 0.350830 0.638672
vt 0.357910 0.638672
vt 0.395752 0.469727
vt 0.395020 0.638672
vt 0.446777 0.469971
vt 0.446045 0.638916
vt 0.498779 0.470215
vt 0.498047 0.639160
vt 0.547607 0.646729
vt 0.548340 0.460938
vt 0.562988 0.459473
vt 0.562988 0.648438
vt 0.103516 0.474121
vt 0.115967 0.474121
vt 0.106934 0.513672
vt 0.723389 0.632324
vt 0.739014 0.444092
vt 0.739014 0.629883
vt 0.724365 0.442627
vt 0.639648 0.449219
vt 0.639648 0.626953
vt 0.194824 0.392334
vt 0.193848 0.378662
vt 0.216064 0.387695
vt 0.220215 0.375000
vt 0.193848 0.294189
vt 0.208008 0.287354
vt 0.218262 0.284668
vt 0.205811 0.241211
vt 0.666992 0.186768
vt 0.653564 0.172363
vt 0.651123 0.159424
vt 0.666992 0.000977
vt 0.651123 0.025879
vt 0.653564 0.013672
vt 0.656006 0.005859
vt 0.518066 0.724609
vt 0.531006 0.723877
vt 0.519531 0.742188
vt 0.531006 0.739746
vt 0.519531 0.822510
vt 0.382080 0.742188
vt 0.384521 0.724609
vt 0.387695 0.822510
vt 0.389404 0.867188
vt 0.372559 0.723877
vt 0.364014 0.738281
vt 0.364746 0.722168
vt 0.519043 0.867188
vt 0.531006 0.821045
vt 0.530273 0.866455
vt 0.125488 0.293457
vt 0.112061 0.290771
vt 0.125244 0.277344
vt 0.105713 0.276123
vt 0.125488 0.189453
vt 0.117188 0.184814
vt 0.538086 0.214111
vt 0.589355 0.140381
vt 0.551758 0.226807
vt 0.602783 0.151367
vt 0.614502 0.101074
vt 0.627686 0.110840
vt 0.608398 0.158936
vt 0.622803 0.089600
vt 0.635010 0.099121
vt 0.538086 0.028076
vt 0.549072 0.018799
vt 0.362549 0.705078
vt 0.540283 0.720459
vt 0.362549 0.720459
vt 0.540283 0.705078
vt 0.787109 0.476562
vt 0.773682 0.484375
vt 0.767822 0.430664
vt 0.786621 0.425537
vt 0.771973 0.417969
vt 0.786133 0.416016
vt 0.787109 0.406494
vt 0.768311 0.404785
vt 0.769775 0.365723
vt 0.785645 0.361572
vt 0.773682 0.354004
vt 0.784912 0.351562
vt 0.348145 0.588379
vt 0.333984 0.582275
vt 0.348145 0.533691
vt 0.919678 0.346680
vt 0.923096 0.360596
vt 0.913086 0.362549
vt 0.911133 0.348633
vt 0.890137 0.357666
vt 0.890137 0.405518
vt 0.893311 0.347412
vt 0.740479 0.002686
vt 0.789795 0.000977
vt 0.789795 0.178711
vt 0.740479 0.177246
vt 0.731445 0.008301
vt 0.731445 0.173340
vt 0.722412 0.177246
vt 0.722412 0.002686
vt 0.678955 0.176758
vt 0.678955 0.003662
vt 0.669189 0.010986
vt 0.669189 0.171143
vt 0.773926 0.805664
vt 0.773193 0.680176
vt 0.787598 0.678467
vt 0.772461 0.670410
vt 0.786133 0.667725
vt 0.822510 0.678223
vt 0.821777 0.667725
vt 0.788330 0.807129
vt 0.823242 0.806152
vt 0.772461 0.821289
vt 0.786133 0.824463
vt 0.149902 0.156982
vt 0.162842 0.161621
vt 0.160889 0.176025
vt 0.151367 0.176025
vt 0.790771 0.832520
vt 0.789551 0.815186
vt 0.824951 0.808594
vt 0.827881 0.824951
vt 0.840576 0.822998
vt 0.839111 0.807129
vt 0.826416 0.704346
vt 0.840576 0.706055
vt 0.161377 0.769043
vt 0.159912 0.780273
vt 0.143066 0.784424
vt 0.018799 0.784424
vt 0.001221 0.769043
vt 0.009277 0.781250
vt 0.693604 0.195801
vt 0.695312 0.231445
vt 0.672119 0.233398
vt 0.672119 0.191895
vt 0.690918 0.182129
vt 0.676270 0.180420
vt 0.699219 0.180176
vt 0.703125 0.193848
vt 0.138672 0.062012
vt 0.138672 0.023682
vt 0.154785 0.021973
vt 0.154785 0.062744
vt 0.880859 0.655273
vt 0.919189 0.655273
vt 0.919189 0.717773
vt 0.881592 0.717773
vt 0.557617 0.885254
vt 0.557617 0.822998
vt 0.573730 0.819580
vt 0.573730 0.888428
vt 0.896484 0.566895
vt 0.880371 0.563965
vt 0.896484 0.498291
vt 0.880371 0.501465
vt 0.876953 0.118652
vt 0.877686 0.049805
vt 0.917725 0.118652
vt 0.917725 0.049805
vt 0.428467 0.002197
vt 0.444336 0.001221
vt 0.428467 0.039795
vt 0.444336 0.041260
vt 0.537109 0.973145
vt 0.537109 0.946045
vt 0.564209 0.976562
vt 0.564209 0.942871
vt 0.979248 0.662842
vt 0.979248 0.689697
vt 0.970459 0.689697
vt 0.970459 0.662598
vt 0.979248 0.038086
vt 0.979248 0.065430
vt 0.970459 0.065186
vt 0.970459 0.038086
vt 0.968994 0.714600
vt 0.977783 0.714600
vt 0.977783 0.741699
vt 0.968994 0.741699
vt 0.969971 0.208008
vt 0.969971 0.241455
vt 0.961182 0.241455
vt 0.961182 0.208008
vt 0.103516 0.973389
vt 0.103516 0.946289
vt 0.130859 0.976562
vt 0.130859 0.942871
vt 0.810547 0.086914
vt 0.834229 0.129395
vt 0.811035 0.129395
vt 0.835205 0.086914
vt 0.831787 0.082764
vt 0.813477 0.083008
vt 0.832031 0.012451
vt 0.812988 0.012451
vt 0.833740 0.001465
vt 0.810791 0.001465
vt 0.044678 0.616455
vt 0.047607 0.593506
vt 0.069336 0.620361
vt 0.069336 0.592285
vt 0.943604 0.632324
vt 0.918945 0.632324
vt 0.918213 0.589844
vt 0.944580 0.589844
vt 0.226074 0.933838
vt 0.197998 0.933838
vt 0.197998 0.891357
vt 0.226807 0.891357
vt 0.223389 0.887451
vt 0.378418 0.929932
vt 0.356934 0.929932
vt 0.356445 0.887451
vt 0.378906 0.887451
vt 0.376465 0.883789
vt 0.142822 0.160156
vt 0.142822 0.137451
vt 0.148193 0.157715
vt 0.147705 0.139648
vt 0.005371 0.674072
vt 0.005371 0.689697
vt 0.000977 0.687012
vt 0.127686 0.021484
vt 0.132080 0.023926
vt 0.127686 0.043945
vt 0.249023 0.883057
vt 0.232178 0.882568
vt 0.253418 0.812988
vt 0.234863 0.812256
vt 0.232178 0.800781
vt 0.256348 0.801758
vt 0.262695 0.798584
vt 0.853760 0.484375
vt 0.854004 0.413818
vt 0.877197 0.484375
vt 0.877197 0.413818
vt 0.880371 0.402588
vt 0.850830 0.402588
vt 0.555664 0.823486
vt 0.555176 0.893799
vt 0.534668 0.893799
vt 0.534912 0.823486
vt 0.559082 0.812256
vt 0.531982 0.812256
vt 0.934082 0.008301
vt 0.932617 0.031494
vt 0.927734 0.001709
vt 0.964600 0.001709
vt 0.928467 0.038574
vt 0.959717 0.034668
vt 0.948486 0.706055
vt 0.946045 0.676514
vt 0.952637 0.708496
vt 0.952637 0.673096
vt 0.941650 0.639648
vt 0.944824 0.635742
vt 0.944824 0.671143
vt 0.963135 0.635742
vt 0.963135 0.671143
vt 0.960449 0.290039
vt 0.960449 0.326904
vt 0.942139 0.326904
vt 0.942139 0.290039
vt 0.963135 0.545166
vt 0.963135 0.580322
vt 0.944824 0.580322
vt 0.944824 0.545166
vt 0.942139 0.925049
vt 0.960449 0.925049
vt 0.942139 0.961914
vt 0.960449 0.961914
vt 0.963135 0.492676
vt 0.963135 0.529541
vt 0.927979 0.493652
vt 0.926270 0.528809
vt 0.532227 0.752686
vt 0.538574 0.751953
vt 0.532471 0.762207
vt 0.539062 0.763184
vt 0.532715 0.741211
vt 0.539062 0.739746
vt 0.974121 0.708252
vt 0.974121 0.696289
vt 0.985352 0.713623
vt 0.994629 0.695801
vt 0.984131 0.689697
vt 0.995117 0.708252
vt 0.031006 0.022461
vt 0.030273 0.010986
vt 0.037354 0.022705
vt 0.037354 0.009766
vt 0.088867 0.033447
vt 0.081787 0.032715
vt 0.082275 0.021973
vt 0.089355 0.022705
vt 0.088135 0.010742
vt 0.081787 0.010742
vt 0.848877 0.112061
vt 0.838135 0.105225
vt 0.849609 0.108398
vt 0.841309 0.103516
vt 0.838379 0.092529
vt 0.841309 0.093750
vt 0.857178 0.103271
vt 0.860596 0.105713
vt 0.856934 0.094238
vt 0.860596 0.091797
vt 0.849365 0.089600
vt 0.046631 0.010742
vt 0.046631 0.022705
vt 0.040283 0.022705
vt 0.040283 0.009766
vt 0.046631 0.368164
vt 0.050781 0.380615
vt 0.043945 0.370605
vt 0.046143 0.379395
vt 0.043945 0.389648
vt 0.837891 0.407959
vt 0.836914 0.399902
vt 0.845703 0.399902
vt 0.844971 0.409424
vt 0.837646 0.416260
vt 0.843994 0.417480
vt 0.072510 0.011719
vt 0.073486 0.020508
vt 0.063721 0.021240
vt 0.063721 0.010010
vt 0.805420 0.441650
vt 0.805664 0.434326
vt 0.815186 0.441650
vt 0.814453 0.433594
vt 0.806641 0.425537
vt 0.813721 0.424072
vt 0.533691 0.446045
vt 0.533691 0.456543
vt 0.523682 0.461670
vt 0.514648 0.446289
vt 0.514648 0.456787
vt 0.523926 0.441406
vt 0.062988 0.066895
vt 0.069336 0.066895
vt 0.062256 0.076660
vt 0.069336 0.077393
vt 0.918945 0.482422
vt 0.924561 0.488037
vt 0.900391 0.484863
vt 0.906006 0.482422
vt 0.900391 0.541504
vt 0.924561 0.541748
vt 0.020508 0.389404
vt 0.007812 0.389404
vt 0.021240 0.302490
vt 0.007812 0.301514
vt 0.002197 0.389648
vt 0.002197 0.301758
vt 0.252441 0.389648
vt 0.252441 0.312988
vt 0.259033 0.315674
vt 0.260254 0.388428
vt 0.497559 0.956055
vt 0.498535 0.942627
vt 0.501709 0.937256
vt 0.501709 0.961914
vt 0.310791 0.883057
vt 0.310791 0.799805
vt 0.366943 0.796631
vt 0.364502 0.883057
vt 0.983154 0.338867
vt 0.972168 0.317627
vt 0.983154 0.313477
vt 0.354980 0.943115
vt 0.330078 0.935303
vt 0.352295 0.887207
vt 0.330078 0.892822
vt 0.330566 0.885498
vt 0.305420 0.931152
vt 0.309082 0.887207
vt 0.305420 0.894287
vt 0.687012 0.981689
vt 0.674805 0.983154
vt 0.676514 0.960938
vt 0.687012 0.956543
vt 0.861328 0.311523
vt 0.837158 0.312256
vt 0.837158 0.225830
vt 0.858887 0.223633
vt 0.879639 0.277100
vt 0.880371 0.224609
vt 0.010742 0.482910
vt 0.001953 0.562988
vt 0.001953 0.474854
vt 0.058594 0.475098
vt 0.053955 0.482910
vt 0.864502 0.789062
vt 0.842773 0.791016
vt 0.862305 0.735840
vt 0.842773 0.710693
vt 0.048584 0.941895
vt 0.050293 0.906738
vt 0.080078 0.941895
vt 0.081299 0.912598
vt 0.045410 0.899170
vt 0.888184 0.338623
vt 0.897705 0.285889
vt 0.897949 0.344238
vt 0.933838 0.285889
vt 0.934570 0.344238
vt 0.941895 0.338623
vt 0.374268 0.996582
vt 0.374268 0.970947
vt 0.398926 0.971680
vt 0.398926 0.996338
vt 0.965576 0.441406
vt 0.964600 0.416504
vt 0.987305 0.413086
vt 0.987305 0.444336
vt 0.970459 0.754883
vt 0.992432 0.754639
vt 0.992432 0.780273
vt 0.970459 0.780518
vt 0.962891 0.989990
vt 0.962891 0.958740
vt 0.988525 0.958740
vt 0.988525 0.989990
vt 0.178467 0.420898
vt 0.200195 0.419922
vt 0.178467 0.445557
vt 0.200195 0.445312
vt 0.981934 0.493652
vt 0.959473 0.490234
vt 0.981934 0.462402
vt 0.960205 0.465332
vt 0.852539 0.834229
vt 0.840820 0.828857
vt 0.850586 0.812256
vt 0.840576 0.842529
vt 0.866455 0.879150
vt 0.880371 0.874268
vt 0.880371 0.802979
vt 0.872314 0.794189
vt 0.114746 0.925293
vt 0.114502 0.942871
vt 0.087646 0.925781
vt 0.087402 0.943115
vt 0.114502 0.897461
vt 0.087402 0.897949
vt 0.295654 0.384277
vt 0.295654 0.373047
vt 0.322754 0.384277
vt 0.322754 0.373047
vt 0.295654 0.328125
vt 0.322754 0.328125
vt 0.865234 0.019531
vt 0.875000 0.036133
vt 0.863281 0.041748
vt 0.875244 0.050049
vt 0.835449 0.010498
vt 0.843506 0.001465
vt 0.835449 0.081787
vt 0.849365 0.086670
vt 0.272217 0.555664
vt 0.272217 0.583008
vt 0.257568 0.583008
vt 0.257568 0.555664
vt 0.673828 0.935303
vt 0.646484 0.935059
vt 0.646484 0.886475
vt 0.673828 0.886475
vt 0.352295 0.370850
vt 0.324951 0.370850
vt 0.324951 0.330811
vt 0.352295 0.330811
vt 0.980469 0.393555
vt 0.968506 0.393555
vt 0.980469 0.366211
vt 0.968506 0.366211
vt 0.496338 0.181396
vt 0.484131 0.041748
vt 0.484131 0.020264
vt 0.496338 0.019287
vt 0.456787 0.044189
vt 0.456787 0.017090
vt 0.357910 0.655518
vt 0.362793 0.795166
vt 0.183594 0.795166
vt 0.188232 0.655518
vt 0.590332 0.808350
vt 0.590332 0.645996
vt 0.769775 0.645996
vt 0.769775 0.808350
vt 0.001953 0.697021
vt 0.181396 0.697021
vt 0.176514 0.708984
vt 0.006836 0.708984
vt 0.176514 0.736328
vt 0.006836 0.736328
vt 0.166748 0.442871
vt 0.004395 0.442871
vt 0.026611 0.430908
vt 0.004883 0.430908
vt 0.029053 0.403564
vt 0.001709 0.403564
vt 0.001221 0.738525
vt 0.170654 0.738525
vt 0.170654 0.765869
vt 0.000977 0.765869
vt 0.765869 0.352295
vt 0.738525 0.352295
vt 0.738525 0.182373
vt 0.765869 0.182373
vt 0.851074 0.644287
vt 0.825439 0.642822
vt 0.825439 0.537354
vt 0.851074 0.534912
vt 0.087402 0.893799
vt 0.085938 0.788086
vt 0.166748 0.788086
vt 0.166016 0.893799
vt 0.267822 0.878906
vt 0.267822 0.798096
vt 0.293457 0.880371
vt 0.293457 0.797363
vt 0.825439 0.530029
vt 0.825439 0.424316
vt 0.851074 0.422607
vt 0.851074 0.532227
vt 0.710938 0.438721
vt 0.710938 0.360107
vt 0.736328 0.440186
vt 0.736328 0.359375
vt 0.085449 0.896484
vt 0.002197 0.896484
vt 0.083740 0.786865
vt 0.002930 0.786865
vt 0.295166 0.860596
vt 0.296387 0.854736
vt 0.300049 0.854980
vt 0.295166 0.841553
vt 0.300049 0.841553
vt 0.299805 0.836914
vt 0.295410 0.836182
vt 0.042725 0.105469
vt 0.036377 0.100342
vt 0.042725 0.097412
vt 0.361572 0.984131
vt 0.362793 0.989990
vt 0.358154 0.984131
vt 0.354736 0.989746
vt 0.362793 0.970947
vt 0.355225 0.983887
vt 0.358398 0.970459
vt 0.353516 0.970459
vt 0.358643 0.965820
vt 0.353760 0.965576
vt 0.828369 0.677734
vt 0.823730 0.672119
vt 0.828125 0.671875
vt 0.822998 0.658447
vt 0.829834 0.658447
vt 0.829834 0.653809
vt 0.822998 0.653809
vt 0.119629 0.028076
vt 0.120361 0.022461
vt 0.124023 0.026611
vt 0.124023 0.021240
vt 0.115967 0.081787
vt 0.115967 0.088135
vt 0.110107 0.080566
vt 0.110107 0.086914
vt 0.053955 0.041992
vt 0.058594 0.039307
vt 0.058594 0.045410
vt 0.035400 0.031982
vt 0.035400 0.026367
vt 0.038330 0.029297
vt 0.038574 0.026123
vt 0.021240 0.046631
vt 0.021240 0.052002
vt 0.018799 0.048828
vt 0.115967 0.098633
vt 0.115967 0.092041
vt 0.120117 0.095459
vt 0.120117 0.092041
vt 0.022949 0.042725
vt 0.022949 0.037842
vt 0.025879 0.041260
vt 0.026611 0.036865
vt 0.060059 0.063965
vt 0.057129 0.066650
vt 0.057129 0.062256
vt 0.054199 0.024658
vt 0.057373 0.024658
vt 0.054199 0.028076
vt 0.664795 0.970703
vt 0.656494 0.971191
vt 0.656494 0.938232
vt 0.668213 0.940186
vt 0.678955 0.954346
vt 0.445557 0.417236
vt 0.445557 0.424072
vt 0.418457 0.424072
vt 0.445557 0.445557
vt 0.240479 0.424072
vt 0.214111 0.417236
vt 0.214111 0.445557
vt 0.214111 0.424072
vt 0.467041 0.449707
vt 0.466064 0.467529
vt 0.235596 0.468262
vt 0.235596 0.449707
vt 0.197754 0.641846
vt 0.385498 0.641846
vt 0.383545 0.653809
vt 0.197266 0.653076
vt 0.233398 0.447998
vt 0.003662 0.470947
vt 0.001953 0.447998
vt 0.232666 0.470947
vt 0.975098 0.003174
vt 0.975098 0.036133
vt 0.966797 0.035400
vt 0.963867 0.004395
vt 0.952637 0.019043
vt 0.592285 0.952393
vt 0.592285 0.984619
vt 0.568359 0.984375
vt 0.568359 0.952148
vt 0.693359 0.972900
vt 0.693359 0.940186
vt 0.720215 0.940430
vt 0.720459 0.973877
vt 0.361572 0.696289
vt 0.361572 0.669678
vt 0.385498 0.669678
vt 0.385498 0.696289
vt 0.847168 0.992432
vt 0.847168 0.966309
vt 0.871094 0.992432
vt 0.871094 0.966064
vt 0.879150 0.944580
vt 0.903076 0.944580
vt 0.879150 0.977783
vt 0.903076 0.977783
vt 0.468018 0.937744
vt 0.494873 0.937500
vt 0.494873 0.970215
vt 0.467773 0.971191
vt 0.750977 0.939209
vt 0.750977 0.972656
vt 0.723877 0.971436
vt 0.723877 0.938721
vt 0.216064 0.993896
vt 0.216064 0.967529
vt 0.240234 0.967529
vt 0.240234 0.993896
vt 0.273438 0.979248
vt 0.249512 0.979248
vt 0.273438 0.946045
vt 0.249512 0.946045
vt 0.444336 0.971436
vt 0.416992 0.972656
vt 0.417236 0.939209
vt 0.444336 0.938721
vt 0.618896 0.953613
vt 0.618896 0.985840
vt 0.594971 0.953369
vt 0.594971 0.985596
vt 0.807129 0.964600
vt 0.831055 0.964600
vt 0.807129 0.991211
vt 0.831055 0.991211
vt 0.927246 0.280029
vt 0.927246 0.257812
vt 0.944580 0.251221
vt 0.956543 0.259033
vt 0.959229 0.273438
vt 0.946777 0.288086
vt 0.927246 0.805664
vt 0.908691 0.803711
vt 0.908691 0.781982
vt 0.926758 0.784668
vt 0.286133 0.554688
vt 0.306885 0.559326
vt 0.286621 0.579102
vt 0.306885 0.584229
vt 0.203613 0.936035
vt 0.221436 0.942871
vt 0.221436 0.963867
vt 0.191650 0.943359
vt 0.188965 0.957031
vt 0.201660 0.971191
vt 0.254883 0.625244
vt 0.254883 0.604004
vt 0.270752 0.609619
vt 0.270752 0.631104
vt 0.943115 0.675537
vt 0.942383 0.692139
vt 0.922607 0.680664
vt 0.921143 0.697021
vt 0.922607 0.713623
vt 0.943115 0.708740
vt 0.215820 0.578857
vt 0.215820 0.555908
vt 0.236084 0.562500
vt 0.236084 0.585693
vt 0.876465 0.671631
vt 0.879150 0.681885
vt 0.864746 0.683105
vt 0.866211 0.672363
vt 0.867676 0.661865
vt 0.876465 0.661621
vt 0.874023 0.645264
vt 0.882080 0.645996
vt 0.874512 0.631592
vt 0.883057 0.631348
vt 0.878662 0.617676
vt 0.871582 0.622559
vt 0.869873 0.608887
vt 0.864746 0.614746
vt 0.334229 0.585449
vt 0.346924 0.593018
vt 0.334229 0.600342
vt 0.467041 0.016357
vt 0.466553 0.001953
vt 0.476807 0.013916
vt 0.476807 0.004150
vt 0.487305 0.013184
vt 0.486816 0.004150
vt 0.500244 0.004883
vt 0.500977 0.012939
vt 0.515869 0.012939
vt 0.501709 0.218750
vt 0.515625 0.218750
vt 0.514404 0.004883
vt 0.528809 0.004883
vt 0.527832 0.012939
vt 0.538574 0.012939
vt 0.539551 0.005127
vt 0.543213 0.016357
vt 0.544189 0.001953
vt 0.554932 0.001953
vt 0.554199 0.017090
vt 0.146484 0.931641
vt 0.149414 0.922607
vt 0.161377 0.933838
vt 0.160156 0.923828
vt 0.159180 0.913818
vt 0.151123 0.912842
vt 0.154785 0.896973
vt 0.146484 0.896729
vt 0.002686 0.008057
vt 0.007568 0.001709
vt 0.208496 0.008057
vt 0.213379 0.001709
vt 0.577637 0.445312
vt 0.576904 0.650879
vt 0.564697 0.445557
vt 0.564697 0.651123
vt 0.271973 0.385254
vt 0.263672 0.385498
vt 0.263672 0.372559
vt 0.272217 0.374023
vt 0.006348 0.635010
vt 0.001465 0.627686
vt 0.207275 0.627686
vt 0.212158 0.635010
vt 0.106689 0.019043
vt 0.098145 0.020020
vt 0.106689 0.010986
vt 0.098145 0.010010
vt 0.003174 0.623047
vt 0.003418 0.610596
vt 0.010254 0.621338
vt 0.009766 0.611084
vt 0.002197 0.605713
vt 0.013428 0.605713
vt 0.014648 0.593506
vt 0.001709 0.593506
vt 0.020020 0.041260
vt 0.017090 0.048096
vt 0.017090 0.036377
vt 0.873291 0.699219
vt 0.864258 0.704346
vt 0.860596 0.699219
vt 0.859131 0.687012
vt 0.873779 0.687012
vt 0.106689 0.534912
vt 0.106689 0.549561
vt 0.093994 0.541016
vt 0.580322 0.001221
vt 0.597656 0.038330
vt 0.575439 0.040039
vt 0.591064 0.000977
vt 0.597656 0.005615
vt 0.968506 0.808838
vt 0.968506 0.844482
vt 0.943848 0.808594
vt 0.944580 0.844482
vt 0.988525 0.026611
vt 0.978027 0.026611
vt 0.978027 0.001709
vt 0.988525 0.001953
vt 0.401367 0.975098
vt 0.422852 0.975098
vt 0.422852 0.999268
vt 0.401367 0.999268
vt 0.947266 0.249512
vt 0.923096 0.249512
vt 0.922363 0.217529
vt 0.947021 0.217529
vt 0.922363 0.211426
vt 0.947266 0.211426
vt 0.938477 0.635010
vt 0.943115 0.673828
vt 0.920898 0.672119
vt 0.920898 0.639404
vt 0.927490 0.634766
vt 0.741211 0.525879
vt 0.757812 0.545654
vt 0.741211 0.545410
vt 0.757812 0.526123
vt 0.049316 0.260254
vt 0.049316 0.278809
vt 0.031006 0.260010
vt 0.031006 0.278564
vt 0.356689 0.961426
vt 0.356689 0.942871
vt 0.371826 0.968506
vt 0.371826 0.933350
vt 0.386963 0.959717
vt 0.385986 0.941162
vt 0.133057 0.959961
vt 0.133057 0.941650
vt 0.147949 0.934570
vt 0.147949 0.969971
vt 0.162842 0.943604
vt 0.162842 0.961914
vt 0.781738 0.978027
vt 0.800293 0.978271
vt 0.800537 0.996338
vt 0.781738 0.996582
vt 0.474121 0.993896
vt 0.474365 0.975098
vt 0.492188 0.974365
vt 0.492188 0.993896
vt 0.743164 0.993164
vt 0.724609 0.993896
vt 0.724609 0.974121
vt 0.743164 0.974365
vt 0.152100 0.436279
vt 0.135986 0.436279
vt 0.151611 0.416016
vt 0.135986 0.416992
vt 0.981445 0.885010
vt 0.962402 0.901367
vt 0.961914 0.885010
vt 0.981934 0.901367
vt 0.981445 0.916504
vt 0.961914 0.916504
vt 0.444336 0.994873
vt 0.425781 0.995117
vt 0.425781 0.975830
vt 0.444336 0.975586
vt 0.220947 0.628174
vt 0.222656 0.609131
vt 0.238770 0.604492
vt 0.233154 0.637695
vt 0.252197 0.611816
vt 0.252197 0.630371
vt 0.774414 0.969482
vt 0.772705 0.950195
vt 0.790771 0.973877
vt 0.785156 0.940674
vt 0.804443 0.966553
vt 0.804443 0.947998
vt 0.993896 0.343506
vt 0.993896 0.361572
vt 0.978027 0.342285
vt 0.978027 0.360352
vt 0.041260 0.977051
vt 0.041260 0.996338
vt 0.022217 0.996582
vt 0.022217 0.977051
vt 0.109375 0.976318
vt 0.109375 0.995117
vt 0.091064 0.994629
vt 0.091064 0.975830
vt 0.916504 0.641357
vt 0.916260 0.652344
vt 0.895508 0.652344
vt 0.895752 0.641357
vt 0.916260 0.629883
vt 0.895508 0.629883
vt 0.988525 0.560303
vt 0.967773 0.560303
vt 0.988525 0.551514
vt 0.967773 0.529053
vt 0.988525 0.529053
vt 0.794434 0.937012
vt 0.794434 0.905029
vt 0.804199 0.942871
vt 0.804443 0.899170
vt 0.815918 0.943115
vt 0.825928 0.937256
vt 0.816162 0.899414
vt 0.832520 0.927490
vt 0.826904 0.905762
vt 0.832031 0.916016
vt 0.017578 0.942627
vt 0.001709 0.926758
vt 0.029541 0.943115
vt 0.007324 0.937012
vt 0.001709 0.915527
vt 0.039795 0.937500
vt 0.007324 0.905273
vt 0.017578 0.899658
vt 0.045410 0.927246
vt 0.029541 0.898926
vt 0.045410 0.914795
vt 0.039062 0.905273
vt 0.987305 0.660400
vt 0.966309 0.660400
vt 0.987061 0.651855
vt 0.966309 0.651611
vt 0.987061 0.640381
vt 0.966309 0.640381
vt 0.987305 0.629395
vt 0.966309 0.629395
vt 0.332031 0.586914
vt 0.311279 0.586914
vt 0.332275 0.578613
vt 0.311279 0.578613
vt 0.332275 0.567383
vt 0.311279 0.567383
vt 0.332031 0.556152
vt 0.311279 0.556152
vt 0.364990 0.781250
vt 0.364990 0.764404
vt 0.377441 0.781738
vt 0.377441 0.764893
vt 0.833984 0.665527
vt 0.861572 0.639404
vt 0.869873 0.648193
vt 0.841797 0.679443
vt 0.830078 0.687744
vt 0.855713 0.724365
vt 0.869873 0.719482
vt 0.288086 0.973877
vt 0.276123 0.973877
vt 0.288086 0.946533
vt 0.276123 0.946533
vt 0.116943 0.896484
vt 0.144043 0.896240
vt 0.116943 0.924561
vt 0.144043 0.933594
vt 0.116699 0.941895
vt 0.037842 0.336426
vt 0.059326 0.354492
vt 0.029541 0.345215
vt 0.057617 0.376465
vt 0.069336 0.371094
vt 0.069336 0.384766
vt 0.029541 0.416504
vt 0.043701 0.421631
vt 0.355713 0.333496
vt 0.382812 0.333496
vt 0.382812 0.373535
vt 0.355713 0.373535
vt 0.913818 0.625000
vt 0.886475 0.629639
vt 0.886719 0.613770
vt 0.913818 0.613770
vt 0.886475 0.569092
vt 0.913818 0.568848
vt 0.168945 0.887695
vt 0.196045 0.887695
vt 0.196045 0.936523
vt 0.168945 0.936523
vt 0.112061 0.591797
vt 0.126709 0.591797
vt 0.112061 0.618896
vt 0.126709 0.618896
vt 0.249512 0.927246
vt 0.233398 0.887451
vt 0.249512 0.886475
vt 0.234131 0.925781
vt 0.783203 0.896484
vt 0.767090 0.893311
vt 0.783203 0.827881
vt 0.767090 0.831055
vt 0.920410 0.480225
vt 0.879639 0.480225
vt 0.919678 0.411377
vt 0.879639 0.411377
vt 0.572998 0.740234
vt 0.588379 0.736816
vt 0.588379 0.805664
vt 0.572266 0.802734
vt 0.033447 0.544189
vt 0.017578 0.543457
vt 0.033447 0.504150
vt 0.017578 0.505859
vt 0.882080 0.272217
vt 0.882080 0.209717
vt 0.920410 0.209717
vt 0.919678 0.272217
vt 0.928467 0.721191
vt 0.928467 0.774902
vt 0.904541 0.721191
vt 0.904541 0.777100
vt 0.922852 0.780518
vt 0.910156 0.780518
vt 0.869873 0.221436
vt 0.845703 0.220703
vt 0.869873 0.135010
vt 0.848389 0.132568
vt 0.827393 0.187012
vt 0.826660 0.133789
vt 0.171143 0.885010
vt 0.169189 0.798584
vt 0.224854 0.885742
vt 0.225830 0.802490
vt 0.230469 0.885742
vt 0.230713 0.798584
vt 0.189941 0.306885
vt 0.190674 0.394043
vt 0.177246 0.306885
vt 0.177246 0.394775
vt 0.525635 0.131836
vt 0.519287 0.132080
vt 0.519287 0.051514
vt 0.525635 0.051270
vt 0.769775 0.949707
vt 0.767334 0.963135
vt 0.767334 0.943848
vt 0.582031 0.829590
vt 0.586914 0.846436
vt 0.582031 0.852539
vt 0.719971 0.926514
vt 0.695557 0.936523
vt 0.695557 0.879639
vt 0.719971 0.937744
vt 0.741211 0.932129
vt 0.718018 0.885010
vt 0.744385 0.921387
vt 0.742676 0.884766
vt 0.168213 0.010742
vt 0.168213 0.098633
vt 0.160156 0.018799
vt 0.112061 0.010742
vt 0.115967 0.018799
vt 0.589600 0.912598
vt 0.569824 0.903809
vt 0.589600 0.855225
vt 0.253906 0.001465
vt 0.274902 0.052490
vt 0.253906 0.077393
vt 0.572998 0.947266
vt 0.572998 0.911621
vt 0.604248 0.920654
vt 0.604248 0.949951
vt 0.872559 0.919189
vt 0.867676 0.911621
vt 0.872559 0.880127
vt 0.294434 0.885010
vt 0.304199 0.937744
vt 0.293701 0.943115
vt 0.258545 0.885010
vt 0.256836 0.943115
vt 0.250488 0.937744
vt 0.855957 0.884521
vt 0.864258 0.881104
vt 0.865723 0.905273
vt 0.856201 0.905762
vt 0.855957 0.925781
vt 0.834717 0.379150
vt 0.833740 0.421631
vt 0.805908 0.421631
vt 0.806152 0.379150
vt 0.809082 0.375000
vt 0.831299 0.375000
vt 0.831787 0.305420
vt 0.808594 0.305420
vt 0.805664 0.293457
vt 0.835205 0.293457
vt 0.016602 0.621582
vt 0.016602 0.593506
vt 0.037598 0.593506
vt 0.042725 0.616211
vt 0.901367 0.048096
vt 0.880615 0.048096
vt 0.901855 0.005615
vt 0.879395 0.005615
vt 0.881836 0.001953
vt 0.945068 0.094727
vt 0.921875 0.094727
vt 0.945801 0.052246
vt 0.920898 0.052246
vt 0.943115 0.586914
vt 0.916748 0.586914
vt 0.943115 0.544678
vt 0.916748 0.544678
vt 0.126953 0.392334
vt 0.126953 0.371338
vt 0.132080 0.373535
vt 0.864502 0.400146
vt 0.841064 0.396240
vt 0.861816 0.396240
vt 0.839600 0.326660
vt 0.861328 0.326660
vt 0.836426 0.314941
vt 0.864502 0.314697
vt 0.261475 0.370850
vt 0.261475 0.348633
vt 0.266846 0.351318
vt 0.266602 0.367676
vt 0.181396 0.943115
vt 0.181396 0.963135
vt 0.178223 0.946533
vt 0.885742 0.400146
vt 0.868896 0.400146
vt 0.867676 0.330566
vt 0.886230 0.330811
vt 0.888428 0.318359
vt 0.865234 0.318359
vt 0.877197 0.569580
vt 0.858643 0.569580
vt 0.857910 0.500000
vt 0.877930 0.500000
vt 0.854736 0.488037
vt 0.880371 0.488037
vt 0.933838 0.718262
vt 0.937256 0.746338
vt 0.931152 0.749756
vt 0.967285 0.749756
vt 0.962891 0.742676
vt 0.967285 0.712891
vt 0.963379 0.719482
vt 0.931885 0.714355
vt 0.590820 0.187744
vt 0.594971 0.214355
vt 0.590820 0.217529
vt 0.950195 0.082764
vt 0.947021 0.078613
vt 0.949951 0.047607
vt 0.968506 0.082764
vt 0.968506 0.047607
vt 0.246826 0.928711
vt 0.246826 0.964600
vt 0.228271 0.928467
vt 0.228271 0.964600
vt 0.964600 0.582520
vt 0.964600 0.617676
vt 0.946045 0.582520
vt 0.946045 0.617676
vt 0.940918 0.909912
vt 0.940918 0.873047
vt 0.959229 0.909912
vt 0.959229 0.873047
vt 0.968506 0.789795
vt 0.933350 0.788330
vt 0.968506 0.752930
vt 0.932373 0.752930
vt 0.947998 0.206787
vt 0.947998 0.173096
vt 0.975098 0.176270
vt 0.973633 0.205078
vt 0.928955 0.971191
vt 0.928955 0.943848
vt 0.937744 0.971191
vt 0.937744 0.943848
vt 0.081299 0.593018
vt 0.081299 0.621582
vt 0.072510 0.621582
vt 0.072510 0.593018
vt 0.971680 0.839111
vt 0.971680 0.813477
vt 0.980469 0.839111
vt 0.980469 0.813477
vt 0.028076 0.974854
vt 0.000732 0.977783
vt 0.026611 0.946045
vt 0.000732 0.944336
vt 0.957031 0.378662
vt 0.965820 0.378662
vt 0.965820 0.412109
vt 0.957031 0.412109
vt 0.988525 0.310791
vt 0.962891 0.310791
vt 0.988525 0.279785
vt 0.962891 0.279541
vt 0.993896 0.784180
vt 0.993896 0.809814
vt 0.971436 0.809814
vt 0.970459 0.784180
vt 0.988525 0.114990
vt 0.966064 0.117432
vt 0.966064 0.086182
vt 0.987793 0.087646
vt 0.993896 0.233398
vt 0.972168 0.233398
vt 0.972168 0.207764
vt 0.993896 0.208008
vt 0.962646 0.918701
vt 0.985840 0.921143
vt 0.962646 0.949951
vt 0.984375 0.948242
vt 0.083740 0.593018
vt 0.109375 0.593018
vt 0.109375 0.620361
vt 0.083740 0.620361
vt 0.949219 0.230225
vt 0.957275 0.231934
vt 0.956055 0.253418
vt 0.957764 0.221191
vt 0.949219 0.218994
vt 0.884521 0.569824
vt 0.884033 0.594238
vt 0.876953 0.593262
vt 0.876465 0.598877
vt 0.879639 0.607178
vt 0.884521 0.607422
vt 0.882324 0.617676
vt 0.875244 0.607910
vt 0.870605 0.599609
vt 0.035645 0.536377
vt 0.035645 0.510254
vt 0.043945 0.511963
vt 0.035645 0.505371
vt 0.043945 0.505615
vt 0.753662 0.937988
vt 0.761719 0.962646
vt 0.753662 0.967773
vt 0.760986 0.969971
vt 0.105957 0.070557
vt 0.114746 0.073730
vt 0.105957 0.080078
vt 0.033691 0.385498
vt 0.024170 0.389648
vt 0.022949 0.380615
vt 0.031738 0.375000
vt 0.041260 0.375000
vt 0.032715 0.364990
vt 0.040527 0.361328
vt 0.027100 0.349121
vt 0.022949 0.354248
vt 0.984619 0.174072
vt 0.979492 0.177490
vt 0.975586 0.170654
vt 0.980957 0.164551
vt 0.974609 0.160645
vt 0.984619 0.155518
vt 0.979736 0.152100
vt 0.078613 0.011963
vt 0.075195 0.020020
vt 0.075195 0.009766
vt 0.031982 0.031006
vt 0.028564 0.033447
vt 0.028564 0.021484
vt 0.013916 0.061279
vt 0.013916 0.050049
vt 0.018799 0.053223
vt 0.041260 0.395020
vt 0.036621 0.397461
vt 0.036621 0.384277
vt 0.602539 0.060303
vt 0.605713 0.070801
vt 0.597412 0.060303
vt 0.598145 0.041992
vt 0.605713 0.043457
vt 0.545654 0.748535
vt 0.540527 0.747803
vt 0.546875 0.735107
vt 0.540527 0.731201
vt 0.876465 0.000977
vt 0.876465 0.018799
vt 0.866211 0.002197
vt 0.067139 0.089355
vt 0.067139 0.079346
vt 0.075928 0.088379
vt 0.075439 0.079834
vt 0.577637 0.216553
vt 0.577148 0.195312
vt 0.583740 0.197021
vt 0.588379 0.187744
vt 0.583984 0.182617
vt 0.592285 0.178955
vt 0.584717 0.213623
vt 0.592285 0.229736
vt 0.586182 0.233398
vt 0.853760 0.872314
vt 0.852295 0.893311
vt 0.847900 0.890869
vt 0.843018 0.909912
vt 0.837402 0.905273
vt 0.849365 0.873291
vt 0.847412 0.859375
vt 0.843750 0.863281
vt 0.842773 0.851318
vt 0.837402 0.856934
vt 0.563477 0.016357
vt 0.563477 0.003174
vt 0.569580 0.014893
vt 0.568848 0.000732
vt 0.567139 0.031982
vt 0.205566 0.554443
vt 0.205566 0.569580
vt 0.198486 0.559326
vt 0.172119 0.113281
vt 0.162598 0.112305
vt 0.172119 0.103760
vt 0.163574 0.103760
vt 0.210449 0.625732
vt 0.205078 0.610352
vt 0.213379 0.610352
vt 0.572266 0.230713
vt 0.566406 0.230469
vt 0.564941 0.221191
vt 0.572021 0.219482
vt 0.564453 0.212158
vt 0.572266 0.210449
vt 0.094727 0.034668
vt 0.094727 0.043945
vt 0.086426 0.039062
vt 0.062744 0.062744
vt 0.056641 0.056152
vt 0.062744 0.051270
vt 0.075195 0.101318
vt 0.075195 0.092285
vt 0.081055 0.099854
vt 0.081299 0.093018
vt 0.010254 0.077637
vt 0.014648 0.082275
vt 0.010254 0.086670
vt 0.014648 0.066650
vt 0.014648 0.075928
vt 0.011230 0.072021
vt 0.038574 0.084229
vt 0.042725 0.083984
vt 0.042725 0.093506
vt 0.038086 0.091553
vt 0.125488 0.115234
vt 0.125488 0.108398
vt 0.132080 0.115967
vt 0.132080 0.106445
vt 0.156250 0.100098
vt 0.155762 0.090332
vt 0.165527 0.100098
vt 0.165527 0.091064
vt 0.026611 0.034668
vt 0.016846 0.034180
vt 0.025635 0.026611
vt 0.019287 0.026855
vt 0.025879 0.017578
vt 0.018555 0.016846
vt 0.019043 0.011963
vt 0.026611 0.011963
vt 0.297363 0.885742
vt 0.298828 0.877686
vt 0.304199 0.885254
vt 0.303223 0.877930
vt 0.298340 0.868652
vt 0.303223 0.867920
vt 0.307861 0.877197
vt 0.308105 0.867920
vt 0.297363 0.863037
vt 0.302490 0.863037
vt 0.094727 0.054688
vt 0.094727 0.045898
vt 0.101318 0.048584
vt 0.101318 0.054688
vt 0.095947 0.010010
vt 0.095947 0.020020
vt 0.091064 0.019043
vt 0.090820 0.009766
vt 0.089355 0.109375
vt 0.082031 0.109375
vt 0.082031 0.104980
vt 0.089355 0.105469
vt 0.085449 0.101074
vt 0.105469 0.064697
vt 0.098877 0.065430
vt 0.098877 0.061523
vt 0.105469 0.060059
vt 0.101318 0.056885
vt 0.060303 0.113281
vt 0.062744 0.117432
vt 0.055908 0.116699
vt 0.055908 0.109375
vt 0.960449 0.735107
vt 0.940186 0.741699
vt 0.940186 0.718018
vt 0.183594 0.988525
vt 0.183594 0.961670
vt 0.201416 0.974121
vt 0.992432 0.176758
vt 0.992432 0.197998
vt 0.976318 0.201416
vt 0.976807 0.180664
vt 0.823730 0.944824
vt 0.835693 0.930664
vt 0.855225 0.938965
vt 0.826416 0.959229
vt 0.838379 0.967285
vt 0.855225 0.960938
vt 0.627930 0.886230
vt 0.643311 0.895996
vt 0.610840 0.898682
vt 0.644287 0.909912
vt 0.635010 0.920166
vt 0.616699 0.918945
vt 0.610840 0.936523
vt 0.629150 0.937744
vt 0.274170 0.250488
vt 0.294189 0.257568
vt 0.274658 0.266846
vt 0.294678 0.274170
vt 0.274170 0.284180
vt 0.294922 0.290771
vt 0.987305 0.562500
vt 0.987305 0.587646
vt 0.966797 0.568359
vt 0.966797 0.593750
vt 0.164551 0.407227
vt 0.174805 0.421631
vt 0.160400 0.419922
vt 0.174805 0.409424
vt 0.165283 0.342773
vt 0.174805 0.338379
vt 0.526855 0.029297
vt 0.526855 0.014648
vt 0.540283 0.021973
vt 0.757812 0.622803
vt 0.742188 0.624268
vt 0.753906 0.611084
vt 0.742676 0.613281
vt 0.752930 0.554932
vt 0.742188 0.552246
vt 0.450928 0.413818
vt 0.435791 0.414795
vt 0.448242 0.402588
vt 0.437012 0.402832
vt 0.447021 0.332520
vt 0.435791 0.331787
vt 0.052246 0.056152
vt 0.052246 0.044922
vt 0.061279 0.050293
vt 0.613525 0.153320
vt 0.631104 0.190674
vt 0.608887 0.192139
vt 0.631104 0.157715
vt 0.624512 0.153076
vt 0.450684 0.973877
vt 0.472168 0.973877
vt 0.450684 0.997803
vt 0.472168 0.997803
vt 0.967285 0.170654
vt 0.943115 0.170166
vt 0.967285 0.135010
vt 0.943115 0.134521
vt 0.666992 0.233398
vt 0.644775 0.231934
vt 0.662109 0.194824
vt 0.651367 0.194580
vt 0.644775 0.198975
vt 0.947266 0.450928
vt 0.923096 0.450928
vt 0.947021 0.418945
vt 0.923096 0.418945
vt 0.947266 0.412842
vt 0.923096 0.412842
vt 0.883301 0.274902
vt 0.893799 0.274902
vt 0.883301 0.298828
vt 0.893799 0.298828
vt 0.425537 0.290527
vt 0.425537 0.309814
vt 0.407959 0.310791
vt 0.407959 0.292236
vt 0.624023 0.943848
vt 0.638916 0.934082
vt 0.624023 0.961426
vt 0.638916 0.968506
vt 0.653809 0.960449
vt 0.653809 0.941895
vt 0.562988 0.723145
vt 0.545410 0.722656
vt 0.562988 0.704590
vt 0.545410 0.704102
vt 0.316650 0.995117
vt 0.316895 0.975830
vt 0.333496 0.994141
vt 0.333496 0.975830
vt 0.520996 0.969971
vt 0.505615 0.960693
vt 0.519775 0.935547
vt 0.504883 0.943115
vt 0.534912 0.961426
vt 0.534912 0.942871
vt 0.962891 0.244385
vt 0.982422 0.244385
vt 0.982910 0.260498
vt 0.963379 0.260254
vt 0.983154 0.276123
vt 0.962891 0.275879
vt 0.520508 0.994385
vt 0.520508 0.975586
vt 0.539062 0.995117
vt 0.539062 0.975586
vt 0.066650 0.974365
vt 0.066650 0.993896
vt 0.051758 0.993652
vt 0.051758 0.974365
vt 0.028809 0.951416
vt 0.041016 0.942139
vt 0.030273 0.969971
vt 0.046631 0.975098
vt 0.060059 0.968018
vt 0.060059 0.949219
vt 0.561768 0.996582
vt 0.543457 0.996338
vt 0.561768 0.978027
vt 0.543457 0.977783
vt 0.385498 0.346436
vt 0.404297 0.347168
vt 0.385498 0.367676
vt 0.404297 0.368164
vt 0.296875 0.945068
vt 0.309814 0.936035
vt 0.326904 0.960449
vt 0.326904 0.943115
vt 0.297852 0.965576
vt 0.315918 0.971191
vt 0.852539 0.034180
vt 0.852539 0.052002
vt 0.834961 0.050293
vt 0.834961 0.032227
vt 0.094727 0.522461
vt 0.079102 0.522949
vt 0.094727 0.502930
vt 0.079102 0.503418
vt 0.708496 0.996094
vt 0.689941 0.996582
vt 0.689941 0.977783
vt 0.708496 0.977295
vt 0.875000 0.594971
vt 0.853516 0.583984
vt 0.875244 0.583984
vt 0.853271 0.594971
vt 0.853516 0.572510
vt 0.875000 0.572510
vt 0.540527 0.941895
vt 0.530518 0.936279
vt 0.568359 0.914062
vt 0.562744 0.904053
vt 0.568359 0.925537
vt 0.552490 0.941406
vt 0.562744 0.935547
vt 0.552490 0.898193
vt 0.524902 0.926025
vt 0.540527 0.897705
vt 0.524902 0.913574
vt 0.531006 0.903809
vt 0.987305 0.526855
vt 0.965576 0.526855
vt 0.965576 0.518311
vt 0.987305 0.518311
vt 0.965576 0.507080
vt 0.987305 0.507080
vt 0.965576 0.495850
vt 0.987305 0.495850
vt 0.753174 0.935547
vt 0.747559 0.925537
vt 0.763428 0.941406
vt 0.775146 0.941895
vt 0.747559 0.914062
vt 0.785400 0.936279
vt 0.753174 0.904053
vt 0.763428 0.898193
vt 0.791016 0.926025
vt 0.775146 0.897705
vt 0.791016 0.913574
vt 0.784912 0.903809
vt 0.988525 0.626953
vt 0.967041 0.626953
vt 0.966797 0.618408
vt 0.988525 0.618408
vt 0.966797 0.606934
vt 0.988525 0.606934
vt 0.967041 0.595947
vt 0.988525 0.595947
vt 0.969482 0.150635
vt 0.969482 0.142334
vt 0.991211 0.150635
vt 0.991211 0.142334
vt 0.969482 0.131104
vt 0.991211 0.131104
vt 0.969482 0.119873
vt 0.991211 0.119873
vt 0.591797 0.891846
vt 0.604248 0.892334
vt 0.591797 0.909424
vt 0.604248 0.909912
s 1
usemtl tripo_mat_9f65e2be-5c54-4bb1-8bae-0aa705d7521c
f 376/1 365/2 237/3
f 237/3 365/2 234/4
f 365/5 376/6 370/7
f 365/5 370/7 360/8
f 365/9 360/10 234/11
f 234/11 360/10 233/12
f 237/13 234/14 216/15
f 216/15 234/14 214/16
f 214/16 234/14 244/17
f 244/17 234/14 233/18
f 360/19 370/20 344/21
f 344/21 370/20 346/22
f 360/19 344/21 233/23
f 233/23 344/21 244/24
f 344/25 346/26 347/27
f 344/25 347/27 345/28
f 344/29 345/30 244/31
f 244/31 345/30 245/32
f 215/33 468/34 245/32
f 245/32 468/34 482/35
f 244/31 245/32 481/36
f 481/36 245/32 482/35
f 244/31 481/36 214/37
f 214/37 481/36 467/38
f 481/36 482/35 564/39
f 564/39 482/35 565/40
f 345/41 347/42 371/43
f 345/41 371/43 361/44
f 345/41 361/44 245/45
f 245/45 361/44 235/46
f 216/47 214/48 467/49
f 216/47 467/49 469/50
f 469/51 467/52 477/53
f 477/53 467/52 475/54
f 475/54 467/52 473/55
f 473/55 467/52 481/56
f 477/57 475/58 610/59
f 477/57 610/59 645/60
f 645/61 610/62 630/63
f 630/63 610/62 606/64
f 610/65 475/66 606/67
f 606/67 475/66 473/68
f 606/69 473/70 481/71
f 630/72 606/73 564/74
f 630/72 564/74 566/75
f 564/76 606/77 481/78
f 566/79 564/80 565/81
f 566/79 565/81 567/82
f 567/83 565/84 607/85
f 567/83 607/85 631/86
f 607/85 565/84 474/87
f 474/87 565/84 482/88
f 631/89 607/90 605/91
f 631/89 605/91 646/92
f 646/93 605/94 478/95
f 478/95 605/94 476/96
f 605/97 607/98 476/99
f 476/99 607/98 474/100
f 476/101 474/102 482/103
f 478/104 476/105 470/106
f 470/106 476/105 468/107
f 476/108 482/109 468/110
f 470/111 468/112 215/113
f 470/111 215/113 217/114
f 217/115 215/116 238/117
f 238/117 215/116 236/118
f 236/118 215/116 235/119
f 235/119 215/116 245/120
f 236/121 235/122 361/123
f 236/121 361/123 364/124
f 238/125 236/126 364/127
f 238/125 364/127 377/128
f 364/129 361/130 371/131
f 364/129 371/131 377/132
f 266/133 269/134 285/135
f 269/134 266/133 219/136
f 269/134 219/136 223/137
f 266/138 285/139 283/140
f 219/141 266/142 246/143
f 246/143 266/142 283/144
f 223/145 219/146 218/147
f 218/147 219/146 246/148
f 223/145 218/147 222/149
f 269/150 223/151 222/152
f 269/150 222/152 268/153
f 268/154 222/155 218/156
f 268/154 218/156 284/157
f 284/157 218/156 276/158
f 269/159 268/160 285/161
f 285/161 268/160 284/162
f 285/161 284/162 283/163
f 283/163 284/162 276/164
f 276/165 218/166 246/167
f 283/168 276/169 295/170
f 283/171 295/172 326/173
f 326/173 295/172 338/174
f 326/173 338/174 296/175
f 338/176 295/177 303/178
f 303/179 295/180 276/181
f 296/182 338/183 303/184
f 296/182 303/184 274/185
f 296/182 274/185 242/186
f 296/182 242/186 260/187
f 260/187 242/186 171/188
f 260/187 171/188 177/189
f 177/189 171/188 426/190
f 426/190 171/188 429/191
f 426/190 429/191 461/192
f 426/190 461/192 449/193
f 449/193 461/192 594/194
f 449/193 594/194 554/195
f 554/195 594/194 737/196
f 554/195 737/196 712/197
f 283/198 326/199 301/200
f 301/200 326/199 291/201
f 301/200 291/201 272/202
f 272/202 291/201 231/203
f 231/203 291/201 261/204
f 231/203 261/204 177/205
f 283/206 301/207 279/208
f 283/206 279/208 246/209
f 291/210 326/211 296/212
f 291/210 296/212 261/213
f 261/213 296/212 260/214
f 303/215 276/216 279/217
f 301/218 272/219 279/220
f 279/220 272/219 252/221
f 252/221 272/219 213/222
f 213/222 272/219 231/223
f 213/222 231/223 172/224
f 213/222 172/224 158/225
f 158/225 172/224 427/226
f 158/225 427/226 431/227
f 431/227 427/226 485/228
f 485/228 427/226 460/229
f 485/228 460/229 632/230
f 632/230 460/229 568/231
f 632/230 568/231 579/232
f 632/230 579/232 766/233
f 766/233 579/232 740/234
f 279/235 276/236 246/237
f 303/238 279/239 274/240
f 274/240 279/239 252/241
f 274/240 252/241 213/242
f 274/240 213/242 242/243
f 242/243 213/242 171/244
f 171/244 213/242 158/245
f 261/246 260/247 177/248
f 172/249 231/250 177/251
f 172/249 177/251 426/252
f 172/249 426/252 427/253
f 427/253 426/252 449/254
f 427/253 449/254 460/255
f 460/255 449/254 554/256
f 171/257 158/258 431/259
f 429/260 171/261 431/262
f 429/260 431/262 485/263
f 429/260 485/263 461/264
f 461/264 485/263 594/265
f 485/266 632/267 594/268
f 594/268 632/267 737/269
f 568/270 460/271 554/272
f 579/273 568/274 554/275
f 579/273 554/275 712/276
f 579/273 712/276 740/277
f 740/277 712/276 744/278
f 744/278 712/276 745/279
f 745/279 712/276 752/280
f 752/280 712/276 719/281
f 632/282 766/283 737/284
f 766/285 740/286 745/287
f 766/285 745/287 752/288
f 766/285 752/288 767/289
f 745/290 740/291 744/292
f 767/293 737/294 766/295
f 719/296 712/297 737/298
f 719/296 737/298 736/299
f 719/296 736/299 720/300
f 720/300 736/299 714/301
f 719/296 720/300 721/302
f 721/302 720/300 722/303
f 737/304 767/305 768/306
f 768/306 767/305 775/307
f 775/307 767/305 774/308
f 737/309 768/310 736/311
f 752/312 719/313 721/314
f 752/312 721/314 754/315
f 752/312 754/315 774/316
f 752/312 774/316 767/317
f 774/318 754/319 756/320
f 756/321 754/322 721/323
f 756/321 721/323 757/324
f 757/324 721/323 722/325
f 774/326 756/327 757/328
f 774/326 757/328 775/329
f 775/329 757/328 755/330
f 757/331 722/332 755/333
f 775/334 755/335 753/336
f 775/334 753/336 768/337
f 753/336 755/335 722/338
f 753/336 722/338 720/339
f 768/340 753/341 769/342
f 769/342 753/341 746/343
f 769/342 746/343 741/344
f 768/345 769/346 736/347
f 736/347 769/346 638/348
f 736/347 638/348 573/349
f 573/349 638/348 458/350
f 458/350 638/348 486/351
f 458/350 486/351 430/352
f 430/352 486/351 432/353
f 430/352 432/353 173/354
f 173/354 432/353 159/355
f 173/354 159/355 212/356
f 173/354 212/356 243/357
f 243/357 212/356 275/358
f 275/358 212/356 253/359
f 275/358 253/359 280/360
f 275/358 280/360 304/361
f 753/362 720/363 714/364
f 753/362 714/364 746/365
f 746/365 714/364 741/366
f 741/366 714/364 586/367
f 586/367 714/364 555/368
f 586/367 555/368 462/369
f 462/369 555/368 451/370
f 462/369 451/370 428/371
f 428/371 451/370 420/372
f 428/371 420/372 174/373
f 174/373 420/372 178/374
f 174/373 178/374 232/375
f 232/375 178/374 263/376
f 232/375 263/376 292/377
f 232/375 292/377 273/378
f 273/378 292/377 302/379
f 302/379 292/377 325/380
f 741/381 586/382 769/383
f 714/384 736/385 555/386
f 555/386 736/385 573/387
f 555/386 573/387 458/388
f 555/386 458/388 451/389
f 638/390 769/391 586/392
f 586/393 462/394 638/395
f 638/395 462/394 486/396
f 486/396 462/394 428/397
f 486/396 428/397 432/398
f 432/398 428/397 159/399
f 159/399 428/397 174/400
f 159/399 174/400 212/401
f 451/402 458/403 421/404
f 451/402 421/404 420/405
f 420/405 421/404 180/406
f 420/405 180/406 178/407
f 178/407 180/406 262/408
f 178/407 262/408 263/409
f 458/410 430/411 421/412
f 421/412 430/411 173/413
f 421/412 173/413 180/414
f 180/414 173/413 262/415
f 262/416 173/417 243/418
f 262/416 243/418 297/419
f 262/416 297/419 263/420
f 263/420 297/419 292/421
f 297/419 243/418 275/422
f 297/419 275/422 304/423
f 297/419 304/423 337/424
f 174/425 232/426 212/427
f 212/428 232/429 273/430
f 212/428 273/430 253/431
f 253/431 273/430 280/432
f 280/432 273/430 302/433
f 325/434 292/435 297/436
f 325/434 297/436 337/437
f 325/434 337/437 290/438
f 325/434 290/438 277/439
f 302/440 325/441 277/442
f 302/443 277/444 280/445
f 280/445 277/444 247/446
f 290/447 337/448 304/449
f 290/450 304/451 278/452
f 278/453 304/454 280/455
f 278/453 280/455 247/456
f 255/457 247/456 278/453
f 255/457 278/453 299/458
f 290/459 278/460 277/461
f 247/462 277/463 267/464
f 247/462 267/464 221/465
f 267/466 277/467 287/468
f 287/469 277/470 286/471
f 286/471 277/470 278/472
f 287/469 286/471 270/473
f 287/469 270/473 271/474
f 267/475 287/476 271/477
f 267/475 271/477 221/478
f 221/478 271/477 225/479
f 270/480 286/481 220/482
f 220/482 286/481 278/483
f 270/480 220/482 224/484
f 271/485 270/486 224/487
f 271/485 224/487 225/488
f 225/489 224/490 220/491
f 225/489 220/491 221/492
f 221/492 220/491 247/493
f 247/494 220/495 278/496
f 247/497 255/498 259/499
f 259/499 255/498 265/500
f 247/501 259/502 278/503
f 278/503 259/502 294/504
f 278/503 294/504 313/505
f 278/503 313/505 312/506
f 255/507 299/508 265/509
f 265/509 299/508 318/510
f 265/509 318/510 319/511
f 265/509 319/511 300/512
f 299/513 278/514 312/515
f 299/513 312/515 318/516
f 259/517 265/518 300/519
f 259/517 300/519 294/520
f 294/521 300/522 319/523
f 294/521 319/523 313/524
f 312/525 313/526 318/527
f 318/527 313/526 319/528
f 317/529 298/530 293/531
f 317/529 293/531 311/532
f 298/533 317/534 264/535
f 264/535 317/534 316/536
f 264/535 316/536 282/537
f 264/535 282/537 254/538
f 293/539 298/540 258/541
f 258/541 298/540 264/542
f 293/543 258/544 246/545
f 293/543 246/545 276/546
f 293/543 276/546 311/547
f 311/547 276/546 281/548
f 311/547 281/548 310/549
f 258/550 264/551 254/552
f 258/550 254/552 246/553
f 276/554 246/555 254/556
f 316/557 317/558 311/559
f 316/557 311/559 310/560
f 254/561 282/562 276/563
f 276/563 282/562 281/564
f 281/564 282/562 310/565
f 310/565 282/562 316/566
f 320/567 349/568 289/569
f 349/568 320/567 339/570
f 349/568 339/570 355/571
f 355/571 339/570 356/572
f 356/572 339/570 340/573
f 356/572 340/573 343/574
f 343/574 340/573 315/575
f 343/574 315/575 288/576
f 339/577 320/578 327/579
f 327/580 320/581 305/582
f 305/582 320/581 289/583
f 339/584 327/585 328/586
f 339/584 328/586 340/587
f 340/587 328/586 315/588
f 315/588 328/586 306/589
f 328/590 327/591 305/592
f 328/590 305/592 306/593
f 306/593 305/592 504/594
f 504/594 305/592 503/595
f 355/596 356/597 363/598
f 363/598 356/597 343/599
f 363/598 343/599 348/600
f 355/596 363/598 362/601
f 355/596 362/601 349/602
f 349/602 362/601 350/603
f 362/601 363/598 341/604
f 341/604 363/598 342/605
f 341/604 342/605 323/606
f 341/604 323/606 322/607
f 288/608 315/609 306/610
f 288/608 306/610 504/611
f 288/608 504/611 514/612
f 348/613 343/614 288/608
f 348/613 288/608 321/615
f 321/615 288/608 514/612
f 321/615 514/612 307/616
f 307/616 514/612 230/617
f 230/617 514/612 179/618
f 179/618 514/612 381/619
f 381/619 514/612 519/620
f 381/619 519/620 513/621
f 381/619 513/621 490/622
f 363/623 348/624 321/625
f 363/623 321/625 342/626
f 342/626 321/625 307/627
f 342/626 307/627 323/628
f 323/628 307/627 309/629
f 309/629 307/627 240/630
f 240/630 307/627 230/631
f 240/630 230/631 182/632
f 182/632 230/631 179/633
f 182/632 179/633 379/634
f 379/634 179/633 381/635
f 379/634 381/635 490/636
f 503/637 305/638 289/639
f 503/637 289/639 515/640
f 514/641 504/642 503/643
f 514/641 503/643 515/644
f 514/641 515/644 520/645
f 514/641 520/645 519/646
f 519/646 520/645 516/647
f 519/646 516/647 513/648
f 515/649 289/650 350/651
f 350/651 289/650 349/652
f 515/649 350/651 324/653
f 515/649 324/653 314/654
f 515/649 314/654 241/655
f 515/649 241/655 183/656
f 515/649 183/656 380/657
f 515/649 380/657 520/658
f 520/658 380/657 489/659
f 520/658 489/659 516/660
f 350/661 362/662 324/663
f 324/663 362/662 341/664
f 324/663 341/664 322/665
f 324/663 322/665 314/666
f 314/666 322/665 308/667
f 314/666 308/667 239/668
f 314/666 239/668 241/669
f 241/669 239/668 181/670
f 241/669 181/670 183/671
f 183/671 181/670 378/672
f 183/671 378/672 380/673
f 323/674 309/675 322/676
f 322/676 309/675 308/677
f 308/677 309/675 240/678
f 308/677 240/678 239/679
f 239/679 240/678 182/680
f 239/679 182/680 181/681
f 181/681 182/680 379/682
f 181/681 379/682 378/683
f 378/683 379/682 489/684
f 489/684 379/682 490/685
f 489/684 490/685 513/686
f 489/684 513/686 516/687
f 380/688 378/689 489/690
f 498/691 490/692 489/693
f 490/692 498/691 497/694
f 497/694 498/691 551/695
f 551/695 498/691 550/696
f 490/697 497/698 454/699
f 454/699 497/698 452/700
f 452/700 497/698 551/701
f 452/700 551/701 542/702
f 452/700 542/702 535/703
f 542/702 551/701 576/704
f 490/705 454/706 447/707
f 490/705 447/707 489/708
f 489/708 447/707 446/709
f 489/708 446/709 453/710
f 489/708 453/710 459/711
f 447/712 454/713 445/714
f 445/714 454/713 452/715
f 445/714 452/715 535/716
f 447/712 445/714 444/717
f 447/712 444/717 446/718
f 445/714 535/716 534/719
f 445/714 534/719 444/717
f 534/719 535/716 562/720
f 446/718 444/717 453/721
f 453/721 444/717 457/722
f 453/721 457/722 459/723
f 562/720 535/716 563/724
f 563/724 535/716 542/725
f 563/724 542/725 576/726
f 489/727 459/728 498/729
f 498/729 459/728 457/730
f 498/729 457/730 550/731
f 550/731 457/730 543/732
f 444/733 534/734 457/735
f 457/735 534/734 543/736
f 543/736 534/734 562/737
f 543/736 562/737 580/738
f 543/736 580/738 550/739
f 580/738 562/737 598/740
f 580/738 598/740 617/741
f 598/740 562/737 563/742
f 598/740 563/742 600/743
f 584/744 551/745 550/746
f 551/745 584/744 585/747
f 584/748 550/749 580/750
f 584/748 580/750 658/751
f 658/751 580/750 617/752
f 658/751 617/752 675/753
f 675/753 617/752 687/754
f 687/754 617/752 622/755
f 687/754 622/755 680/756
f 687/754 680/756 734/757
f 734/757 680/756 713/758
f 734/757 713/758 738/759
f 551/760 585/761 576/762
f 600/763 563/764 576/765
f 600/763 576/765 611/766
f 611/766 576/765 659/767
f 659/767 576/765 585/768
f 611/766 659/767 676/769
f 659/770 585/771 584/772
f 659/770 584/772 658/773
f 659/770 658/773 676/774
f 676/774 658/773 675/775
f 676/774 675/775 687/776
f 676/774 687/776 688/777
f 688/777 687/776 734/778
f 688/777 734/778 735/779
f 735/779 734/778 739/780
f 739/780 734/778 738/781
f 598/782 600/783 603/784
f 603/784 600/783 611/785
f 603/784 611/785 618/786
f 603/784 618/786 663/787
f 663/787 618/786 677/788
f 598/782 603/784 602/789
f 602/789 603/784 663/787
f 602/789 663/787 662/790
f 598/782 602/789 617/791
f 617/791 602/789 622/792
f 618/793 611/794 676/795
f 618/793 676/795 688/796
f 622/797 602/798 662/799
f 622/797 662/799 680/800
f 680/800 662/799 713/801
f 713/801 662/799 697/802
f 697/802 662/799 663/803
f 697/802 663/803 698/804
f 738/805 713/806 697/807
f 738/805 697/807 698/808
f 738/805 698/808 739/809
f 739/809 698/808 711/810
f 677/811 618/812 688/813
f 677/811 688/813 735/814
f 677/811 735/814 711/815
f 711/815 735/814 739/816
f 677/811 711/815 698/817
f 677/811 698/817 663/818
f 184/819 185/820 189/821
f 184/819 189/821 188/822
f 185/823 184/824 382/825
f 185/823 382/825 383/826
f 382/827 184/828 188/829
f 382/827 188/829 386/830
f 189/831 185/832 387/833
f 387/833 185/832 383/834
f 189/835 387/836 188/837
f 188/837 387/836 386/838
f 382/839 386/840 383/841
f 383/841 386/840 387/842
f 130/843 30/844 156/845
f 156/845 30/844 14/846
f 130/847 156/848 154/849
f 130/847 154/849 129/850
f 14/851 30/852 28/853
f 14/851 28/853 12/854
f 28/855 30/856 130/857
f 28/855 130/857 129/858
f 156/859 14/860 12/861
f 156/859 12/861 154/862
f 28/863 129/864 12/865
f 12/865 129/864 154/866
f 121/867 42/868 116/869
f 42/868 121/867 38/870
f 38/870 121/867 52/871
f 52/871 121/867 99/872
f 52/871 99/872 50/873
f 50/873 99/872 100/874
f 50/873 100/874 43/875
f 43/875 100/874 117/876
f 116/877 42/878 131/879
f 131/879 42/878 24/880
f 116/881 131/882 134/883
f 116/881 134/883 121/884
f 131/885 24/886 22/887
f 131/885 22/887 134/888
f 134/888 22/887 114/889
f 24/890 42/891 38/892
f 24/890 38/892 22/893
f 22/893 38/892 40/894
f 121/895 134/896 99/897
f 99/897 134/896 114/898
f 40/899 38/900 52/901
f 22/902 40/903 114/904
f 40/905 52/906 39/907
f 39/907 52/906 50/908
f 39/907 50/908 43/909
f 39/907 43/909 16/910
f 16/910 43/909 5/911
f 40/912 39/913 114/914
f 114/914 39/913 113/915
f 113/915 39/913 133/916
f 133/916 39/913 16/917
f 100/918 99/919 114/920
f 100/918 114/920 113/921
f 100/918 113/921 117/922
f 117/922 113/921 133/923
f 43/924 117/925 9/926
f 43/924 9/926 5/927
f 9/926 117/925 163/928
f 163/928 117/925 133/929
f 133/930 16/931 147/932
f 147/932 16/931 5/933
f 133/934 147/935 163/936
f 163/936 147/935 145/937
f 163/936 145/937 161/938
f 9/939 163/940 161/941
f 9/939 161/941 8/942
f 147/943 5/944 3/945
f 147/943 3/945 145/946
f 3/947 5/948 8/949
f 8/949 5/948 9/950
f 3/951 8/952 145/953
f 145/953 8/952 161/954
f 105/955 106/956 169/957
f 169/957 106/956 175/958
f 106/956 105/955 73/959
f 106/956 73/959 71/960
f 105/961 169/962 73/963
f 73/963 169/962 94/964
f 94/964 169/962 165/965
f 73/963 94/964 67/966
f 73/967 67/968 71/969
f 71/969 67/968 66/970
f 66/971 67/972 94/973
f 66/971 94/973 93/974
f 93/974 94/973 168/975
f 168/975 94/973 165/976
f 71/977 66/978 81/979
f 81/979 66/978 79/980
f 79/980 66/978 93/981
f 79/980 93/981 98/982
f 71/977 81/979 103/983
f 71/977 103/983 106/984
f 106/984 103/983 153/985
f 106/984 153/985 175/986
f 175/986 153/985 149/987
f 165/988 169/989 175/990
f 165/988 175/990 168/991
f 93/992 168/993 98/994
f 98/994 168/993 149/995
f 149/995 168/993 175/996
f 98/997 149/998 152/999
f 98/997 152/999 95/1000
f 98/997 95/1000 79/1001
f 79/1001 95/1000 78/1002
f 149/1003 153/1004 160/1005
f 149/1003 160/1005 152/1006
f 153/1007 103/1008 160/1009
f 160/1009 103/1008 104/1010
f 104/1010 103/1008 81/1011
f 104/1010 81/1011 80/1012
f 95/1013 152/1014 160/1015
f 95/1013 160/1015 80/1016
f 80/1016 160/1015 104/1017
f 95/1013 80/1016 78/1018
f 79/1019 78/1020 81/1021
f 81/1021 78/1020 80/1022
f 202/1023 205/1024 197/1025
f 202/1023 197/1025 200/1026
f 197/1025 205/1024 196/1027
f 196/1027 205/1024 204/1028
f 202/1029 200/1030 405/1031
f 405/1031 200/1030 412/1032
f 412/1032 200/1030 197/1033
f 412/1032 197/1033 409/1034
f 202/1035 405/1036 397/1037
f 202/1035 397/1037 205/1038
f 405/1039 412/1040 409/1041
f 405/1039 409/1041 397/1042
f 205/1043 397/1044 403/1045
f 205/1043 403/1045 204/1046
f 397/1047 409/1048 423/1049
f 397/1050 423/1051 403/1052
f 403/1052 423/1051 422/1053
f 403/1052 422/1053 408/1054
f 422/1053 423/1051 417/1055
f 408/1054 422/1053 399/1056
f 422/1053 417/1055 416/1057
f 422/1053 416/1057 399/1056
f 423/1058 409/1059 400/1060
f 423/1058 400/1060 417/1061
f 196/1062 204/1063 403/1064
f 196/1062 403/1064 408/1065
f 196/1062 408/1065 107/1066
f 107/1066 408/1065 399/1067
f 193/1068 409/1069 197/1070
f 193/1068 197/1070 196/1071
f 193/1068 196/1071 192/1072
f 400/1073 409/1074 108/1075
f 108/1075 409/1074 193/1076
f 193/1077 192/1078 108/1079
f 108/1079 192/1078 107/1080
f 107/1080 192/1078 196/1081
f 400/1082 108/1083 417/1084
f 417/1084 108/1083 107/1085
f 417/1084 107/1085 416/1086
f 416/1086 107/1085 399/1087
f 120/1088 119/1089 35/1090
f 120/1088 35/1090 37/1091
f 35/1092 119/1093 141/1094
f 35/1092 141/1094 17/1095
f 141/1096 119/1097 120/1098
f 141/1096 120/1098 143/1099
f 17/1100 141/1101 143/1102
f 17/1100 143/1102 19/1103
f 35/1104 17/1105 37/1106
f 37/1106 17/1105 19/1107
f 143/1108 120/1109 19/1110
f 19/1110 120/1109 37/1111
f 330/1112 358/1113 368/1114
f 358/1113 330/1112 334/1115
f 334/1115 330/1112 249/1116
f 249/1116 330/1112 227/1117
f 330/1112 368/1114 352/1118
f 352/1118 368/1114 373/1119
f 368/1120 358/1121 367/1122
f 367/1122 358/1121 357/1123
f 368/1120 367/1122 373/1124
f 373/1124 367/1122 372/1125
f 358/1126 334/1127 357/1128
f 357/1128 334/1127 333/1129
f 333/1129 334/1127 249/1130
f 333/1129 249/1130 248/1131
f 367/1132 357/1133 329/1134
f 329/1134 357/1133 333/1135
f 367/1132 329/1134 351/1136
f 367/1132 351/1136 372/1137
f 329/1134 333/1135 226/1138
f 226/1138 333/1135 248/1139
f 248/1140 249/1141 227/1142
f 248/1140 227/1142 226/1143
f 226/1144 227/1145 330/1146
f 226/1144 330/1146 329/1147
f 329/1148 330/1149 352/1150
f 329/1148 352/1150 351/1151
f 352/1152 373/1153 351/1154
f 351/1154 373/1153 372/1155
f 256/1156 442/1157 493/1158
f 256/1156 493/1158 495/1159
f 493/1158 442/1157 440/1160
f 493/1158 440/1160 499/1161
f 442/1162 256/1163 257/1164
f 442/1162 257/1164 443/1165
f 256/1166 495/1167 496/1168
f 256/1166 496/1168 257/1169
f 496/1170 495/1171 493/1172
f 496/1170 493/1172 494/1173
f 494/1173 493/1172 499/1174
f 494/1173 499/1174 500/1175
f 257/1176 496/1177 443/1178
f 443/1178 496/1177 494/1179
f 443/1178 494/1179 441/1180
f 441/1180 494/1179 500/1181
f 442/1182 443/1183 441/1184
f 442/1182 441/1184 440/1185
f 499/1186 440/1187 441/1188
f 499/1186 441/1188 500/1189
f 210/1190 208/1191 435/1192
f 210/1190 435/1192 438/1193
f 435/1194 208/1195 209/1196
f 435/1194 209/1196 436/1197
f 209/1198 208/1199 211/1200
f 211/1200 208/1199 210/1201
f 436/1202 209/1203 211/1204
f 436/1202 211/1204 439/1205
f 435/1206 436/1207 438/1208
f 438/1208 436/1207 439/1209
f 211/1210 210/1211 439/1212
f 439/1212 210/1211 438/1213
f 123/1214 132/1215 112/1216
f 112/1216 132/1215 170/1217
f 112/1216 170/1217 151/1218
f 151/1218 170/1217 167/1219
f 167/1219 170/1217 176/1220
f 123/1221 112/1222 91/1223
f 132/1224 123/1225 111/1226
f 111/1226 123/1225 91/1227
f 132/1224 111/1226 170/1228
f 111/1226 91/1227 96/1229
f 170/1228 111/1226 150/1230
f 150/1230 111/1226 96/1229
f 150/1230 96/1229 126/1231
f 150/1230 126/1231 166/1232
f 166/1232 126/1231 140/1233
f 91/1234 112/1235 96/1236
f 96/1236 112/1235 151/1237
f 96/1236 151/1237 126/1238
f 126/1238 151/1237 140/1239
f 140/1239 151/1237 167/1240
f 170/1241 150/1242 176/1243
f 176/1243 150/1242 166/1244
f 176/1245 166/1246 167/1247
f 167/1247 166/1246 140/1248
f 48/1249 25/1250 57/1251
f 25/1252 48/1253 33/1254
f 33/1254 48/1253 49/1255
f 48/1256 57/1257 58/1258
f 57/1259 25/1260 47/1261
f 47/1261 25/1260 33/1262
f 57/1263 47/1264 58/1265
f 58/1265 47/1264 49/1266
f 48/1267 58/1268 49/1269
f 49/1270 47/1271 33/1272
f 537/1273 527/1274 487/1275
f 537/1273 487/1275 510/1276
f 537/1273 510/1276 531/1277
f 527/1278 537/1279 536/1280
f 536/1280 537/1279 531/1281
f 527/1278 536/1280 538/1282
f 538/1282 536/1280 531/1281
f 527/1278 538/1282 528/1283
f 538/1282 531/1281 533/1284
f 528/1283 538/1282 539/1285
f 539/1285 538/1282 533/1284
f 531/1286 510/1287 509/1288
f 531/1286 509/1288 533/1289
f 509/1290 510/1291 487/1292
f 509/1290 487/1292 488/1293
f 528/1294 487/1295 527/1296
f 487/1295 528/1294 488/1297
f 488/1298 528/1299 539/1300
f 488/1298 539/1300 509/1301
f 509/1301 539/1300 533/1302
f 546/1303 532/1304 533/1305
f 546/1303 533/1305 547/1306
f 532/1307 546/1308 615/1309
f 532/1307 615/1309 592/1310
f 615/1311 546/1312 547/1313
f 615/1311 547/1313 616/1314
f 532/1315 592/1316 533/1317
f 533/1317 592/1316 593/1318
f 615/1319 616/1320 592/1321
f 592/1321 616/1320 593/1322
f 616/1323 547/1324 533/1325
f 616/1323 533/1325 593/1326
f 614/1327 591/1328 530/1329
f 614/1327 530/1329 545/1330
f 530/1331 591/1332 590/1333
f 530/1331 590/1333 529/1334
f 590/1335 591/1336 613/1337
f 613/1337 591/1336 614/1338
f 529/1339 590/1340 613/1341
f 529/1339 613/1341 544/1342
f 545/1343 530/1344 544/1345
f 544/1345 530/1344 529/1346
f 545/1347 544/1348 614/1349
f 614/1349 544/1348 613/1350
f 505/1351 471/1352 483/1353
f 505/1351 483/1353 506/1354
f 505/1351 506/1354 517/1355
f 505/1351 517/1355 525/1356
f 483/1357 471/1358 501/1359
f 483/1357 501/1359 511/1360
f 501/1361 471/1362 521/1363
f 521/1363 471/1362 505/1364
f 511/1365 501/1366 521/1367
f 511/1365 521/1367 522/1368
f 522/1368 521/1367 540/1369
f 540/1369 521/1367 548/1370
f 483/1371 511/1372 522/1373
f 483/1371 522/1373 506/1374
f 522/1375 540/1376 506/1377
f 506/1377 540/1376 517/1378
f 517/1378 540/1376 525/1379
f 525/1379 540/1376 548/1380
f 548/1381 521/1382 505/1383
f 548/1381 505/1383 525/1384
f 589/1385 582/1386 552/1387
f 589/1385 552/1387 556/1388
f 589/1385 556/1388 570/1389
f 589/1385 570/1389 604/1390
f 604/1390 570/1389 612/1391
f 604/1390 612/1391 652/1392
f 652/1392 612/1391 636/1393
f 652/1392 636/1393 674/1394
f 674/1394 636/1393 673/1395
f 673/1395 636/1393 635/1396
f 673/1395 635/1396 651/1397
f 651/1397 635/1396 620/1398
f 552/1399 582/1400 577/1401
f 577/1402 582/1403 581/1404
f 581/1404 582/1403 589/1405
f 581/1404 589/1405 597/1406
f 597/1406 589/1405 604/1407
f 597/1406 604/1407 652/1408
f 597/1406 652/1408 644/1409
f 644/1409 652/1408 665/1410
f 644/1409 665/1410 653/1411
f 653/1411 665/1410 666/1412
f 665/1410 652/1408 674/1413
f 665/1410 674/1413 673/1414
f 665/1410 673/1414 664/1415
f 664/1415 673/1414 643/1416
f 643/1416 673/1414 651/1417
f 643/1416 651/1417 639/1418
f 639/1418 651/1417 642/1419
f 639/1418 642/1419 621/1420
f 639/1418 621/1420 619/1421
f 577/1422 581/1423 552/1424
f 552/1424 581/1423 556/1425
f 556/1425 581/1423 570/1426
f 570/1426 581/1423 597/1427
f 570/1426 597/1427 612/1428
f 612/1428 597/1427 644/1429
f 612/1430 644/1431 623/1432
f 623/1432 644/1431 653/1433
f 612/1434 623/1435 636/1436
f 636/1436 623/1435 637/1437
f 623/1438 653/1439 666/1440
f 623/1438 666/1440 637/1441
f 637/1442 666/1443 665/1444
f 637/1442 665/1444 636/1445
f 636/1446 665/1447 635/1448
f 635/1448 665/1447 664/1449
f 664/1450 643/1451 635/1452
f 635/1452 643/1451 620/1453
f 620/1453 643/1451 639/1454
f 620/1453 639/1454 596/1455
f 596/1455 639/1454 569/1456
f 569/1456 639/1454 619/1457
f 651/1458 620/1459 642/1460
f 642/1461 620/1462 596/1463
f 642/1461 596/1463 569/1464
f 642/1461 569/1464 621/1465
f 569/1466 619/1467 621/1468
f 625/1469 648/1470 559/1471
f 648/1470 625/1469 668/1472
f 648/1470 668/1472 684/1473
f 625/1474 559/1475 624/1476
f 624/1476 559/1475 558/1477
f 668/1478 625/1479 624/1480
f 668/1478 624/1480 667/1481
f 559/1482 648/1483 647/1484
f 559/1482 647/1484 558/1485
f 647/1486 648/1487 684/1488
f 647/1486 684/1488 683/1489
f 683/1489 684/1488 668/1490
f 683/1489 668/1490 667/1491
f 624/1492 558/1493 647/1494
f 624/1492 647/1494 683/1495
f 624/1492 683/1495 667/1496
f 608/1497 640/1498 574/1499
f 640/1498 608/1497 671/1500
f 608/1501 574/1502 599/1503
f 599/1503 574/1502 571/1504
f 608/1505 599/1506 671/1507
f 671/1507 599/1506 660/1508
f 671/1507 660/1508 717/1509
f 717/1509 660/1508 715/1510
f 571/1511 574/1512 640/1513
f 571/1511 640/1513 633/1514
f 633/1514 640/1513 695/1515
f 633/1514 695/1515 693/1516
f 660/1517 599/1518 571/1519
f 660/1517 571/1519 633/1520
f 640/1521 671/1522 717/1523
f 640/1521 717/1523 695/1524
f 693/1525 695/1526 717/1527
f 693/1525 717/1527 715/1528
f 633/1529 693/1530 660/1531
f 660/1531 693/1530 715/1532
f 678/1533 708/1534 654/1535
f 708/1534 678/1533 724/1536
f 708/1534 724/1536 762/1537
f 708/1534 762/1537 742/1538
f 678/1539 654/1540 656/1541
f 678/1539 656/1541 681/1542
f 656/1543 654/1544 708/1545
f 656/1543 708/1545 707/1546
f 707/1546 708/1545 742/1547
f 707/1546 742/1547 747/1548
f 678/1549 681/1550 724/1551
f 724/1551 681/1550 723/1552
f 724/1551 723/1552 762/1553
f 762/1553 723/1552 764/1554
f 681/1555 656/1556 723/1557
f 723/1557 656/1556 707/1558
f 723/1559 707/1560 747/1561
f 723/1559 747/1561 764/1562
f 764/1563 747/1564 742/1565
f 764/1563 742/1565 762/1566
f 690/1567 700/1568 699/1569
f 690/1567 699/1569 689/1570
f 690/1567 689/1570 704/1571
f 704/1571 689/1570 703/1572
f 699/1573 700/1574 727/1575
f 727/1575 700/1574 771/1576
f 727/1575 771/1576 770/1577
f 771/1578 700/1579 781/1580
f 781/1580 700/1579 690/1581
f 781/1580 690/1581 789/1582
f 789/1582 690/1581 785/1583
f 785/1583 690/1581 704/1584
f 785/1583 704/1584 777/1585
f 777/1585 704/1584 731/1586
f 777/1585 731/1586 759/1587
f 727/1588 770/1589 699/1590
f 770/1589 727/1588 749/1591
f 699/1590 770/1589 780/1592
f 699/1590 780/1592 689/1593
f 689/1593 780/1592 788/1594
f 689/1593 788/1594 784/1595
f 689/1593 784/1595 703/1596
f 703/1596 784/1595 776/1597
f 703/1596 776/1597 730/1598
f 730/1598 776/1597 758/1599
f 770/1600 771/1601 780/1602
f 780/1602 771/1601 781/1603
f 780/1602 781/1603 788/1604
f 788/1604 781/1603 789/1605
f 788/1604 789/1605 784/1606
f 784/1606 789/1605 785/1607
f 784/1608 785/1609 776/1610
f 776/1610 785/1609 777/1611
f 776/1610 777/1611 758/1612
f 758/1612 777/1611 759/1613
f 758/1612 759/1613 730/1614
f 730/1614 759/1613 731/1615
f 704/1616 703/1617 731/1618
f 731/1618 703/1617 730/1619
f 366/1620 374/1621 353/1622
f 366/1620 353/1622 331/1623
f 366/1620 331/1623 335/1624
f 335/1624 331/1623 250/1625
f 250/1625 331/1623 228/1626
f 353/1627 374/1628 354/1629
f 354/1629 374/1628 375/1630
f 375/1631 374/1632 369/1633
f 369/1633 374/1632 366/1634
f 369/1633 366/1634 359/1635
f 375/1636 369/1637 354/1638
f 354/1638 369/1637 332/1639
f 332/1639 369/1637 359/1640
f 332/1639 359/1640 336/1641
f 332/1639 336/1641 229/1642
f 229/1642 336/1641 251/1643
f 353/1644 354/1645 332/1646
f 353/1644 332/1646 331/1647
f 359/1648 366/1649 335/1650
f 359/1648 335/1650 336/1651
f 336/1651 335/1650 250/1652
f 336/1651 250/1652 251/1653
f 331/1654 332/1655 229/1656
f 331/1654 229/1656 228/1657
f 229/1658 251/1659 228/1660
f 228/1660 251/1659 250/1661
f 191/1662 186/1663 190/1664
f 186/1663 191/1662 187/1665
f 190/1666 186/1667 388/1668
f 388/1668 186/1667 384/1669
f 191/1670 190/1671 389/1672
f 389/1672 190/1671 388/1673
f 187/1674 191/1675 389/1676
f 187/1674 389/1676 385/1677
f 388/1678 384/1679 389/1680
f 389/1680 384/1679 385/1681
f 384/1682 186/1683 187/1684
f 384/1682 187/1684 385/1685
f 206/1686 207/1687 198/1688
f 198/1688 207/1687 199/1689
f 199/1689 207/1687 203/1690
f 199/1689 203/1690 201/1691
f 206/1692 198/1693 404/1694
f 404/1694 198/1693 410/1695
f 410/1695 198/1693 109/1696
f 410/1695 109/1696 401/1697
f 206/1698 404/1699 207/1700
f 207/1700 404/1699 398/1701
f 207/1700 398/1701 203/1702
f 203/1702 398/1701 406/1703
f 203/1704 406/1705 201/1706
f 201/1706 406/1705 413/1707
f 199/1708 201/1709 413/1710
f 199/1708 413/1710 411/1711
f 413/1712 406/1713 411/1714
f 411/1715 406/1716 398/1717
f 425/1718 398/1719 404/1720
f 398/1719 425/1718 411/1721
f 411/1721 425/1718 402/1722
f 425/1718 404/1720 424/1723
f 402/1722 425/1718 419/1724
f 419/1724 425/1718 424/1723
f 419/1724 424/1723 418/1725
f 199/1726 411/1727 195/1728
f 199/1726 195/1728 198/1729
f 198/1729 195/1728 194/1730
f 411/1731 402/1732 110/1733
f 411/1734 110/1735 195/1736
f 194/1737 195/1738 110/1739
f 194/1737 110/1739 109/1740
f 198/1741 194/1742 109/1743
f 110/1744 402/1745 419/1746
f 110/1744 419/1746 109/1747
f 109/1747 419/1746 418/1748
f 109/1747 418/1748 401/1749
f 401/1750 418/1751 424/1752
f 401/1750 424/1752 410/1753
f 410/1753 424/1752 404/1754
f 23/1755 32/1756 136/1757
f 23/1755 136/1757 135/1758
f 23/1755 135/1758 115/1759
f 23/1755 115/1759 45/1760
f 45/1760 115/1759 44/1761
f 44/1761 115/1759 118/1762
f 44/1761 118/1762 137/1763
f 44/1761 137/1763 21/1764
f 136/1765 32/1766 46/1767
f 136/1765 46/1767 122/1768
f 46/1769 32/1770 41/1771
f 41/1771 32/1770 23/1772
f 41/1771 23/1772 45/1773
f 122/1774 46/1775 125/1776
f 125/1776 46/1775 41/1777
f 136/1778 122/1779 135/1780
f 135/1780 122/1779 125/1781
f 135/1782 125/1783 101/1784
f 135/1785 101/1786 115/1787
f 115/1787 101/1786 102/1788
f 115/1787 102/1788 118/1789
f 118/1789 102/1788 124/1790
f 118/1789 124/1790 137/1791
f 125/1792 41/1793 53/1794
f 125/1792 53/1794 101/1795
f 41/1796 45/1797 53/1798
f 53/1799 45/1800 44/1801
f 53/1799 44/1801 51/1802
f 51/1802 44/1801 34/1803
f 34/1803 44/1801 21/1804
f 101/1805 53/1806 51/1807
f 101/1805 51/1807 102/1808
f 102/1808 51/1807 34/1809
f 102/1808 34/1809 124/1810
f 137/1811 124/1812 164/1813
f 164/1813 124/1812 11/1814
f 11/1814 124/1812 34/1815
f 11/1814 34/1815 6/1816
f 6/1816 34/1815 21/1817
f 6/1816 21/1817 148/1818
f 21/1819 137/1820 148/1821
f 148/1822 137/1823 164/1824
f 148/1822 164/1824 146/1825
f 146/1825 164/1824 162/1826
f 164/1827 11/1828 162/1829
f 162/1829 11/1828 10/1830
f 6/1831 148/1832 4/1833
f 4/1833 148/1832 146/1834
f 11/1835 6/1836 10/1837
f 10/1837 6/1836 4/1838
f 4/1839 146/1840 10/1841
f 10/1841 146/1840 162/1842
f 157/1843 15/1844 31/1845
f 157/1843 31/1845 139/1846
f 31/1847 15/1848 29/1849
f 29/1849 15/1848 13/1850
f 139/1851 31/1852 29/1853
f 139/1851 29/1853 138/1854
f 157/1855 139/1856 155/1857
f 155/1857 139/1856 138/1858
f 29/1859 13/1860 138/1861
f 138/1861 13/1860 155/1862
f 13/1863 15/1864 157/1865
f 13/1863 157/1865 155/1866
f 144/1867 142/1868 20/1869
f 20/1869 142/1868 18/1870
f 142/1871 144/1872 128/1873
f 142/1871 128/1873 127/1874
f 128/1875 144/1876 20/1877
f 128/1875 20/1877 27/1878
f 27/1879 20/1880 18/1881
f 27/1879 18/1881 26/1882
f 142/1883 127/1884 18/1885
f 18/1885 127/1884 26/1886
f 127/1887 128/1888 27/1889
f 127/1887 27/1889 26/1890
f 407/1891 392/1892 36/1893
f 392/1892 407/1891 433/1894
f 433/1894 407/1891 437/1895
f 36/1896 392/1897 396/1898
f 396/1898 392/1897 414/1899
f 414/1899 392/1897 434/1900
f 434/1900 392/1897 433/1901
f 434/1900 433/1901 450/1902
f 414/1899 434/1900 437/1903
f 414/1899 437/1903 415/1904
f 36/1905 396/1906 395/1907
f 395/1907 396/1906 414/1908
f 395/1907 414/1908 415/1909
f 36/1910 395/1911 407/1912
f 407/1912 395/1911 415/1913
f 415/1914 437/1915 407/1916
f 450/1917 433/1918 437/1919
f 450/1917 437/1919 456/1920
f 450/1917 456/1920 480/1921
f 480/1921 456/1920 463/1922
f 480/1921 463/1922 492/1923
f 492/1923 463/1922 464/1924
f 464/1924 463/1922 455/1925
f 437/1926 434/1927 448/1928
f 437/1926 448/1928 456/1929
f 456/1929 448/1928 466/1930
f 456/1929 466/1930 463/1931
f 463/1931 466/1930 479/1932
f 448/1933 434/1934 450/1935
f 448/1936 450/1937 466/1938
f 450/1939 480/1940 466/1941
f 466/1942 480/1943 492/1944
f 479/1945 466/1946 492/1947
f 479/1945 492/1947 491/1948
f 479/1945 491/1948 465/1949
f 463/1950 479/1951 455/1952
f 455/1952 479/1951 465/1953
f 491/1954 492/1955 464/1956
f 491/1957 464/1958 465/1959
f 465/1959 464/1958 455/1960
f 7/1961 65/1962 56/1963
f 56/1963 65/1962 61/1964
f 61/1964 65/1962 82/1965
f 61/1964 82/1965 77/1966
f 7/1961 56/1963 1/1967
f 7/1961 1/1967 393/1968
f 7/1961 393/1968 391/1969
f 65/1970 7/1971 2/1972
f 2/1972 7/1971 391/1973
f 2/1972 391/1973 394/1974
f 65/1970 2/1972 59/1975
f 65/1970 59/1975 82/1976
f 82/1976 59/1975 64/1977
f 82/1976 64/1977 90/1978
f 90/1978 64/1977 63/1979
f 1/1980 56/1981 2/1982
f 2/1982 56/1981 59/1983
f 1/1980 2/1982 390/1984
f 393/1985 1/1986 390/1987
f 391/1988 393/1989 394/1990
f 394/1990 393/1989 390/1991
f 2/1992 394/1993 390/1994
f 59/1995 56/1996 61/1997
f 59/1995 61/1997 64/1998
f 64/1998 61/1997 55/1999
f 64/1998 55/1999 63/2000
f 55/2001 61/2002 77/2003
f 82/2004 90/2005 77/2006
f 77/2007 90/2008 62/2009
f 62/2009 90/2008 76/2010
f 77/2011 62/2012 55/2013
f 90/2014 63/2015 76/2016
f 76/2017 63/2018 55/2019
f 76/2017 55/2019 62/2020
f 88/2021 74/2022 87/2023
f 87/2023 74/2022 68/2024
f 87/2025 68/2026 69/2027
f 69/2027 68/2026 54/2028
f 54/2029 68/2030 60/2031
f 60/2031 68/2030 74/2032
f 60/2031 74/2032 70/2033
f 70/2033 74/2032 83/2034
f 70/2033 83/2034 85/2035
f 70/2033 85/2035 72/2036
f 54/2037 60/2038 69/2039
f 69/2039 60/2038 75/2040
f 75/2040 60/2038 70/2041
f 75/2040 70/2041 84/2042
f 75/2040 84/2042 88/2043
f 88/2043 84/2042 92/2044
f 84/2042 70/2041 72/2045
f 84/2042 72/2045 86/2046
f 87/2047 69/2048 75/2049
f 87/2047 75/2049 88/2050
f 83/2051 74/2052 88/2053
f 83/2051 88/2053 92/2054
f 83/2055 92/2056 97/2057
f 83/2055 97/2057 85/2058
f 85/2058 97/2057 89/2059
f 92/2060 84/2061 86/2062
f 92/2060 86/2062 97/2063
f 97/2063 86/2062 89/2064
f 89/2065 86/2066 72/2067
f 89/2065 72/2067 85/2068
f 523/2069 507/2070 472/2071
f 523/2072 472/2073 502/2074
f 502/2075 472/2076 484/2077
f 502/2075 484/2077 512/2078
f 484/2079 472/2080 507/2081
f 484/2079 507/2081 508/2082
f 508/2082 507/2081 518/2083
f 518/2083 507/2081 526/2084
f 502/2085 512/2086 523/2087
f 523/2087 512/2086 524/2088
f 523/2087 524/2088 541/2089
f 523/2087 541/2089 549/2090
f 549/2090 541/2089 526/2091
f 526/2091 541/2089 518/2092
f 512/2093 484/2094 524/2095
f 524/2095 484/2094 508/2096
f 524/2095 508/2096 541/2097
f 541/2097 508/2096 518/2098
f 523/2099 549/2100 507/2101
f 507/2101 549/2100 526/2102
f 557/2103 583/2104 553/2105
f 583/2104 557/2103 595/2106
f 595/2106 557/2103 587/2107
f 595/2106 587/2107 629/2108
f 553/2109 583/2110 578/2111
f 553/2112 578/2113 557/2114
f 557/2114 578/2113 588/2115
f 557/2114 588/2115 587/2116
f 587/2116 588/2115 628/2117
f 578/2118 583/2119 588/2120
f 588/2120 583/2119 595/2121
f 588/2120 595/2121 628/2122
f 628/2122 595/2121 629/2123
f 628/2124 629/2125 587/2126
f 626/2127 649/2128 560/2129
f 649/2128 626/2127 685/2130
f 685/2130 626/2127 669/2131
f 560/2132 649/2133 561/2134
f 561/2134 649/2133 650/2135
f 560/2136 561/2137 626/2138
f 626/2138 561/2137 627/2139
f 561/2140 650/2141 627/2142
f 627/2142 650/2141 670/2143
f 670/2143 650/2141 686/2144
f 650/2145 649/2146 686/2147
f 686/2147 649/2146 685/2148
f 686/2147 685/2148 670/2149
f 670/2149 685/2148 669/2150
f 627/2151 670/2152 626/2153
f 626/2153 670/2152 669/2154
f 661/2155 634/2156 572/2157
f 661/2155 572/2157 601/2158
f 572/2159 634/2160 575/2161
f 575/2161 634/2160 641/2162
f 641/2162 634/2160 696/2163
f 696/2163 634/2160 694/2164
f 572/2165 575/2166 601/2167
f 601/2167 575/2166 609/2168
f 634/2169 661/2170 694/2171
f 694/2171 661/2170 716/2172
f 661/2173 601/2174 672/2175
f 672/2175 601/2174 609/2176
f 661/2173 672/2175 716/2177
f 716/2177 672/2175 718/2178
f 609/2179 575/2180 641/2181
f 609/2179 641/2181 672/2182
f 672/2182 641/2181 696/2183
f 672/2182 696/2183 718/2184
f 694/2185 716/2186 696/2187
f 696/2187 716/2186 718/2188
f 725/2189 709/2190 657/2191
f 725/2189 657/2191 682/2192
f 657/2193 709/2194 655/2195
f 655/2195 709/2194 710/2196
f 710/2196 709/2194 743/2197
f 743/2197 709/2194 748/2198
f 657/2199 655/2200 682/2201
f 682/2201 655/2200 679/2202
f 709/2203 725/2204 748/2205
f 748/2205 725/2204 765/2206
f 725/2207 682/2208 726/2209
f 726/2209 682/2208 679/2210
f 725/2207 726/2209 765/2211
f 765/2211 726/2209 763/2212
f 679/2213 655/2214 710/2215
f 679/2213 710/2215 726/2216
f 710/2217 743/2218 726/2219
f 726/2219 743/2218 763/2220
f 743/2221 748/2222 765/2223
f 743/2221 765/2223 763/2224
f 701/2225 692/2226 691/2227
f 692/2226 701/2225 702/2228
f 691/2227 692/2226 706/2229
f 691/2227 706/2229 705/2230
f 701/2231 691/2232 782/2233
f 782/2233 691/2232 790/2234
f 701/2231 782/2233 772/2235
f 701/2231 772/2235 728/2236
f 728/2236 772/2235 750/2237
f 790/2234 691/2232 786/2238
f 786/2238 691/2232 705/2239
f 786/2238 705/2239 778/2240
f 778/2240 705/2239 732/2241
f 778/2240 732/2241 760/2242
f 702/2243 701/2244 728/2245
f 702/2243 728/2245 729/2246
f 729/2246 728/2245 750/2247
f 729/2246 750/2247 751/2248
f 751/2248 750/2247 772/2249
f 751/2248 772/2249 773/2250
f 751/2251 773/2252 729/2253
f 729/2253 773/2252 702/2254
f 702/2254 773/2252 783/2255
f 702/2254 783/2255 692/2256
f 692/2256 783/2255 791/2257
f 692/2256 791/2257 787/2258
f 692/2256 787/2258 706/2259
f 706/2259 787/2258 779/2260
f 706/2259 779/2260 733/2261
f 733/2261 779/2260 761/2262
f 773/2263 772/2264 782/2265
f 773/2263 782/2265 783/2266
f 783/2266 782/2265 790/2267
f 783/2266 790/2267 791/2268
f 791/2268 790/2267 786/2269
f 791/2268 786/2269 787/2270
f 786/2271 778/2272 787/2273
f 787/2273 778/2272 779/2274
f 779/2274 778/2272 760/2275
f 779/2274 760/2275 761/2276
f 761/2276 760/2275 732/2277
f 761/2276 732/2277 733/2278
f 706/2279 733/2280 705/2281
f 705/2281 733/2280 732/2282
