mtllib steampunk+mirror+3d+model.mtl
o tripo_node_cbdd6042-f75b-451e-9a26-ff16f8d607f6
g tripo_node_cbdd6042-f75b-451e-9a26-ff16f8d607f6
usemtl tripo_node_cbdd6042_f75b_451e_9a26_ff16f8d607f6_material
v -0.268554658 0.000000000 0.159179717
vt 0.606689453 0.911865234
vn -0.573489010 0.337808609 0.746321440
v -0.268554658 0.046875000 0.137695342
vt 0.584472656 0.942382812
vn -0.589001179 0.667534649 0.455494314
v -0.272460908 0.000000000 0.081054740
vt 0.564941406 0.906494141
vn -0.705345511 0.070534557 0.705345750
v -0.270507783 0.048828125 0.077148490
vt 0.555175781 0.939453125
vn -0.274968982 0.911325812 0.306394041
v -0.184570268 0.046875000 0.137695342
vt 0.597412109 0.979736328
vn 0.575517356 0.678006589 0.457260191
v -0.254882783 0.048828125 0.059570357
vt 0.553222656 0.951416016
vn 0.300060302 0.908077240 0.292163938
v -0.327148408 0.048828125 0.059570368
vt 0.516601562 0.936767578
vn -0.564831853 0.753109217 0.337330163
v -0.333007783 0.044921875 0.077148497
vt 0.521972656 0.918945312
vn -0.577025473 0.553312123 0.600738943
v -0.338867158 0.000000000 0.079101622
vt 0.531738281 0.886962891
vn -0.728409767 0.125317827 0.673583388
v -0.338867188 0.000000000 -0.100585878
vt 0.425781250 0.885498047
vn -0.770603240 0.102222800 -0.629063666
v -0.333007812 0.044921875 -0.100585878
vt 0.443847656 0.921630859
vn -0.589292169 0.612863719 -0.526434124
v -0.323242188 0.044921875 -0.102539003
vt 0.437988281 0.927001953
vn -0.644392192 0.487223208 -0.589382946
v -0.323242188 0.000000000 -0.102539003
vt 0.416748047 0.887695312
vn -0.741630495 0.015779309 -0.670623124
vt 0.568603516 0.050781250
vt 0.589599609 0.056640625
vt 0.565917969 0.094238281
v -0.184570268 0.000000000 0.159179717
vt 0.590087891 0.096435547
vn 0.566648185 0.346285075 0.747660697
v -0.182617143 0.000000000 0.131835967
vt 0.586669922 0.105957031
vn 0.694205940 0.118330605 0.709983170
v -0.182617158 0.039062500 0.124023475
vt 0.562988281 0.099853516
vn 0.803947628 0.488674074 0.338918924
v -0.184570283 0.048828125 0.028320350
vt 0.530517578 0.130615234
vn 0.267542511 0.495740414 0.826233923
v -0.182617158 0.041015625 0.030273475
vt 0.533203125 0.131835938
vn 0.496988326 0.694205880 0.520654261
vt 0.521240234 0.115966797
vt 0.750732422 0.820556641
vt 0.738525391 0.865478516
v -0.321289062 0.046875000 -0.147460878
vt 0.717529297 0.860351562
vn -0.582605064 0.637716174 -0.503874481
v -0.321289062 0.000000000 -0.159179628
vt 0.693847656 0.835205078
vn -0.632435858 0.189730659 -0.751017392
v -0.256835938 0.048828125 -0.102539010
vt 0.723876953 0.905761719
vn 0.299027175 0.889212668 -0.346242160
v -0.184570312 0.046875000 -0.147460908
vt 0.684082031 0.924072266
vn 0.567421794 0.638349652 -0.520136833
v -0.184570312 0.000000000 -0.159179658
vt 0.662109375 0.919433594
vn 0.620185077 0.188410699 -0.761493266
v -0.184570298 0.048828125 -0.067382775
vt 0.713867188 0.958007812
vn 0.291682273 0.386282027 -0.875047207
v -0.254882812 0.048828125 -0.067382768
vt 0.739990234 0.920166016
vn 0.542684853 0.605605006 -0.582010090
v -0.182617188 0.039062500 -0.125976533
vt 0.680664062 0.942626953
vn 0.826157153 0.456353515 -0.330463022
v -0.182617188 0.000000000 -0.131835908
vt 0.660156250 0.934570312
vn 0.711223483 0.102732293 -0.695418775
v -0.053710934 0.000000000 -0.131835938
vt 0.607910156 0.988037109
vn -0.000000136 0.149107888 -0.988820970
v -0.053710934 0.039062500 -0.125976562
vt 0.630126953 1.000000000
vn -0.260798424 0.403051883 -0.877230585
v -0.098632805 0.041015625 -0.081054658
vt 0.670166016 0.990966797
vn -0.314950943 0.873988688 -0.370067269
v -0.182617173 0.041015625 -0.067382775
vt 0.711181641 0.960937500
vn 0.495816976 0.629609048 -0.598128676
v -0.100585923 0.041015625 -0.067382783
vt 0.756835938 0.992919922
vn -0.526434302 0.589292049 -0.612863660
v -0.327148438 0.080078125 -0.102539010
vt 0.467285156 0.735107422
vn -0.612523615 0.518289089 -0.596817732
vt 0.453125000 0.776367188
vt 0.442626953 0.741455078
vt 0.463867188 0.650878906
v -0.256835938 0.080078125 -0.102539018
vt 0.472900391 0.766113281
vn 0.577025473 0.553312182 -0.600739002
vt 0.469726562 0.782958984
v -0.327148408 0.082031250 0.057617243
vt 0.486816406 0.667724609
vn -0.598110020 0.558760703 0.574500561
v -0.321289062 0.083984375 -0.065429635
vt 0.494384766 0.736328125
vn -0.551608801 0.772252262 -0.315204978
v -0.258789062 0.083984375 -0.065429643
vt 0.492431641 0.778320312
vn 0.047185484 0.369620681 -0.927983880
v -0.256835938 0.187500000 -0.065429643
vt 0.549072266 0.779785156
vn 0.298519254 0.329942405 -0.895558178
vt 0.469970703 0.821044922
v -0.098632805 0.152343750 -0.067382790
vt 0.548583984 0.875732422
vn -0.669270635 -0.338572234 -0.661396742
v -0.143554688 0.187500000 -0.065429658
vt 0.577636719 0.847656250
vn -0.812915921 -0.260448843 -0.520897448
v -0.258789062 0.210937500 -0.065429643
vt 0.562500000 0.777587891
vn 0.558156013 -0.141504377 -0.817580938
v -0.321289062 0.207031250 -0.065429635
vt 0.556396484 0.742187500
vn -0.588348567 -0.196116209 -0.784464538
v -0.321289062 0.207031250 -0.040039018
vt 0.557861328 0.727050781
vn -0.922117889 -0.386186153 -0.023643911
v -0.321289062 0.207031250 0.012695360
vt 0.558837891 0.695800781
vn -0.872799039 -0.487509429 0.023589300
v -0.319335908 0.083984375 0.043945365
vt 0.496093750 0.673339844
vn -0.402248710 0.843933642 0.354925394
v -0.321289033 0.207031250 0.043945357
vt 0.564208984 0.676757812
vn -0.549903989 -0.235673189 0.801288903
v -0.329101533 0.214843750 0.043945361
vt 0.569335938 0.679687500
vn -0.669249773 -0.322814673 0.669249952
v -0.258789033 0.083984375 0.043945357
vt 0.500244141 0.633789062
vn 0.834335506 0.377812356 0.401425391
v -0.258789033 0.208984375 0.043945350
vt 0.578613281 0.641357422
vn 0.600232959 -0.126364753 0.789779961
v -0.256835908 0.187500000 0.026367227
vt 0.561279297 0.632812500
vn 0.876956820 0.331821531 0.347622395
v -0.256835908 0.082031250 0.059570357
vt 0.491455078 0.631103516
vn 0.577205956 0.561392009 0.593019664
vt 0.479736328 0.614013672
v -0.254882783 0.048828125 0.028320359
vt 0.496582031 0.611816406
vn 0.558760762 0.598110080 0.574500442
vt 0.489501953 0.571044922
v -0.190429673 0.107421875 0.026367221
vt 0.528564453 0.579345703
vn 0.395829499 -0.633327007 0.664993286
v -0.213867173 0.130859375 0.026367225
vt 0.550292969 0.597167969
vn -0.418348551 0.031573504 0.907737672
v -0.190429673 0.154296875 0.026367219
vt 0.562988281 0.587158203
vn -0.023606583 0.424920350 0.904922903
v -0.213867173 0.128906250 0.040039100
vt 0.550292969 0.590087891
vn -0.992402971 0.094514526 0.078762263
v -0.190429673 0.152343750 0.049804721
vt 0.557128906 0.577636719
vn -0.039387170 0.921660006 0.385994345
v -0.211914033 0.111328125 0.059570350
vt 0.553955078 0.576171875
vn -0.993512928 -0.063080221 0.094620414
vt 0.990966797 0.660156250
vt 0.984130859 0.660400391
v -0.282226533 0.257812500 0.043945353
vt 0.987060547 0.630126953
vn 0.495510399 0.503375649 0.707871854
vt 0.962890625 0.639892578
v -0.331054658 0.228515625 0.041992236
vt 0.998291016 0.655517578
vn -0.769106567 0.266832888 0.580754101
v -0.291992158 0.265625000 0.043945353
vt 0.992919922 0.629394531
vn 0.141979009 0.749333501 0.646793067
v -0.301757783 0.263671875 0.041992232
vt 0.998535156 0.632812500
vn -0.456622154 0.716424465 0.527477324
v -0.290039062 0.265625000 0.012695353
vt 0.995361328 0.615722656
vn 0.290225089 0.956958413 -0.000000080
vt 0.364746094 0.107421875
vt 0.368408203 0.125244141
v -0.331054688 0.212890625 0.012695361
vt 0.359130859 0.111328125
vn -0.827978969 -0.559871495 0.031542186
vt 0.342773438 0.086669922
v -0.333007812 0.224609375 0.012695361
vt 0.353271484 0.115966797
vn -0.977074921 0.212750152 0.007879755
vt 0.360839844 0.130126953
v -0.329101562 0.214843750 -0.040039014
vt 0.339599609 0.093261719
vn -0.860618711 -0.505317450 -0.063164540
v -0.327148438 0.214843750 -0.065429635
vt 0.329833984 0.085693359
vn -0.669021845 -0.306962997 -0.676892519
vt 0.329101562 0.078613281
v -0.333007812 0.226562500 -0.040039014
vt 0.334960938 0.099609375
vn -0.984954536 0.157592684 -0.070916601
v -0.284179688 0.257812500 -0.065429650
vt 0.299804688 0.099365234
vn 0.411250204 0.569423497 -0.711779535
vt 0.290283203 0.076171875
v -0.329101562 0.226562500 -0.065429635
vt 0.327148438 0.092041016
vn -0.715825856 0.173056707 -0.676494479
v -0.252929688 0.216796875 -0.063476525
vt 0.285888672 0.080810547
vn 0.849341094 -0.031457063 -0.526906192
v -0.303710938 0.265625000 -0.041992143
vt 0.308837891 0.115722656
vn -0.385099292 0.919522643 -0.078591667
v -0.299804688 0.263671875 -0.063476525
vt 0.305419922 0.104980469
vn -0.220520422 0.763945341 -0.606430888
v -0.284179688 0.261718750 -0.045898397
vt 0.294677734 0.111816406
vn 0.039501213 0.837428033 -0.545118272
v -0.250976562 0.216796875 -0.038085900
vt 0.276367188 0.086669922
vn 0.886199594 -0.384281218 -0.258801728
v -0.301757812 0.265625000 0.012695354
vt 0.328125000 0.131347656
vn -0.431243271 0.901690423 0.031363159
vt 0.338378906 0.139892578
vt 0.322753906 0.136474609
vt 0.336669922 0.143554688
v -0.295898438 0.265625000 -0.016601522
vt 0.311523438 0.129638672
vn -0.353706330 0.935356557 0.000000005
v -0.250976562 0.257812500 -0.051757775
vt 0.278808594 0.108886719
vn 0.361309677 0.102109261 -0.926838219
v -0.233398438 0.246093750 -0.036132779
vt 0.267089844 0.098876953
vn 0.875945866 -0.031565603 -0.481375784
v -0.272460938 0.275390625 -0.047851522
vt 0.289550781 0.118652344
vn -0.181181133 0.638072193 -0.748356402
v -0.284179688 0.287109375 -0.016601523
vt 0.296875000 0.134765625
vn -0.510893285 0.856728733 0.070739090
v -0.280273438 0.259765625 0.014648477
vt 0.302734375 0.148437500
vn 0.386162192 0.772324324 0.504374921
v -0.262695312 0.269531250 0.014648475
vt 0.291748047 0.154541016
vn 0.149922788 0.410314739 0.899536073
v -0.229492173 0.244140625 -0.014648404
vt 0.255126953 0.102050781
vn 0.979296744 -0.189541265 0.071077868
v -0.250976562 0.214843750 -0.018554648
vt 0.247070312 0.090576172
vn 0.699012816 -0.714720905 -0.023562292
v -0.231445298 0.253906250 -0.018554654
vt 0.260009766 0.104003906
vn 0.978717029 0.205214888 -0.000000137
v -0.254882812 0.269531250 -0.045898400
vt 0.279296875 0.116455078
vn 0.384482205 0.431561798 -0.816044152
v -0.247070312 0.300781250 -0.045898404
vt 0.271240234 0.128906250
vn -0.007865073 -0.637065053 -0.770770013
v -0.221679688 0.300781250 -0.018554656
vt 0.251953125 0.121337891
vn 0.402361453 -0.915175021 -0.023668334
v -0.276367188 0.287109375 -0.018554650
vt 0.292480469 0.137939453
vn -0.487630039 0.873014987 -0.007864974
v -0.274414062 0.300781250 -0.018554650
vt 0.285400391 0.139648438
vn -0.855408609 -0.517953873 0.000000135
v -0.247070298 0.300781250 0.006835971
vt 0.276611328 0.155761719
vn 0.007905580 -0.569192171 0.822166502
v -0.254882812 0.271484375 0.008789099
vt 0.287841797 0.156738281
vn 0.410314828 0.149922743 0.899536014
vt 0.282226562 0.178710938
vt 0.267578125 0.173828125
vt 0.187011719 0.177978516
vt 0.185546875 0.180908203
vt 0.161865234 0.173339844
vt 0.171142578 0.177246094
vt 0.160888672 0.191894531
vt 0.148193359 0.139892578
vt 0.168457031 0.130371094
vt 0.202392578 0.170166016
vt 0.247802734 0.126220703
v -0.250976562 0.216796875 0.002929725
vt 0.155517578 0.162109375
vn 0.903943956 -0.345856786 0.251532137
vt 0.144775391 0.181884766
v -0.252929658 0.218750000 0.041992225
vt 0.144287109 0.142822266
vn 0.835968494 0.070978507 0.544167936
vt 0.126953125 0.121826172
vt 0.047363281 0.031494141
vt 0.043701172 0.017089844
vt 0.053222656 0.031494141
vt 0.037841797 0.041015625
vt 0.062011719 0.001464844
vt 0.076660156 0.017089844
v -0.235351548 0.248046875 0.002929722
vt 0.078125000 0.032714844
vn 0.741100132 0.110376664 0.662259519
vt 0.087402344 0.032470703
vt 0.060791016 0.038574219
vt 0.086181641 0.040039062
vt 0.122558594 0.028076172
vt 0.133789062 0.013916016
v -0.202148423 0.302734375 0.008789090
vt 0.143798828 0.028808594
vn -0.833689928 -0.495495021 0.243815124
v -0.215820312 0.300781250 -0.018554658
vt 0.136474609 0.013183594
vn -0.597407460 -0.801783741 -0.015721137
v -0.213867173 0.234375000 -0.022460906
vt 0.166503906 0.000488281
vn -0.888964951 -0.456282943 -0.039334599
v -0.188476548 0.249999985 0.049804717
vt 0.176513672 0.037109375
vn -0.607619107 -0.370884448 0.702313185
vt 0.281982422 0.362060547
vt 0.260009766 0.373291016
v -0.266601562 0.306640625 0.010742224
vt 0.264892578 0.363037109
vn -0.503126502 -0.448097169 0.738967299
vt 0.238769531 0.378662109
v -0.211914048 0.339843750 0.012695340
vt 0.241455078 0.346923828
vn -0.936253548 -0.196691960 0.291104198
v -0.280273438 0.306640625 -0.018554648
vt 0.279296875 0.357177734
vn -0.937938750 -0.346800923 0.000000138
v -0.264648438 0.337890625 0.010742222
vt 0.260742188 0.343261719
vn -0.454723597 0.533124328 0.713445842
v -0.252929688 0.341796875 0.000976595
vt 0.252685547 0.336425781
vn -0.243814990 0.896609962 0.369655013
v -0.227539048 0.382812500 0.024414090
vt 0.229003906 0.332519531
vn -0.970763683 0.110493369 -0.213094324
v -0.266601562 0.341796875 -0.018554652
vt 0.273193359 0.334228516
vn -0.674930334 0.737714529 0.015696110
v -0.280273438 0.337890625 -0.018554650
vt 0.274902344 0.341308594
vn -0.849735498 0.527150631 0.007868010
v -0.264648438 0.306640625 -0.049804654
vt 0.294677734 0.350097656
vn -0.504249811 -0.456976384 -0.732737899
v -0.264648438 0.337890625 -0.049804654
vt 0.288574219 0.335205078
vn -0.474193633 0.529515982 -0.703386962
v -0.252929688 0.341796875 -0.040039029
vt 0.287109375 0.327636719
vn -0.000000086 0.940483809 -0.339838713
vt 0.303466797 0.353759766
v -0.209960938 0.337890625 -0.053710911
vt 0.311767578 0.325683594
vn -0.955812812 0.031597063 -0.292273194
vt 0.286621094 0.306640625
v -0.202148438 0.306640625 -0.053710911
vt 0.327636719 0.339843750
vn -0.858134747 -0.417258203 -0.299166083
vt 0.296875000 0.279296875
vt 0.321533203 0.360107422
v -0.227539062 0.382812500 -0.081054658
vt 0.324218750 0.297363281
vn -0.715538085 -0.141535044 -0.684085667
vt 0.324707031 0.358886719
v -0.217773438 0.330078125 -0.079101533
vt 0.333251953 0.321777344
vn -0.857815921 -0.220356435 -0.464322209
v -0.188476562 0.248046875 -0.079101540
vt 0.359863281 0.352783203
vn -0.599243164 -0.370584607 -0.709629953
v -0.143554688 0.187500000 -0.079101533
vt 0.398925781 0.364990234
vn -0.559193850 -0.519813955 -0.645829439
vt 0.356201172 0.375976562
vt 0.804931641 0.317626953
vt 0.819091797 0.279296875
v -0.184570312 0.248046875 -0.047851536
vt 0.824951172 0.296630859
vn -0.282598615 -0.894895673 -0.345398277
vt 0.851806641 0.250976562
v -0.184570312 0.226562500 -0.045898411
vt 0.820312500 0.312255859
vn 0.031502809 -0.511922181 -0.858454049
v -0.161132798 0.226562500 -0.022460913
vt 0.836425781 0.314941406
vn -0.496849179 -0.867514491 0.023659589
v -0.200195298 0.222656250 -0.022460908
vt 0.808105469 0.328857422
vn -0.827747285 -0.559714854 -0.039416403
v -0.184570298 0.226562500 0.004882841
vt 0.785644531 0.326416016
vn 0.023661822 -0.559993267 0.828159213
v -0.184570312 0.222656250 -0.036132786
vt 0.817626953 0.323242188
vn 0.015798990 -0.703057826 -0.710957229
v -0.200195298 0.177734375 -0.022460904
vt 0.820800781 0.355957031
vn -0.645269394 0.763306439 -0.031476501
v -0.184570298 0.222656250 -0.006835909
vt 0.798095703 0.335693359
vn 0.023650777 -0.748937488 0.662218451
v -0.184570298 0.177734375 -0.006835907
vt 0.809082031 0.363037109
vn 0.000000053 0.756468594 0.654030085
v -0.184570298 0.173828125 0.004882844
vt 0.806396484 0.371337891
vn 0.015773566 0.536298335 0.843881130
v -0.211914048 0.173828125 -0.022460902
vt 0.821289062 0.364013672
vn -0.834051192 0.550788462 -0.031473543
v -0.184570298 0.177734375 -0.036132783
vt 0.839843750 0.354003906
vn -0.000000119 0.756468534 -0.654030144
v -0.168945298 0.222656250 -0.022460911
vt 0.831298828 0.327636719
vn 0.733626544 -0.678407252 -0.039442353
v -0.184570298 0.173828125 -0.049804658
vt 0.839599609 0.365478516
vn -0.000000135 0.502893507 -0.864348352
v -0.157226548 0.173828125 -0.022460910
vt 0.851806641 0.366455078
vn 0.853255212 0.521433771 -0.007900646
v -0.225585923 0.330078125 0.024414092
vt 0.556884766 0.210937500
vn -0.801066458 -0.369118869 -0.471215397
vt 0.548095703 0.210449219
vt 0.542480469 0.196289062
vt 0.544677734 0.241455078
vt 0.562255859 0.183837891
v -0.233398423 0.332031250 0.032226592
vt 0.560546875 0.218017578
vn -0.750829816 -0.616470873 -0.237104028
v -0.241210923 0.378906250 0.032226589
vt 0.552734375 0.244873047
vn -0.843566418 0.409957379 -0.346887022
v -0.235351548 0.378906250 0.063476592
vt 0.567626953 0.249511719
vn -0.638428867 0.441382945 0.630547166
v -0.215820298 0.332031250 0.051757842
vt 0.575439453 0.214599609
vn -0.189499840 -0.868541420 0.457958251
v -0.153320298 0.345703125 0.051757831
vt 0.614257812 0.210937500
vn 0.298280329 -0.196236908 0.934087873
v -0.229492173 0.332031250 0.063476592
vt 0.573730469 0.223144531
vn -0.487403810 -0.636769652 0.597462952
v -0.174804673 0.388671875 0.069335960
vt 0.601318359 0.249267578
vn 0.078662232 0.668628395 0.739424348
v -0.159179673 0.345703125 0.067382835
vt 0.604980469 0.219726562
vn 0.527150810 -0.503546894 0.684509039
v -0.161132798 0.384765625 0.065429710
vt 0.607421875 0.239990234
vn 0.681666732 0.501456022 0.532796860
v -0.161132798 0.386718750 0.051757831
vt 0.612304688 0.237060547
vn 0.368755162 0.345217586 0.863043725
v -0.030273419 0.222656250 0.051757820
vt 0.693603516 0.179931641
vn -0.274867117 0.329840690 0.903135240
vt 0.945800781 0.320312500
vt 0.949462891 0.313720703
v -0.229492173 0.382812500 0.049804714
vt 0.951171875 0.318847656
vn -0.536298335 0.772900581 0.339129835
vt 0.963867188 0.303955078
vt 0.945312500 0.324707031
v -0.172851548 0.390625000 0.051757831
vt 0.964355469 0.307617188
vn 0.047190078 0.605605066 0.794364989
vt 0.968750000 0.301513672
vt 0.968261719 0.305908203
v -0.237304688 0.500000000 0.049804710
vt 0.977294922 0.348388672
vn -0.734174848 0.007894352 0.678914547
v -0.239257827 0.500000000 -0.079101540
vt 0.938720703 0.374511719
vn -0.749123871 -0.007885576 -0.662383020
vt 0.914550781 0.340087891
vt 0.939941406 0.036132812
vt 0.909667969 0.043457031
v -0.182617188 0.625000000 0.051757824
vt 0.947021484 0.003173828
vn 0.031524546 -0.614726067 0.788110435
v -0.168945312 0.628906250 0.051757820
vt 0.945068359 0.000488281
vn 0.355080158 -0.347189307 0.867973387
v -0.235351562 0.601562500 0.049804706
vt 0.955322266 0.014160156
vn -0.824703455 -0.007854329 0.565510988
v -0.221679688 0.628906250 0.014648453
vt 0.966308594 0.017333984
vn -0.923639417 -0.205253243 0.323668659
vt 0.968994141 0.055175781
v -0.233398452 0.599609375 -0.081054673
vt 0.985351562 0.033935547
vn -0.826976836 0.110263504 -0.551317692
v -0.235351562 0.634765625 0.024414081
vt 0.965820312 0.013671875
vn -0.773405910 -0.205189362 -0.599784017
v -0.227539062 0.632812500 0.051757827
vt 0.961181641 0.010009766
vn -0.495448947 -0.739241421 0.456127763
vt 0.581542969 0.620117188
vt 0.606445312 0.566894531
v -0.053710934 0.152343750 -0.083007798
vt 0.597412109 0.763183594
vn -0.307220131 0.291465104 -0.905905128
vt 0.493164062 0.509033203
vt 0.384033203 0.567871094
vt 0.406494141 0.531494141
v -0.096679680 0.152343750 -0.081054665
vt 0.385253906 0.545166016
vn -0.495786548 -0.212479964 -0.842049956
v -0.055664055 0.041015625 -0.083007790
vt 0.342529297 0.552246094
vn -0.572078645 0.572078526 -0.587751806
vt 0.334960938 0.535888672
vt 0.334716797 0.531738281
vt 0.382568359 0.541503906
vt 0.333007812 0.511230469
vt 0.305419922 0.514892578
vt 0.328125000 0.565673828
v -0.053710938 0.150390625 -0.112304673
vt 0.378906250 0.581054688
vn -0.587607682 0.587607563 -0.556268394
v 0.055664062 0.150390625 -0.112304688
vt 0.394287109 0.616943359
vn 0.587607503 0.587607622 -0.556268573
v 0.055664066 0.039062500 -0.125976562
vt 0.326904297 0.608642578
vn 0.259000719 0.400273979 -0.879033208
vt 0.317138672 0.572021484
vt 0.003173828 0.196289062
vt 0.069091797 0.238037109
vt 0.067871094 0.241943359
v 0.161132827 0.386718750 0.051757786
vt 0.009765625 0.329589844
vn -0.345856696 0.251532227 0.903943956
vt 0.327636719 0.012207031
vt 0.316162109 0.025146484
vt 0.320800781 0.009277344
vt 0.321777344 0.002441406
v -0.243164062 0.638671875 0.032226581
vt 0.318847656 0.002197266
vn -0.903218806 -0.353433490 -0.243476257
v -0.237304688 0.636718750 0.063476577
vt 0.316162109 0.008300781
vn -0.662403643 -0.449488282 0.599317789
v -0.229492188 0.681640625 0.063476577
vt 0.303955078 0.003417969
vn -0.487584680 0.621277332 0.613413095
v -0.184570312 0.626953125 0.071289070
vt 0.313476562 0.020019531
vn 0.063000068 -0.669374287 0.740249336
v -0.174804688 0.671875000 0.071289070
vt 0.302490234 0.017578125
vn 0.306290150 0.581165850 0.753944814
v -0.219726562 0.683593750 0.051757827
vt 0.300048828 0.005126953
vn -0.260036051 0.866786957 0.425513625
v -0.168945312 0.630859375 0.065429695
vt 0.311279297 0.022949219
vn 0.691350758 -0.526369154 0.494944155
vt 0.311767578 0.025878906
v -0.163085938 0.664062500 0.065429695
vt 0.302490234 0.021240234
vn 0.824703574 0.259192556 0.502676249
v -0.161132812 0.664062500 0.051757820
vt 0.300537109 0.023681641
vn 0.464078158 0.149448931 0.873095930
v -0.172851562 0.673828125 0.051757820
vt 0.297607422 0.019042969
vn 0.251501232 0.542299390 0.801659882
v -0.211914062 0.707031250 0.049804699
vt 0.293701172 0.006103516
vn -0.679041326 0.236874908 0.694833159
v -0.174804688 0.712890625 0.051757816
vt 0.288330078 0.016601562
vn 0.047108609 -0.353313565 0.934318066
v -0.149414062 0.750000000 0.051757812
vt 0.281005859 0.023193359
vn 0.395223081 0.055331275 0.916917205
v -0.202148438 0.732421875 0.051757820
vt 0.287109375 0.006103516
vn -0.768704236 -0.533386707 0.352976590
v -0.176757812 0.716796875 0.069335945
vt 0.281738281 0.016357422
vn 0.070530355 -0.713138938 0.697465658
v -0.211914062 0.742187500 0.063476577
vt 0.282958984 0.004150391
vn -0.779987037 -0.118179873 0.614535391
v -0.151367188 0.750000000 0.069335945
vt 0.274658203 0.017578125
vn 0.739722013 0.125910178 0.661027968
vt 0.913818359 0.108642578
vt 0.914794922 0.173339844
v -0.235351562 0.681640625 0.032226577
vt 0.889892578 0.153320312
vn -0.734655917 0.600363910 -0.315980941
vt 0.895996094 0.181152344
v -0.225585938 0.683593750 0.026367202
vt 0.877929688 0.153076172
vn -0.489694297 0.592372000 -0.639761686
vt 0.868408203 0.191406250
vt 0.897705078 0.099121094
v -0.217773438 0.681640625 0.022460951
vt 0.865722656 0.148437500
vn -0.812814653 0.339330316 -0.473484159
vt 0.877929688 0.086669922
vt 0.142333984 0.542724609
vt 0.131591797 0.526123047
v 0.038085930 0.806640625 0.051757786
vt 0.268554688 0.531005859
vn 0.268274456 -0.323507249 0.907398403
v -0.032226570 0.806640625 0.051757794
vt 0.241699219 0.560302734
vn -0.268274218 -0.323507249 0.907398522
vt 0.164550781 0.581787109
v -0.040039070 0.845703125 0.051757794
vt 0.252685547 0.583251953
vn -0.653867662 -0.393896252 0.645989895
v -0.100585945 0.851562500 0.051757805
vt 0.224609375 0.608886719
vn -0.401948690 0.606863916 0.685677350
v -0.063476585 0.871093750 -0.024414079
vt 0.248291016 0.660400391
vn -0.999194920 0.007867634 0.039338514
v -0.100585960 0.851562500 -0.081054695
vt 0.210937500 0.666748047
vn -0.393164992 0.605473876 -0.691970170
v -0.157226562 0.802734375 0.049804688
vt 0.176025391 0.612060547
vn -0.553156614 0.513645470 0.655885816
vt 0.156738281 0.585205078
vt 0.150878906 0.572998047
v -0.157226592 0.802734375 -0.079101562
vt 0.173095703 0.692626953
vn -0.565528452 0.494837254 -0.659783006
v -0.206054702 0.716796875 -0.079101548
vt 0.155517578 0.740966797
vn -0.706561983 0.235520571 -0.667308271
v -0.178710938 0.773437500 0.051757816
vt 0.159179688 0.606445312
vn 0.244519368 0.899200201 0.362835109
v -0.186523438 0.777343750 0.061523445
vt 0.151367188 0.604980469
vn -0.109909579 0.800770104 0.588801503
vt 0.136474609 0.593994141
v -0.192382827 0.781250000 0.032226570
vt 0.148925781 0.614746094
vn -0.299027354 0.889212668 -0.346242100
v -0.217773438 0.746093750 0.032226574
vt 0.130615234 0.612060547
vn -0.937909663 0.007881538 -0.346790016
v -0.178710952 0.773437500 0.024414068
vt 0.153076172 0.622314453
vn -0.321878165 0.942082405 0.094208233
v -0.206054688 0.734375000 0.024414072
vt 0.135253906 0.622314453
vn -0.984832287 -0.173330531 -0.007878521
v -0.184570327 0.779296875 -0.018554684
vt 0.144775391 0.648925781
vn 0.418661684 0.821524978 -0.387064755
v -0.202148452 0.730468750 -0.043945305
vt 0.132324219 0.672119141
vn -0.929970384 0.189146444 -0.315244049
vt 0.701660156 0.347412109
vt 0.741210938 0.343994141
vt 0.758056641 0.379882812
vt 0.659912109 0.373291016
v -0.202148452 0.730468750 -0.000976554
vt 0.734130859 0.402099609
vn -0.991542220 -0.125910163 0.031477664
vt 0.763916016 0.354980469
vt 0.754150391 0.319335938
vt 0.794677734 0.285400391
vt 0.797607422 0.351562500
v -0.229492202 0.761718750 0.024414074
vt 0.761474609 0.431884766
vn -0.559714735 -0.354748875 0.748914361
vt 0.790039062 0.410400391
v -0.219726577 0.750000000 -0.018554678
vt 0.729492188 0.453125000
vn -0.386246085 -0.922261059 0.015765239
v -0.237304702 0.765625000 0.004882825
vt 0.769287109 0.457763672
vn -0.583691239 -0.623129964 0.520589650
vt 0.409179688 0.915283203
vt 0.441162109 0.937744141
v -0.030273441 0.808593750 0.069335923
vt 0.418701172 0.954589844
vn -0.489846885 -0.632060647 0.600457668
vt 0.497070312 0.972412109
v -0.038085941 0.845703125 0.073242173
vt 0.392578125 0.937988281
vn -0.361611009 -0.558138847 0.746805608
v -0.002929693 0.841796875 0.075195290
vt 0.394287109 0.974609375
vn -0.086280346 -0.368652940 0.925554276
v 0.014648432 0.847656250 0.075195290
vt 0.401123047 0.985839844
vn 0.212512940 -0.181029364 0.960243046
v -0.014648443 0.851562500 0.075195290
vt 0.385986328 0.962402344
vn 0.023589300 -0.133671880 0.990744889
v -0.049804691 0.849609375 0.075195298
vt 0.388183594 0.927001953
vn -0.512542307 -0.607165694 0.607165754
v -0.008789068 0.859375000 0.075195290
vt 0.375488281 0.971435547
vn -0.157955885 0.126364857 0.979327261
v -0.002929692 0.845703125 0.081054665
vt 0.390136719 0.978027344
vn -0.394398242 -0.520605743 0.757244945
v -0.004882818 0.857421875 0.081054665
vt 0.379882812 0.976074219
vn -0.489343166 0.315705329 0.812941253
v 0.008789056 0.865234375 0.075195290
vt 0.367919922 0.988769531
vn 0.110493541 0.213094503 0.970763624
v -0.036132820 0.880859375 0.075195298
vt 0.347412109 0.946533203
vn 0.055205576 0.236594886 0.970038831
v -0.032226566 0.865234375 0.081054673
vt 0.371582031 0.952636719
vn 0.197482094 -0.039496344 0.979510546
v -0.000976573 0.962890625 0.075195283
vt 0.269775391 0.974121094
vn -0.062820844 -0.251283914 0.965872645
v -0.043945320 0.855468750 0.075195298
vt 0.383056641 0.934326172
vn -0.110321619 -0.252163976 0.961375296
v -0.041992191 0.859375000 0.081054673
vt 0.375976562 0.938720703
vn -0.078867264 -0.599392235 0.796560764
v -0.053710945 0.871093750 0.075195298
vt 0.365478516 0.927978516
vn -0.212433755 0.055075482 0.975622237
v -0.049804691 0.869140625 0.081054673
vt 0.366943359 0.935302734
vn -0.619593501 0.031371836 0.784295797
v -0.038085945 0.876953125 0.081054673
vt 0.358642578 0.945312500
vn 0.094511703 0.598573744 0.795472860
v -0.069335945 0.888671875 0.075195298
vt 0.348632812 0.913085938
vn -0.731897771 -0.165267259 0.661069155
v -0.061523449 0.871093750 0.049804673
vt 0.374267578 0.890869141
vn -0.938755572 -0.094664454 0.331325620
vt 0.399902344 0.869628906
vt 0.365478516 0.795166016
v -0.069335952 0.890625000 0.010742173
vt 0.358398438 0.851806641
vn -0.812586904 -0.370792121 0.449684203
v -0.069335945 0.916015625 0.075195298
vt 0.319580078 0.906250000
vn -0.892145395 0.039475441 0.450020373
v -0.061523456 0.935546875 0.000976544
vt 0.310058594 0.835205078
vn -0.236985728 0.868947744 0.434473872
v -0.067382820 0.939453125 0.075195290
vt 0.294921875 0.908691406
vn -0.623595655 0.536765933 0.568340421
v -0.055664070 0.902343750 0.075195298
vt 0.332031250 0.922851562
vn 0.007883446 -0.244382516 0.969646931
v -0.055664070 0.929687500 0.075195290
vt 0.303466797 0.920410156
vn 0.007883425 0.244382605 0.969646931
v -0.043945320 0.916015625 0.075195298
vt 0.316406250 0.935546875
vn 0.283017576 0.000000054 0.959114730
v -0.065429695 0.916015625 0.081054673
vt 0.318847656 0.913085938
vn -0.615031719 0.000000008 0.788502395
v -0.055664070 0.906250000 0.081054673
vt 0.325927734 0.922363281
vn 0.039394647 -0.614554405 0.787890315
v -0.055664070 0.925781250 0.081054665
vt 0.310302734 0.921386719
vn 0.039394591 0.614554465 0.787890196
v -0.047851570 0.916015625 0.081054673
vt 0.317138672 0.927978516
vn 0.597481430 0.000000061 0.801882744
v -0.045898449 0.943359375 0.075195290
vt 0.289794922 0.933593750
vn -0.322315395 0.503126681 0.801858127
v -0.045898456 0.943359375 0.014648416
vt 0.243164062 0.914794922
vn -0.584327996 0.797528565 -0.150030091
v -0.012695324 0.990234375 0.075195283
vt 0.239013672 0.963623047
vn -0.362294525 0.700961292 0.614325583
v -0.010742199 0.980468750 0.075195283
vt 0.250244141 0.965576172
vn -0.212099209 0.078555338 0.974085748
v 0.006835926 0.988281250 0.075195283
vt 0.233154297 0.974853516
vn 0.086716510 0.228615984 0.969646931
v -0.000976572 0.966796875 0.081054658
vt 0.263183594 0.977783203
vn -0.251773357 -0.574358225 0.778924227
v -0.006835948 0.978515625 0.081054658
vt 0.249511719 0.971679688
vn -0.574002922 0.165124163 0.802031696
v 0.004882802 0.984375000 0.081054658
vt 0.245605469 0.983398438
vn 0.149768963 0.575427949 0.804022491
vt 0.523437500 0.282470703
vt 0.560546875 0.274414062
v -0.063476592 0.871093750 -0.079101577
vt 0.548583984 0.304931641
vn -0.402850777 0.387052566 -0.829398453
v -0.065429710 0.888671875 -0.061523456
vt 0.567138672 0.306640625
vn -0.692484260 -0.173121110 -0.700353205
v -0.086914085 0.873046875 -0.026367201
vt 0.581542969 0.268554688
vn -0.165673018 -0.986149251 0.007889258
v -0.043945339 0.935546875 -0.061523456
vt 0.569824219 0.360351562
vn -0.015745724 0.606205285 -0.795152426
v 0.059570286 0.871093750 -0.081054717
vt 0.495605469 0.356933594
vn 0.386666626 0.370884448 -0.844354033
v -0.086914085 0.888671875 -0.061523452
vt 0.586669922 0.299560547
vn -0.149848133 -0.552071810 -0.820220828
v -0.086914092 0.937500000 -0.063476577
vt 0.604248047 0.332031250
vn -0.134191617 0.505191386 -0.852510631
v -0.100585960 0.890625000 -0.057617199
vt 0.599365234 0.296142578
vn -0.682253361 -0.423467636 -0.595991313
v -0.100585960 0.876953125 -0.026367199
vt 0.597656250 0.269042969
vn -0.670685768 -0.741699636 0.007890542
v -0.102539085 0.886718750 -0.026367199
vt 0.607910156 0.273437500
vn -0.812106907 -0.583455563 0.007884664
v -0.043945339 0.937500000 -0.057617206
vt 0.570556641 0.364013672
vn -0.337071061 0.533042371 -0.776046991
v 0.045898411 0.937500000 -0.057617221
vt 0.516845703 0.396972656
vn 0.212618083 0.740226328 -0.637854636
v -0.049804714 0.937500000 -0.051757831
vt 0.578125000 0.367919922
vn -0.134153813 -0.986425579 0.094696909
v -0.059570335 0.957031250 -0.026367208
vt 0.610351562 0.372070312
vn 0.378128618 0.921688557 0.086654395
v -0.049804710 0.937500000 -0.010742208
vt 0.611328125 0.393798828
vn -0.433649331 0.741146088 0.512494683
v -0.102539085 0.914062500 -0.055664074
vt 0.618652344 0.309326172
vn -0.741722763 -0.000000062 -0.670706570
v -0.124023460 0.884765625 -0.026367195
vt 0.622070312 0.266357422
vn 0.632297516 -0.774564445 0.015807388
v -0.141601592 0.912109375 -0.055664070
vt 0.646972656 0.292480469
vn -0.173632652 0.165740073 -0.970763624
v -0.100585967 0.935546875 -0.059570324
vt 0.616455078 0.326416016
vn -0.676997602 0.393603116 -0.621892989
v -0.102539085 0.941406250 -0.026367201
vt 0.643066406 0.332763672
vn -0.843959987 0.536348283 0.007887564
v -0.157226592 0.937500000 -0.026367193
vt 0.677734375 0.306396484
vn -0.502878129 0.864321709 0.007857498
v -0.141601577 0.912109375 0.000976556
vt 0.689208984 0.331787109
vn -0.117934778 0.188695878 0.974928439
v -0.102539077 0.914062500 0.000976550
vt 0.671386719 0.349365234
vn -0.798949540 0.015820775 0.601189971
v -0.100585952 0.935546875 0.004882799
vt 0.658203125 0.358398438
vn -0.663704991 0.387161285 0.640001416
v -0.100585960 0.951171875 -0.026367202
vt 0.637207031 0.343750000
vn -0.670685828 0.741699576 0.007890477
v -0.086914085 0.955078125 -0.026367204
vt 0.628662109 0.357666016
vn -0.141312405 0.989186585 0.039253410
v -0.086914077 0.939453125 0.006835922
vt 0.652832031 0.373291016
vn -0.023688888 0.592224300 0.805424929
vt 0.631347656 0.392822266
vt 0.627441406 0.408203125
vt 0.654541016 0.447265625
vt 0.272460938 0.625732422
vt 0.281494141 0.635986328
vt 0.271240234 0.630371094
v 0.010742183 0.849609375 0.081054665
vt 0.276611328 0.638671875
vn 0.520865262 -0.284108192 0.804973364
vt 0.265380859 0.641113281
v 0.006835932 0.861328125 0.081054665
vt 0.272949219 0.646240234
vn 0.259376675 0.526613116 0.809569240
vt 0.275146484 0.654541016
v 0.065429680 0.875000000 0.075195283
vt 0.330566406 0.664306641
vn 0.645989895 -0.393896133 0.653867662
v 0.047851555 0.904296875 0.075195283
vt 0.303710938 0.692626953
vn -0.236889556 -0.023688937 0.971247792
v 0.043945309 0.847656250 0.075195283
vt 0.311035156 0.639160156
vn 0.550040007 -0.282877594 0.785771251
vt 0.248779297 0.735107422
v 0.059570301 0.871093750 0.051757783
vt 0.346679688 0.656982422
vn 0.920974433 -0.275505126 0.275505036
v 0.098632805 0.853515625 0.049804654
vt 0.358642578 0.625732422
vn 0.411186099 0.632593930 0.656316161
v 0.057617169 0.871093750 -0.026367219
vt 0.406005859 0.628173828
vn 0.967754245 -0.007867890 -0.251773596
v 0.045898430 0.845703125 0.051757783
vt 0.329589844 0.629150391
vn 0.667308450 -0.235520542 0.706561744
v 0.036132809 0.808593750 0.069335908
vt 0.303955078 0.608886719
vn 0.487404048 -0.636769652 0.597462833
vt 0.258056641 0.587158203
vt 0.312988281 0.596191406
v 0.063476555 0.892578125 0.075195283
vt 0.324462891 0.680908203
vn 0.007843819 -0.290216148 0.956929028
v 0.077148430 0.904296875 0.075195283
vt 0.330322266 0.701416016
vn 0.922289789 -0.078828134 0.378375173
v 0.063476555 0.896484375 0.081054658
vt 0.320556641 0.688476562
vn 0.015721383 -0.597407460 0.801783741
v 0.073242180 0.904296875 0.081054658
vt 0.325439453 0.698974609
vn 0.607789695 -0.086827010 0.789337039
v 0.051757805 0.904296875 0.081054658
vt 0.310058594 0.694091797
vn -0.614535213 -0.118179873 0.779987276
v 0.063476555 0.917968750 0.081054658
vt 0.313476562 0.708007812
vn 0.047319040 0.623033106 0.780762911
v 0.063476555 0.921875000 0.075195283
vt 0.311035156 0.715576172
vn 0.007866334 0.220254108 0.975410879
v 0.069335930 0.939453125 0.075195275
vt 0.312744141 0.731689453
vn 0.553312182 0.577025533 0.600738823
v 0.047851551 0.943359375 0.075195275
vt 0.292724609 0.735839844
vn 0.322315574 0.503126681 0.801858008
v 0.047851544 0.943359375 0.014648404
vt 0.309082031 0.787109375
vn 0.528872252 0.836723387 -0.142085195
v 0.069335923 0.939453125 0.016601527
vt 0.326660156 0.781005859
vn 0.732624114 0.653847456 -0.189064428
v 0.063476540 0.935546875 -0.000976597
vt 0.322265625 0.798095703
v 0.014648426 0.990234375 0.075195283
vt 0.255126953 0.768066406
vn 0.362294674 0.700961351 0.614325523
v 0.014648416 0.990234375 -0.002929718
vt 0.273193359 0.832275391
vn 0.259040803 0.690775335 0.675075769
vt 0.233154297 0.778076172
vt 0.251220703 0.766601562
v 0.014648426 0.972656250 0.075195283
vt 0.258789062 0.750976562
vn 0.267924398 -0.063040949 0.961375356
v 0.010742177 0.972656250 0.081054658
vt 0.252197266 0.750244141
vn 0.574074090 -0.228056714 0.786402643
vt 0.244384766 0.739990234
vt 0.244873047 0.758300781
vt 0.233154297 0.761230469
vt 0.959472656 0.646972656
vt 0.961914062 0.665039062
v 0.151367188 0.748046875 0.051757775
vt 0.909667969 0.684082031
vn -0.402161121 0.039427593 0.914719701
v 0.163085938 0.664062500 0.051757775
vt 0.920410156 0.716796875
vn -0.426467836 0.086873122 0.900321245
vt 0.937255859 0.641845703
v 0.098632783 0.853515625 -0.081054725
vt 0.906005859 0.591064453
vn 0.395705253 0.625214517 -0.672699213
vt 0.937744141 0.601318359
v 0.159179658 0.800781250 -0.081054732
vt 0.875488281 0.624023438
vn 0.541680574 0.478877187 -0.690839291
v 0.159179688 0.800781250 0.051757768
vt 0.907226562 0.663818359
vn 0.512829542 0.504939854 0.694292247
v 0.180664062 0.773437500 0.051757772
vt 0.897216797 0.673339844
v 0.153320312 0.748046875 0.069335900
vt 0.908203125 0.688476562
vn -0.737237871 0.109801389 0.666651428
v 0.188476562 0.777343750 0.061523393
vt 0.895019531 0.678710938
vn 0.110603742 0.797926664 0.592519820
v 0.213867188 0.740234375 0.063476518
vt 0.895751953 0.694335938
vn 0.779503524 -0.157475397 0.606280386
v 0.194335923 0.781250000 0.032226518
vt 0.887451172 0.672607422
vn 0.306991398 0.889488101 -0.338477820
v 0.180664048 0.773437500 0.024414020
vt 0.882812500 0.663574219
vn 0.315244138 0.945732594 0.078810953
v 0.186523423 0.779296875 -0.018554732
vt 0.871093750 0.651611328
vn -0.465245366 0.788551331 -0.402161151
v 0.202148423 0.728515625 -0.043945357
vt 0.856445312 0.642089844
vn 0.933254421 0.211746857 -0.290171713
v 0.209960923 0.796875000 0.022460889
vt 0.870361328 0.666503906
vn -0.235869691 0.581812143 0.778370261
v 0.231445298 0.761718750 0.024414014
vt 0.872802734 0.677490234
vn 0.557587922 -0.329840600 0.761774838
v 0.204101548 0.796875000 0.006835890
vt 0.868164062 0.663330078
vn -0.614020944 0.495940030 0.614021063
v 0.176757798 0.822265625 0.008789018
vt 0.851806641 0.659179688
vn -0.062861562 -0.125723347 0.990071774
v 0.155273423 0.806640625 -0.020507853
vt 0.851806641 0.648925781
vn -0.784681857 -0.619898736 0.000000130
v 0.141601548 0.832031250 -0.022460978
vt 0.843017578 0.650634766
vn -0.999225974 -0.023603808 -0.031471554
v 0.168945298 0.849609375 0.010742143
vt 0.844726562 0.662109375
vn -0.149434894 0.416845024 0.896609962
vt 0.019287109 0.135742188
vt 0.002197266 0.187255859
v 0.170898438 0.628906250 0.051757775
vt 0.013427734 0.128173828
vn -0.361398876 -0.259264499 0.895641029
v 0.168945312 0.669921875 0.067382775
vt 0.020996094 0.127685547
vn -0.560656309 0.473794132 0.679104984
v 0.174804688 0.673828125 0.051757775
vt 0.025146484 0.130859375
vn -0.212302402 0.558276892 0.802031517
v 0.178710938 0.712890625 0.051757772
vt 0.036865234 0.130126953
vn -0.047103986 -0.392534316 0.918530405
vt 0.047851562 0.133789062
v 0.221679688 0.681640625 0.051757768
vt 0.026611328 0.119140625
vn 0.204452083 0.896443725 0.393177003
v 0.204101562 0.732421875 0.051757768
vt 0.041503906 0.121826172
vn 0.768893600 -0.557055473 0.313834041
v 0.231445312 0.681640625 0.063476518
vt 0.023925781 0.114990234
vn 0.441218585 0.653948903 0.614554346
v 0.178710938 0.714843750 0.069335900
vt 0.042480469 0.127929688
vn -0.086867556 -0.750220895 0.655456126
vt 0.047363281 0.121093750
vt 0.053466797 0.129150391
v 0.239257812 0.636718750 0.063476518
vt 0.013183594 0.110351562
vn 0.643974781 -0.447640836 0.620414555
v 0.245117188 0.638671875 0.032226514
vt 0.012695312 0.103271484
vn 0.903218806 -0.353433430 -0.243476495
v 0.178710938 0.625000000 0.067382775
vt 0.011230469 0.123291016
vn -0.329820216 -0.675346375 0.659640729
v 0.184570312 0.625000000 0.051757779
vt 0.007812500 0.123291016
vn 0.000000128 -0.645589232 0.763684928
v 0.229492188 0.632812500 0.051757768
vt 0.008789062 0.110351562
vn 0.511906326 -0.732419670 0.448902339
v 0.237304688 0.634765625 0.024414018
vt 0.010498047 0.100830078
vn 0.732965350 -0.307372600 -0.606863976
v 0.233398438 0.611328125 0.051757772
vt 0.003662109 0.108642578
vn 0.774564564 -0.015807377 0.632297397
v 0.221679688 0.628906250 0.014648396
vt 0.006103516 0.097656250
vn 0.911241531 -0.235665858 0.337787658
v 0.219726562 0.679687500 0.022460895
vt 0.003662109 0.088623047
vn 0.785649955 0.188556001 -0.589237630
v 0.221679688 0.662109375 0.018554643
vt 0.002685547 0.088867188
vn 0.663063824 0.181553245 0.726212680
vt 0.808105469 0.798583984
vt 0.899902344 0.798583984
vt 0.892333984 0.910400391
vt 0.951904297 0.390869141
vt 0.896484375 0.466552734
vt 0.895996094 0.353759766
vt 0.026611328 0.779296875
vt 0.037597656 0.716308594
v 0.219726562 0.744140625 0.032226514
vt 0.067871094 0.718261719
vn 0.943129301 -0.039297029 -0.330095381
vt 0.065429688 0.766113281
vt 0.054443359 0.698242188
v 0.208007812 0.734375000 0.024414016
vt 0.087646484 0.706054688
vn 0.985413551 -0.165549427 -0.039416663
vt 0.084960938 0.761474609
vt 0.127929688 0.719970703
v 0.227539062 0.683593750 0.026367143
vt 0.057373047 0.636962891
vn 0.662919104 0.426162332 -0.615567923
vt 0.026855469 0.633056641
vt 0.066406250 0.633789062
v 0.204101548 0.730468750 0.002929643
vt 0.104736328 0.690917969
vn 0.988699138 -0.149089515 0.015693516
v 0.221679673 0.748046875 -0.018554736
vt 0.152832031 0.689453125
vn 0.402361453 -0.915175021 0.023668308
v 0.239257798 0.765625000 0.004882762
vt 0.157958984 0.717773438
vn 0.596339941 -0.619879544 0.510027409
vt 0.898193359 0.209228516
vt 0.926757812 0.221679688
v 0.237304688 0.681640625 0.032226518
vt 0.896972656 0.222900391
vn 0.722240865 0.620185196 -0.306167454
vt 0.931152344 0.239257812
vt 0.846191406 0.235107422
vt 0.840087891 0.222656250
vt 0.892822266 0.199218750
vt 0.442382812 0.013916016
vt 0.441406250 0.010253906
v 0.174804702 0.390625000 0.051757786
vt 0.507324219 0.012451172
vn 0.007911214 0.601246297 0.799024582
vt 0.116699219 0.144042969
vt 0.128417969 0.135009766
v 0.239257812 0.500000000 0.051757775
vt 0.142578125 0.157470703
vn 0.730181515 0.015702888 0.683072805
vt 0.105468750 0.150634766
v 0.239257798 0.500000000 -0.081054725
vt 0.119628906 0.191650391
vn 0.734174848 0.007894356 -0.678914547
v 0.233398423 0.613281250 -0.081054732
vt 0.092041016 0.175537109
vn 0.798599839 0.102790102 -0.593019843
v 0.254882812 0.341796875 -0.040039096
vt 0.024414062 0.140869141
vn 0.456579655 0.763590276 -0.456579834
v 0.223632798 0.628906250 -0.055664107
vt 0.088867188 0.182861328
vn 0.876273334 0.015788728 -0.481555760
v 0.258789062 0.626953125 -0.040039111
vt 0.080566406 0.188720703
vn 0.487223208 -0.644392073 -0.589383066
vt 0.803955078 0.476806641
vt 0.837646484 0.444091797
vt 0.805175781 0.516845703
vt 0.802734375 0.520507812
vt 0.830810547 0.592529297
v 0.168945327 0.388671875 0.067382790
vt 0.800048828 0.517822266
vn -0.322634608 0.645269394 0.692484260
v 0.229492202 0.380859375 0.049804654
vt 0.787597656 0.505126953
vn 0.488567829 0.819533110 0.299444705
v 0.237304702 0.378906250 0.063476533
vt 0.785156250 0.509033203
vn 0.621277392 0.487584800 0.613412976
v 0.243164077 0.376953125 0.032226525
vt 0.779541016 0.507080078
vn 0.843094885 0.417607784 -0.338813961
v 0.229492202 0.380859375 0.024414031
vt 0.778320312 0.504882812
vn 0.979021966 0.165802151 -0.118430212
vt 0.756103516 0.462646484
v 0.229492188 0.382812500 -0.079101592
vt 0.740722656 0.494140625
vn 0.677901208 -0.055178024 -0.733079433
vt 0.622070312 0.843017578
vt 0.614990234 0.846435547
v 0.159179702 0.343750000 0.069335915
vt 0.612548828 0.839843750
vn -0.568464279 -0.497406363 0.655313194
v 0.038085956 0.222656250 0.051757812
vt 0.596191406 0.881103516
vn 0.283535004 0.315038800 0.905736387
vt 0.634521484 0.950927734
v 0.155273452 0.345703125 0.051757794
vt 0.607421875 0.843994141
vn -0.347113639 -0.205112636 0.915118098
v 0.229492202 0.332031250 0.063476533
vt 0.619384766 0.824218750
vn 0.456085443 -0.644810319 0.613356113
vt 0.634033203 0.825439453
v 0.217773452 0.332031250 0.051757783
vt 0.614746094 0.823486328
vn 0.197119549 -0.883095145 0.425778031
v 0.188476577 0.250000000 0.049804665
vt 0.596435547 0.816406250
vn 0.582316399 -0.369849443 0.723960698
v 0.235351577 0.332031250 0.032226533
vt 0.619384766 0.816162109
vn 0.753294706 -0.619898677 -0.219711021
vt 0.635986328 0.817138672
vt 0.634765625 0.811279297
v 0.227539077 0.330078125 0.024414033
vt 0.616455078 0.813964844
vn 0.779141188 -0.393505692 -0.487947106
v 0.213867202 0.339843750 0.012695284
vt 0.620605469 0.808105469
vn 0.928558469 -0.196728423 0.314765453
v 0.254882812 0.341796875 0.000976529
vt 0.631347656 0.799804688
vn 0.392051458 0.760579765 0.517507732
v 0.204101577 0.304687500 0.012695286
vt 0.609375000 0.804687500
vn 0.853148878 -0.442373395 0.276483297
v 0.223632812 0.300781250 -0.018554715
vt 0.603759766 0.794921875
vn 0.220090732 -0.974687338 0.039301921
v 0.215820327 0.234375000 -0.022460962
vt 0.592773438 0.796386719
vn 0.857922137 -0.511604905 -0.047225162
v 0.249023452 0.300781250 0.006835906
vt 0.612792969 0.791015625
vn 0.000000130 -0.615031779 0.788502336
v 0.266601562 0.337890625 0.010742152
vt 0.628662109 0.795654297
vn 0.465418994 0.528526664 0.709961116
v 0.268554688 0.341796875 -0.018554723
vt 0.636962891 0.793701172
vn 0.678745270 0.733992040 0.023677040
v 0.282226562 0.337890625 -0.020507850
vt 0.635986328 0.788818359
vn 0.849656463 0.527101755 -0.015734512
v 0.282226562 0.306640625 -0.020507848
vt 0.626953125 0.781738281
vn 0.940014243 -0.339668959 -0.031597227
v 0.268554688 0.306640625 0.010742153
vt 0.620117188 0.790283203
vn 0.519491971 -0.440780938 0.732011199
v 0.276367188 0.300781250 -0.018554721
vt 0.622558594 0.782470703
vn 0.852616966 -0.521043599 0.039472915
v 0.278320312 0.287109375 -0.018554723
vt 0.619873047 0.780517578
vn 0.481555611 0.876273394 -0.015788812
v 0.256835938 0.271484375 0.008789032
vt 0.610839844 0.781982422
vn -0.478877038 0.227662906 0.847848117
v 0.235351577 0.253906250 -0.018554715
vt 0.602783203 0.782958984
vn -0.963261306 0.268449813 0.007895698
v 0.249023438 0.300781250 -0.045898471
vt 0.594726562 0.787597656
vn 0.015779302 -0.670623243 -0.741630375
v 0.256835938 0.269531250 -0.045898467
vt 0.594726562 0.780761719
vn -0.402813107 0.434406132 -0.805625916
v 0.239257812 0.248046875 -0.040039089
vt 0.597167969 0.776855469
vn -0.804047525 0.063062489 -0.591211259
v 0.231445327 0.244140625 -0.022460964
vt 0.600341797 0.778076172
vn -0.989522040 -0.102093592 -0.102093406
v 0.237304702 0.248046875 0.002929660
vt 0.603515625 0.777099609
vn -0.778153777 0.094321668 0.620951116
v 0.264648438 0.269531250 0.016601529
vt 0.611083984 0.779052734
vn -0.164986387 0.377112031 0.911354005
v 0.286132812 0.287109375 -0.016601598
vt 0.620605469 0.778320312
vn 0.496232212 0.866437256 0.055136815
v 0.284179688 0.259765625 0.014648403
vt 0.612548828 0.773193359
vn -0.434351891 0.766038835 0.473838508
v 0.252929688 0.218750000 0.002929659
vt 0.601806641 0.766113281
vn -0.905736387 -0.315038800 0.283535004
vt 0.011474609 0.577392578
vt 0.000000000 0.522216797
v 0.139648452 0.185546875 0.049804676
vt 0.048828125 0.584228516
vn 0.510988116 -0.550294757 0.660353661
v 0.186523452 0.248046875 0.004882792
vt 0.007568359 0.597900391
vn 0.267949313 -0.882656276 0.386162132
vt 0.083007812 0.541992188
v 0.139648452 0.185546875 0.026367174
vt 0.046386719 0.595458984
vn 0.747660875 -0.346284926 0.566648006
v 0.165039077 0.226562500 -0.022460956
vt 0.015136719 0.609863281
vn 0.456636369 -0.889653563 -0.000000021
v 0.141601562 0.185546875 -0.065429695
vt 0.016845703 0.626953125
vn 0.777361751 -0.259120584 -0.573206306
v 0.084960960 0.152343750 0.028320309
vt 0.077880859 0.595703125
vn 0.803448617 0.181169853 0.567140043
v 0.083007835 0.152343750 0.051757809
vt 0.083496094 0.585449219
vn 0.251656741 0.754970074 0.605548799
v 0.102539085 0.150390625 0.028320307
vt 0.083007812 0.598144531
vn 0.346113622 0.322514921 0.881016195
v 0.098632842 0.150390625 0.116210930
vt 0.109619141 0.595947266
vn 0.555723071 0.618339717 0.555722952
v 0.047851585 0.152343750 0.051757812
vt 0.096191406 0.574218750
vn 0.504249811 0.614554405 0.606675446
v 0.036132835 0.220703125 0.077148438
vt 0.096923828 0.539306641
vn 0.525850296 0.635729373 0.565092683
vt 0.096191406 0.514160156
v 0.043945339 0.152343750 0.088867188
vt 0.115722656 0.580566406
vn 0.260254294 0.906946838 0.331232697
v -0.038085911 0.152343750 0.088867202
vt 0.147705078 0.581542969
vn -0.260254294 0.906946838 0.331232756
v -0.030273415 0.218750000 0.079101577
vt 0.122802734 0.528808594
vn -0.542684913 0.605605006 0.582010090
vt 0.942138672 0.637451172
vt 0.942138672 0.539306641
vt 0.958740234 0.617431641
vt 0.642089844 0.158935547
vt 0.578613281 0.174560547
v -0.143554673 0.189453125 0.049804714
vt 0.604003906 0.127197266
vn -0.543138623 -0.527395606 0.653340876
vt 0.573730469 0.137939453
v -0.094726540 0.152343750 0.049804706
vt 0.626953125 0.118408203
vn -0.465115160 0.685847819 0.559714854
v -0.184570298 0.248046875 0.008789090
vt 0.569335938 0.124511719
vn -0.283534795 -0.905736446 0.315038830
vt 0.556640625 0.115722656
vt 0.569824219 0.117187500
v -0.041992165 0.152343750 0.051757824
vt 0.645751953 0.125244141
vn -0.510027409 0.619879603 0.596339941
vt 0.650390625 0.154785156
vt 0.657714844 0.167480469
vt 0.658935547 0.127441406
vt 0.684326172 0.139648438
vt 0.820312500 0.067871094
vt 0.836181641 0.053466797
v -0.139648423 0.187500000 0.026367212
vt 0.824218750 0.081542969
vn -0.794856846 -0.338404387 0.503671825
vt 0.843750000 0.052001953
vt 0.845703125 0.063964844
v -0.094726540 0.152343750 0.028320333
vt 0.803466797 0.068359375
vn -0.827259004 0.141815826 0.543627441
vt 0.797363281 0.057373047
v -0.100585915 0.150390625 0.028320333
vt 0.802246094 0.069335938
vn -0.465187371 0.268074125 0.843645155
v -0.163085923 0.132812500 0.026367217
vt 0.801513672 0.091064453
vn 0.645589352 -0.511747539 0.566858768
vt 0.805419922 0.102294922
vt 0.792724609 0.101562500
vt 0.796386719 0.111083984
vt 0.822265625 0.131591797
vt 0.862792969 0.082031250
vt 0.856933594 0.055908203
vt 0.869140625 0.079101562
vt 0.887939453 0.081787109
vt 0.891601562 0.079833984
vt 0.001953125 0.956787109
vt 0.000976562 0.938964844
vt 0.017333984 0.956542969
v -0.096679658 0.150390625 0.116210960
vt 0.020751953 0.927978516
vn -0.552966714 0.616163015 0.560866356
vt 0.057861328 0.987548828
v -0.096679650 0.037109375 0.131835967
vt 0.057128906 0.906005859
vn -0.259713620 0.314804584 0.912933230
vt 0.444335938 0.051269531
vt 0.444824219 0.067626953
vt 0.440429688 0.072509766
v -0.100585908 0.121093750 0.084960960
vt 0.424316406 0.062255859
vn -0.899956405 0.434189469 0.039471872
v -0.100585915 0.087890625 0.051757839
vt 0.412353516 0.082519531
vn -0.926181316 0.015697930 -0.376751602
v -0.102539040 0.041015625 0.032226589
vt 0.405273438 0.103027344
vn -0.589291990 0.612863719 0.526434243
v -0.125976533 0.087890625 0.053710964
vt 0.405517578 0.073730469
vn -0.496972919 -0.007888516 -0.867730200
v -0.125976533 0.119140625 0.084960960
vt 0.414550781 0.060058594
vn -0.496926457 0.867649317 0.015775470
v -0.129882783 0.103515625 0.069335960
vt 0.407714844 0.065917969
vn -0.236889839 0.686980069 -0.686980128
v -0.129882783 0.072265625 0.069335967
vt 0.396240234 0.071289062
vn -0.173979715 -0.719643116 -0.672194004
v -0.100585908 0.054687500 0.084960967
vt 0.390869141 0.085937500
vn -0.911128998 -0.408437163 0.054982062
v -0.125976533 0.058593750 0.084960967
vt 0.389160156 0.075439453
vn -0.512033224 -0.858640432 0.023632409
v -0.129882783 0.072265625 0.100585967
vt 0.381591797 0.070068359
vn -0.133849844 -0.700743914 0.700744033
vt 0.376708984 0.094238281
vt 0.372802734 0.138916016
vt 0.406250000 0.139404297
vt 0.408447266 0.140625000
v -0.100585908 0.087890625 0.116210960
vt 0.368652344 0.080322266
vn -0.795029163 0.023614720 0.606111467
vt 0.346435547 0.071044922
vt 0.357421875 0.068603516
vt 0.359619141 0.062011719
v -0.125976533 0.087890625 0.114257835
vt 0.373291016 0.070800781
vn -0.481555521 -0.015788691 0.876273394
v -0.129882783 0.103515625 0.100585960
vt 0.368164062 0.063964844
vn -0.173979595 0.672194123 0.719643116
vt 0.359130859 0.055664062
vt 0.050292969 0.894042969
vt 0.033935547 0.912109375
vt 0.036865234 0.901367188
v 0.166992202 0.130859375 0.026367174
vt 0.036865234 0.866455078
vn -0.385994256 0.039387204 0.921660066
v 0.192382827 0.154296875 0.026367169
vt 0.061523438 0.866943359
vn 0.007866317 0.409043282 0.912481070
v 0.102539085 0.041015625 0.028320312
vt 0.005126953 0.920410156
vn 0.574714124 0.582586884 0.574714005
v 0.186523467 0.048828125 0.028320301
vt 0.006591797 0.876220703
vn -0.267360270 0.424631208 0.864989519
v 0.192382827 0.152343750 0.047851544
vt 0.059326172 0.859375000
vn 0.007881599 0.937909722 0.346790135
v 0.190429702 0.105468750 0.028320298
vt 0.026123047 0.859130859
vn -0.070653871 -0.573082507 0.816446304
v 0.168945327 0.128906250 0.040039048
vt 0.044677734 0.856933594
vn -0.985658526 0.134049520 0.102508605
v 0.190429717 0.091796875 0.043945298
vt 0.031005859 0.850341797
vn 0.094138600 -0.753109157 -0.651125550
v 0.192382842 0.140625000 0.065429673
vt 0.061767578 0.844482422
vn 0.023686083 0.686894536 0.726371109
v 0.215820327 0.128906250 0.040039040
vt 0.084960938 0.844238281
vn 0.994224012 0.086797379 0.063125201
v 0.166992217 0.113281250 0.055664051
vt 0.041503906 0.839599609
vn -0.958996356 0.157212436 -0.235818654
v 0.213867217 0.111328125 0.059570294
vt 0.081542969 0.829589844
vn 0.992402971 -0.078762092 0.094514444
v 0.190429717 0.128906250 0.071289048
vt 0.060302734 0.836669922
vn -0.023665303 0.670518875 0.741514981
v 0.159179717 0.105468750 0.067382798
vt 0.028320312 0.830810547
vn -0.517810404 0.635494471 -0.572729528
v 0.172851592 0.074218750 0.065429673
vt 0.013427734 0.830322266
vn 0.039416503 -0.827747405 -0.559714794
v 0.188476592 0.123046875 0.081054673
vt 0.057128906 0.829833984
vn 0.078867435 0.796560645 0.599392176
v 0.131835967 0.072265625 0.067382812
vt 0.009277344 0.809326172
vn 0.655313075 -0.497406363 -0.568464458
v 0.172851592 0.107421875 0.098632798
vt 0.050537109 0.815917969
vn 0.023647798 0.583310425 0.811904967
v 0.131835967 0.103515625 0.098632805
vt 0.033935547 0.812255859
vn 0.717225075 0.480777264 0.504421890
v 0.209960967 0.093750000 0.081054665
vt 0.076660156 0.816406250
vn 0.902134359 -0.258873254 0.345164299
v 0.190429717 0.076171875 0.096679673
vt 0.071044922 0.801269531
vn 0.487584859 -0.621277332 0.613412976
vt 0.098632812 0.793457031
vt 0.099853516 0.815429688
vt 0.105712891 0.818847656
v 0.131835967 0.103515625 0.067382805
vt 0.022705078 0.815185547
vn 0.612863660 0.526434243 -0.589292169
v 0.127929717 0.115234375 0.071289055
vt 0.022460938 0.810058594
vn 0.512160361 0.795818508 -0.323055118
v 0.127929717 0.089843750 0.053710930
vt 0.013183594 0.805664062
vn 0.517380476 0.047034588 -0.854461968
vt 0.861816406 0.105712891
vt 0.846923828 0.130371094
vt 0.822021484 0.141357422
v 0.186523452 0.226562500 0.004882792
vt 0.838867188 0.143310547
vn -0.047138866 -0.487102985 0.872071505
vt 0.850830078 0.146728516
v 0.186523452 0.222656250 -0.006835958
vt 0.836669922 0.150390625
vn -0.047469657 -0.759516418 0.648753703
v 0.172851577 0.222656250 -0.022460956
vt 0.847412109 0.149414062
vn -0.748774648 -0.662074506 -0.031527229
v 0.202148452 0.222656250 -0.022460960
vt 0.822753906 0.153076172
vn 0.827130735 -0.559297800 -0.055142127
v 0.186523452 0.177734375 -0.006835956
vt 0.843505859 0.181152344
vn -0.031476505 0.763306558 0.645269334
v 0.172851577 0.177734375 -0.022460952
vt 0.854492188 0.177978516
vn -0.637005925 0.770698428 -0.015728489
v 0.202148452 0.177734375 -0.022460956
vt 0.830566406 0.180175781
vn 0.645269334 0.763306558 -0.031476676
v 0.186523452 0.173828125 0.004882795
vt 0.849121094 0.188476562
vn -0.007887389 0.536348343 0.843959868
v 0.159179702 0.173828125 -0.022460951
vt 0.863037109 0.177978516
vn -0.849761784 0.527166963 0.000000088
v 0.186523452 0.156250000 0.006835920
vt 0.858642578 0.207275391
vn -0.007840650 -0.415561706 0.909531295
v 0.217773452 0.148437500 -0.022460958
vt 0.841552734 0.200683594
vn 0.873663783 -0.480121493 0.078708358
v 0.157226577 0.148437500 -0.022460951
vt 0.817138672 0.219238281
vn -0.856226385 -0.510593772 0.078553014
v 0.213867202 0.173828125 -0.022460958
vt 0.831542969 0.187500000
vn 0.834464669 0.551061571 -0.000000134
v 0.186523452 0.130859375 -0.051757831
vt 0.824707031 0.204589844
vn -0.015691753 -0.784585357 -0.619822383
v 0.186523452 0.173828125 -0.049804706
vt 0.816650391 0.194580078
vn -0.007900647 0.521433711 -0.853255332
vt 0.804443359 0.197509766
v 0.186523452 0.177734375 -0.036132831
vt 0.816894531 0.185058594
vn -0.015728656 0.770698428 -0.637005925
vt 0.807861328 0.191162109
vt 0.796875000 0.160644531
v 0.186523438 0.222656250 -0.036132835
vt 0.808593750 0.158203125
vn -0.031527426 -0.662074506 -0.748774648
vt 0.791992188 0.158447266
v 0.186523438 0.226562500 -0.043945335
vt 0.806884766 0.153808594
vn -0.039412960 -0.496602148 -0.867083073
v 0.186523438 0.248046875 -0.045898460
vt 0.796630859 0.144042969
vn 0.307305783 -0.858880401 -0.409741074
vt 0.750488281 0.146484375
v 0.190429688 0.251953125 -0.079101585
vt 0.784667969 0.130615234
vn 0.559714794 -0.354748875 -0.748914361
v 0.139648438 0.185546875 -0.079101570
vt 0.743896484 0.140136719
vn 0.540748298 -0.470216006 -0.697487116
vt 0.050781250 0.990966797
vt 0.030517578 0.990966797
vt 0.034667969 0.979980469
vt 0.025146484 0.062744141
vt 0.037597656 0.063964844
vt 0.024169922 0.077392578
v 0.208007812 0.304687500 -0.053710964
vt 0.033691406 0.079101562
vn 0.812586904 -0.370792121 -0.449684143
vt 0.024414062 0.087158203
vt 0.045410156 0.095458984
vt 0.044677734 0.045166016
vt 0.013671875 0.086181641
vt 0.013427734 0.091308594
vt 0.016845703 0.092285156
v 0.268554688 0.306640625 -0.049804721
vt 0.024169922 0.091308594
vn 0.520654261 -0.449656010 -0.725760698
vt 0.018066406 0.094726562
v 0.219726562 0.341796875 -0.051757842
vt 0.036376953 0.089843750
vn 0.629316747 -0.283192545 -0.723714352
v 0.266601562 0.337890625 -0.049804721
vt 0.029541016 0.096435547
vn 0.465418875 0.528526604 -0.709961295
vt 0.022949219 0.101318359
vt 0.027587891 0.101806641
vt 0.033691406 0.097900391
vt 0.048583984 0.116210938
vt 0.036621094 0.106933594
vt 0.960937500 0.793945312
vt 0.960937500 0.783447266
v 0.274414062 0.275390625 -0.047851596
vt 0.964111328 0.789794922
vn 0.173545957 0.638965011 -0.749403477
vt 0.962402344 0.781738281
v 0.252929688 0.257812500 -0.051757842
vt 0.962890625 0.795654297
vn -0.425236553 0.165369660 -0.889846563
vt 0.960693359 0.799560547
v 0.299804688 0.265625000 -0.014648474
vt 0.969726562 0.781005859
vn 0.323306024 0.946261644 0.007885430
vt 0.966308594 0.772705078
v 0.286132812 0.261718750 -0.045898471
vt 0.968017578 0.790283203
vn 0.023632202 0.858640432 -0.512033343
v 0.266601562 0.240234375 -0.051757842
vt 0.966308594 0.797363281
vn -0.665465355 0.305331051 -0.681123197
v 0.252929688 0.218750000 -0.040039092
vt 0.962890625 0.802734375
vn -0.885078371 -0.355611861 -0.300294280
v 0.305664062 0.265625000 -0.043945350
vt 0.972656250 0.787841797
vn 0.369107395 0.926695287 -0.070680238
v 0.256835938 0.214843750 -0.059570342
vt 0.965332031 0.803710938
vn -0.939428210 -0.047366183 -0.339457124
v 0.268554688 0.238281250 -0.065429717
vt 0.968505859 0.800048828
vn -0.568411350 0.355256975 -0.742092371
v 0.286132812 0.257812500 -0.065429725
vt 0.970947266 0.794921875
vn -0.363027334 0.584000289 -0.726054370
v 0.301757812 0.263671875 -0.063476600
vt 0.973144531 0.791992188
vn 0.197137713 0.757009268 -0.622955620
v 0.325195312 0.220703125 -0.065429725
vt 0.985839844 0.795654297
vn 0.553294778 -0.071137927 -0.829942465
v 0.323242188 0.207031250 -0.065429725
vt 0.989257812 0.797363281
vn 0.629063666 -0.102222875 -0.770603240
v 0.327148438 0.234375000 -0.065429725
vt 0.982910156 0.792724609
vn 0.627378523 0.250951439 -0.737169981
v 0.334960938 0.228515625 -0.043945353
vt 0.984863281 0.788330078
vn 0.981941283 0.141399577 -0.125688612
v 0.334960938 0.214843750 0.012695273
vt 0.989501953 0.773437500
vn 0.926038682 -0.376693666 0.023543252
v 0.333007812 0.228515625 0.014648398
vt 0.985351562 0.773437500
vn 0.921917439 0.386102200 0.031518407
v 0.333007842 0.214843750 0.041992147
vt 0.988037109 0.765869141
vn 0.746874869 -0.275164306 0.605361521
v 0.303710938 0.265625000 0.014648400
vt 0.971435547 0.773925781
vn 0.512176275 0.858880401 -0.000000105
v 0.333007842 0.228515625 0.040039022
vt 0.983642578 0.767822266
vn 0.779141307 0.299064398 0.550907791
v 0.303710967 0.265625000 0.040039025
vt 0.970947266 0.768310547
vn 0.410225362 0.725783288 0.552226245
v 0.293945312 0.267578125 0.014648402
vt 0.968994141 0.773437500
vn -0.268249303 0.962541461 -0.039448429
v 0.291992217 0.265625000 0.041992154
vt 0.968994141 0.766601562
vn -0.243356258 0.745769262 0.620166063
v 0.284179717 0.257812500 0.043945279
vt 0.967529297 0.764892578
vn -0.471987545 0.503453493 0.723714352
v 0.254882842 0.218750000 0.041992158
vt 0.960937500 0.760009766
vn -0.849525094 0.023597905 0.527020335
v 0.323242217 0.207031250 0.043945275
vt 0.988281250 0.762939453
vn 0.519814074 -0.181147233 0.834852695
vt 0.941894531 0.833007812
vt 0.930419922 0.832031250
vt 0.941162109 0.816650391
vt 0.961181641 0.827636719
vt 0.959472656 0.809326172
v 0.260742217 0.210937500 0.043945283
vt 0.957031250 0.807128906
vn -0.590807557 -0.133916393 0.795620978
v 0.254882812 0.212890625 -0.018554715
vt 0.930419922 0.816406250
vt 0.920410156 0.822509766
vt 0.922119141 0.834228516
v 0.260742188 0.208984375 -0.065429717
vt 0.907958984 0.813232422
vn -0.632060766 -0.031603090 -0.774274230
vt 0.913818359 0.817626953
vt 0.912353516 0.825195312
v 0.258789092 0.187500000 0.026367160
vt 0.950195312 0.792724609
vn -0.881125271 0.330421954 0.338289291
v 0.258789062 0.187500000 -0.065429717
vt 0.908203125 0.801757812
vn -0.306991607 0.338477731 -0.889488041
vt 0.934570312 0.738525391
vt 0.956054688 0.758789062
vt 0.884765625 0.754394531
vt 0.804931641 0.221191406
vt 0.817871094 0.225097656
vt 0.801757812 0.222900391
vt 0.827148438 0.262939453
v 0.260742188 0.083984375 -0.065429717
vt 0.761230469 0.255371094
vn -0.055267505 0.378976196 -0.923754573
v 0.323242188 0.083984375 -0.065429725
vt 0.771728516 0.288574219
vn 0.560429215 0.765656948 -0.315734923
vt 0.795166016 0.224853516
v 0.258789062 0.082031250 -0.102539092
vt 0.746826172 0.275390625
vn -0.574714184 0.582586884 -0.574714005
v 0.329101562 0.080078125 -0.102539100
vt 0.751708984 0.307861328
vn 0.622781277 0.512415051 -0.591248214
v 0.256835938 0.048828125 -0.067382835
vt 0.742431641 0.258544922
vn -0.542685091 0.605605006 -0.582009971
v 0.258789062 0.048828125 -0.104492210
vt 0.729003906 0.275634766
vn -0.274596483 0.894399703 -0.353052527
v 0.325195312 0.046875000 -0.102539092
vt 0.742675781 0.319091797
vn 0.668773174 0.472075284 -0.574358344
v 0.186523452 0.048828125 -0.067382820
vt 0.712646484 0.236083984
vn -0.291682541 0.386282086 -0.875047207
vt 0.761230469 0.179199219
v 0.102539070 0.150390625 -0.067382820
vt 0.740478516 0.183105469
vn 0.723960638 -0.299027264 -0.621662021
v 0.323242188 0.000000000 -0.159179717
vt 0.710449219 0.337158203
vn 0.627745390 0.196170464 -0.753294647
v 0.325195312 0.000000000 -0.102539092
vt 0.735839844 0.337646484
vn 0.741699517 0.007890426 -0.670685887
v 0.323242188 0.044921875 -0.147460967
vt 0.721191406 0.315185547
vn 0.583691239 0.623129964 -0.520589650
v 0.186523438 0.000000000 -0.159179717
vt 0.661865234 0.274414062
vn -0.620185256 0.188410610 -0.761493087
v 0.186523438 0.046875000 -0.147460967
vt 0.687500000 0.263671875
vn -0.565092802 0.635729313 -0.525850117
v 0.184570312 0.041015625 -0.124023445
vt 0.688964844 0.252441406
vn -0.808595955 0.502428472 -0.306167275
v 0.184570312 0.000000000 -0.131835967
vt 0.671875000 0.259765625
vn -0.716313541 0.133816734 -0.684826970
v 0.055664066 0.000000000 -0.131835938
vt 0.630371094 0.231201172
vn 0.007847407 0.149103284 -0.988790512
v 0.184570327 0.041015625 -0.067382820
vt 0.709716797 0.236083984
vn -0.495663792 0.637281835 -0.590075731
v 0.102539077 0.041015625 -0.067382812
vt 0.696533203 0.221435547
vn 0.534522414 0.581686318 -0.613128841
v 0.100585945 0.041015625 -0.081054688
vt 0.680419922 0.220703125
vn 0.305715412 0.877952278 -0.368426442
vt 0.701904297 0.740966797
vt 0.716064453 0.729003906
vt 0.719726562 0.730224609
vt 0.722900391 0.763183594
v 0.260742217 0.083984375 0.043945290
vt 0.777099609 0.735351562
vn -0.817580700 0.361622274 0.448097259
vt 0.732666016 0.723876953
v 0.323242217 0.083984375 0.043945283
vt 0.779541016 0.769775391
vn 0.448902398 0.826925516 0.338645577
v 0.325195312 0.207031250 0.014648400
vt 0.722167969 0.778564453
vn 0.897304177 -0.440780967 0.023613170
vt 0.718750000 0.766357422
vt 0.716308594 0.779296875
vt 0.708984375 0.812988281
vt 0.774902344 0.816650391
v 0.329101592 0.082031250 0.057617154
vt 0.785400391 0.769531250
vn 0.598110139 0.558760703 0.574500442
vt 0.777099609 0.834716797
v 0.329101592 0.048828125 0.059570279
vt 0.803710938 0.767089844
vn 0.564831853 0.753109217 0.337330043
vt 0.802490234 0.840332031
v 0.258789092 0.080078125 0.059570290
vt 0.785888672 0.738281250
vn -0.596339822 0.510027468 0.619879663
v 0.258789092 0.048828125 0.059570290
vt 0.800781250 0.731689453
vn -0.307803094 0.891839743 0.331480265
v 0.256835967 0.048828125 0.030273417
vt 0.789306641 0.723144531
vn -0.553312063 0.600738883 0.577025592
vt 0.803222656 0.693603516
vt 0.771972656 0.690917969
v 0.215820327 0.130859375 0.026367169
vt 0.755371094 0.700683594
vn 0.408437252 0.054981984 0.911128938
vt 0.744628906 0.690917969
vt 0.749755859 0.684082031
vt 0.756835938 0.691894531
vt 0.759521484 0.680664062
vt 0.167724609 0.114501953
vt 0.148925781 0.103515625
vt 0.170166016 0.108642578
v 0.102539070 0.150390625 -0.079101570
vt 0.146484375 0.098388672
vn 0.581955910 -0.259520918 -0.770698607
v 0.055664066 0.152343750 -0.083007812
vt 0.146484375 0.076171875
vn 0.322106421 0.282825232 -0.903469622
v 0.057617195 0.041015625 -0.083007805
vt 0.098388672 0.079101562
vn 0.574714005 0.574714124 -0.582586944
vt 0.096191406 0.100585938
vt 0.095947266 0.106933594
vt 0.059326172 0.114013672
vt 0.215087891 0.000000000
vt 0.276367188 0.001708984
vt 0.253417969 0.033203125
vt 0.211669922 0.004150391
vt 0.053466797 0.487548828
vt 0.028808594 0.522460938
vt 0.037353516 0.386230469
vt 0.204833984 0.114746094
vt 0.188720703 0.107910156
vt 0.214599609 0.093261719
vt 0.155273438 0.077148438
vt 0.218505859 0.076171875
vt 0.268310547 0.079833984
vt 0.712890625 0.080078125
vt 0.732666016 0.079589844
vt 0.728515625 0.131835938
vt 0.740966797 0.132812500
vt 0.711425781 0.180175781
vt 0.792236328 0.118896484
vt 0.095214844 0.995849609
vt 0.063232422 0.981445312
v 0.334960938 0.044921875 -0.100585967
vt 0.070312500 0.979003906
vn 0.643300474 0.549158990 -0.533468843
vt 0.079833984 0.913330078
v 0.340820312 0.000000000 -0.100585967
vt 0.098144531 0.989257812
vn 0.770603120 0.102222875 -0.629063904
v 0.334960967 0.044921875 0.077148408
vt 0.086425781 0.912597656
vn 0.577025592 0.553312123 0.600738823
v 0.340820342 0.000000000 0.079101533
vt 0.109130859 0.909667969
vn 0.728410006 0.125317901 0.673583210
v 0.272460967 0.048828125 0.077148415
vt 0.068847656 0.890136719
vn 0.274969012 0.911325932 0.306394011
v 0.274414092 0.000000000 0.081054665
vt 0.094970703 0.882568359
vn 0.705345750 0.070534617 0.705345511
v 0.270507842 0.046875000 0.137695283
vt 0.066406250 0.864257812
vn 0.589001358 0.667534709 0.455494195
v 0.270507842 0.000000000 0.159179658
vt 0.089599609 0.850097656
vn 0.573489130 0.337808669 0.746321321
vt 0.366699219 0.038818359
vt 0.341796875 0.039550781
v 0.186523482 0.046875000 0.137695283
vt 0.347167969 0.000732422
vn -0.568127990 0.678597331 0.465549409
vt 0.316894531 0.035644531
v 0.186523482 0.000000000 0.159179658
vt 0.373535156 0.000000000
vn -0.566648066 0.346285015 0.747660816
vt 0.503173828 0.099853516
vt 0.516357422 0.124511719
vt 0.492675781 0.101074219
vt 0.494384766 0.051025391
v 0.184570357 0.000000000 0.133789033
vt 0.150634766 0.459960938
vn -0.699984908 0.141569972 0.699985087
vt 0.150146484 0.474365234
vt 0.139160156 0.462158203
v 0.184570342 0.041015625 0.124023430
vt 0.135498047 0.453857422
vn -0.780084014 0.535815179 0.323065162
vt 0.092773438 0.477783203
vt 0.093017578 0.437500000
v 0.098632850 0.037109375 0.131835938
vt 0.158935547 0.409179688
vn 0.166035250 0.268818825 0.948772252
v 0.184570342 0.041015625 0.030273426
vt 0.098144531 0.435302734
vn -0.512033224 0.701091766 0.496278465
vt 0.117675781 0.395751953
v 0.102539100 0.041015625 0.124023438
vt 0.155273438 0.408203125
vn 0.502691925 0.761892498 0.408437103
v 0.102539092 0.111328125 0.108398430
vt 0.184326172 0.387939453
vn 0.832814753 0.314269751 0.455690920
vt 0.205078125 0.385742188
v 0.102539092 0.058593750 0.069335938
vt 0.141113281 0.387939453
vn 0.876929462 -0.434514582 -0.205406994
v 0.102539092 0.064453125 0.108398438
vt 0.161376953 0.394287109
vn 0.877230644 -0.260798216 0.403051734
v 0.127929717 0.066406250 0.106445312
vt 0.162597656 0.380859375
vn 0.519427598 -0.550907910 0.653219342
v 0.127929717 0.109375000 0.106445305
vt 0.183349609 0.377929688
vn 0.519427538 0.550907910 0.653219342
vt 0.178710938 0.375244141
v 0.131835967 0.072265625 0.098632812
vt 0.164306641 0.372314453
vn 0.745815337 -0.471041203 0.471041203
vt 0.187255859 0.366699219
vt 0.175292969 0.354736328
vt 0.162841797 0.355224609
vt 0.146728516 0.370361328
v 0.127929717 0.060546875 0.069335938
vt 0.147705078 0.375976562
vn 0.502816021 -0.777793527 -0.377112031
vt 0.134765625 0.363037109
v 0.102539085 0.089843750 0.051757809
vt 0.123046875 0.370849609
vn 0.867514312 0.023659497 -0.496849269
vt 0.099121094 0.358154297
v 0.102539085 0.117187500 0.071289055
vt 0.114257812 0.351318359
vn 0.850710273 0.496247709 -0.173292965
vt 0.097412109 0.322021484
vt 0.110595703 0.332031250
vt 0.125976562 0.348632812
vt 0.116699219 0.333007812
vt 0.122070312 0.333496094
vt 0.947753906 0.048583984
vt 0.947753906 0.101562500
vt 0.857177734 0.048583984
vt 0.415039062 0.156982422
vt 0.324707031 0.149169922
vt 0.456298828 0.143310547
vt 0.052490234 0.502685547
vt 0.160400391 0.491455078
vt 0.192871094 0.506591797
vt 0.193359375 0.491455078
vt 0.906250000 0.311523438
vt 0.908691406 0.349121094
v -0.166992173 0.128906250 0.006835968
vt 0.884277344 0.316162109
vn 0.346704125 -0.496417046 0.795843184
vt 0.878662109 0.340087891
vt 0.877929688 0.313476562
vt 0.888183594 0.301025391
v -0.166992173 0.128906250 0.040039092
vt 0.873046875 0.309814453
vn 0.990928710 0.047187131 0.125832081
v -0.188476533 0.091796875 0.043945350
vt 0.879882812 0.294189453
vn -0.086797394 -0.757504106 -0.647034645
v -0.165039033 0.113281250 0.055664096
vt 0.866699219 0.302734375
vn 0.960153818 0.149532184 -0.236103535
v -0.157226533 0.105468750 0.067382842
vt 0.858398438 0.299072266
vn 0.542550683 0.613318324 -0.574003100
vt 0.890625000 0.280273438
vt 0.844238281 0.294189453
vt 0.845947266 0.281982422
v -0.170898408 0.074218750 0.065429717
vt 0.863769531 0.286376953
vn -0.031542089 -0.827978909 -0.559871376
vt 0.851562500 0.265869141
v -0.188476533 0.076171875 0.096679717
vt 0.871093750 0.273925781
vn -0.495909184 -0.621854544 0.606111407
v -0.208007783 0.093750000 0.081054725
vt 0.881347656 0.277587891
vn -0.898780882 -0.268057466 0.346898049
v -0.170898408 0.107421875 0.098632842
vt 0.875488281 0.259765625
vn -0.023647638 0.583310425 0.811904967
vt 0.860351562 0.250244141
vt 0.884765625 0.250244141
vt 0.871582031 0.241699219
v -0.186523408 0.123046875 0.083007842
vt 0.888183594 0.265625000
vn -0.094511583 0.795472860 0.598573625
vt 0.893310547 0.253906250
v -0.188476533 0.128906250 0.071289092
vt 0.893310547 0.267089844
vn -0.015707603 0.691137433 0.722552657
v -0.188476533 0.140625000 0.065429717
vt 0.898437500 0.267333984
vn 0.047291096 0.669956326 0.740892828
vt 0.904296875 0.278320312
vt 0.900390625 0.251220703
vt 0.903808594 0.262939453
vt 0.904541016 0.246093750
vt 0.677246094 0.591308594
vt 0.702636719 0.586914062
vt 0.696044922 0.754394531
vt 0.537841797 0.374267578
vt 0.361816406 0.374267578
vt 0.540039062 0.364013672
vt 0.357421875 0.310058594
vt 0.530029297 0.310058594
vt 0.518066406 0.325439453
vt 0.521728516 0.135498047
vt 0.570800781 0.153808594
vt 0.537841797 0.171386719
v 0.059570286 0.890625000 -0.061523471
vt 0.510986328 0.167968750
vn 0.828313768 -0.299770713 -0.473322302
v 0.088867165 0.873046875 -0.026367223
vt 0.499023438 0.123046875
vn 0.204985157 -0.977621377 -0.047304247
v 0.057617161 0.937500000 -0.065429725
vt 0.484375000 0.205322266
vn -0.023563085 0.628345430 -0.777577519
vt 0.536376953 0.265625000
vt 0.487548828 0.217285156
v 0.051757786 0.935546875 -0.053710971
vt 0.484130859 0.220458984
vn 0.094251715 0.824703515 -0.557656646
v 0.057617165 0.957031250 -0.026367223
vt 0.466308594 0.229980469
vn -0.457787007 0.884002447 0.094714567
v 0.051757790 0.939453125 -0.010742221
vt 0.464111328 0.246337891
vn 0.489206195 0.654904962 0.576000750
v 0.088867158 0.937500000 -0.063476607
vt 0.467773438 0.181884766
vn 0.165426016 0.512033284 -0.842885673
v 0.088867165 0.890625000 -0.061523475
vt 0.488281250 0.151611328
vn 0.094452970 -0.543105125 -0.834335327
v 0.102539040 0.892578125 -0.059570353
vt 0.478271484 0.143554688
vn 0.645209372 -0.409157187 -0.645209491
v 0.102539040 0.876953125 -0.026367225
vt 0.487060547 0.115722656
vn 0.666712880 -0.745149612 0.015687307
v 0.102539033 0.935546875 -0.059570353
vt 0.452636719 0.169433594
vn 0.678175151 0.402173698 -0.615089297
v 0.104492165 0.886718750 -0.026367225
vt 0.473632812 0.113037109
vn 0.812031209 -0.583401024 0.015767517
v 0.104492165 0.914062500 -0.055664103
vt 0.461425781 0.146728516
vn 0.781614065 0.007895100 -0.623712420
v 0.125976548 0.884765625 -0.026367228
vt 0.459472656 0.105957031
vn -0.632297456 -0.774564505 0.015807554
vt 0.366210938 0.999755859
vt 0.184082031 0.999755859
v 0.204101548 0.730468750 -0.079101607
vt 0.201416016 0.984375000
vn 0.716624200 0.299249738 -0.629999518
vt 0.574707031 0.994628906
vt 0.389404297 1.000000000
vt 0.421875000 0.981201172
vt 0.455078125 0.969970703
vt 0.092041016 0.376464844
vt 0.000976562 0.376464844
vt 0.093505859 0.338378906
vt 0.163574219 0.049804688
vt 0.255859375 0.049804688
vt 0.230468750 0.060546875
vt 0.149169922 0.068603516
vt 0.151611328 0.056152344
vt 0.240478516 0.067382812
vt 0.715820312 0.530517578
vt 0.663085938 0.597656250
v 0.258789062 0.626953125 0.000976516
vt 0.713623047 0.518554688
vn 0.472660899 -0.653847396 0.590825915
v 0.268554688 0.630859375 0.010742139
vt 0.718017578 0.521484375
vn 0.543357790 -0.496109128 0.677228332
v 0.280273438 0.630859375 -0.020507863
vt 0.723876953 0.518798828
vn 0.864241660 -0.502831459 -0.015713574
v 0.266601562 0.662109375 0.010742137
vt 0.731933594 0.528808594
vn 0.494684845 0.494684845 0.714544594
v 0.272460938 0.626953125 -0.020507861
vt 0.722900391 0.515380859
vn 0.770579338 -0.636907399 -0.023589235
vt 0.710205078 0.427734375
vt 0.730957031 0.514404297
v 0.268554688 0.630859375 -0.049804736
vt 0.733398438 0.517333984
vn 0.544100404 -0.504672885 -0.670268714
vt 0.748535156 0.516113281
v 0.266601562 0.662109375 -0.049804736
vt 0.744384766 0.524414062
vn 0.504187047 0.504187107 -0.701135337
vt 0.056152344 0.064208984
vt 0.144775391 0.064208984
vt 0.144531250 0.071533203
vt 0.057128906 0.051757812
vt 0.145751953 0.051757812
vt 0.145263672 0.059570312
vt 0.657226562 0.541259766
vt 0.707763672 0.491943359
vt 0.684570312 0.551757812
vt 0.668945312 0.478759766
v 0.262695312 0.666015625 0.000976513
vt 0.645751953 0.538574219
vn 0.418192446 0.489206195 0.765370846
v 0.274414062 0.666015625 -0.018554738
vt 0.637451172 0.574707031
vn 0.993605554 0.110400662 0.023657139
v 0.282226562 0.662109375 -0.018554740
vt 0.641357422 0.581542969
vn 0.897304058 0.440780967 0.023613129
vt 0.656982422 0.603271484
vt 0.620361328 0.613037109
v 0.262695312 0.666015625 -0.040039111
vt 0.617187500 0.598876953
vn 0.426295042 0.481555641 -0.765752435
v 0.221679688 0.666015625 0.006835894
vt 0.653076172 0.467773438
vn 0.542685032 0.605605006 0.582009971
vt 0.676025391 0.455810547
vt 0.702392578 0.396240234
v 0.258789062 0.707031250 0.012695262
vt 0.578125000 0.497802734
vn -0.023612401 -0.015741648 0.999597251
v 0.282226562 0.673828125 -0.008789115
vt 0.613281250 0.539062500
vn 0.410724193 -0.679274380 0.608187497
v 0.225585923 0.707031250 -0.018554734
vt 0.581298828 0.437988281
vn -0.062850095 0.997744679 0.023568736
vt 0.409423828 0.185791016
vt 0.445068359 0.180908203
vt 0.444335938 0.237304688
v 0.219726548 0.662109375 -0.057617232
vt 0.410400391 0.249511719
vn 0.850156486 0.448693752 -0.275513828
vt 0.470703125 0.261230469
vt 0.398193359 0.184082031
vt 0.342285156 0.304443359
v 0.217773423 0.666015625 -0.045898482
vt 0.393310547 0.241943359
vn 0.557794154 0.628500640 -0.542081833
vt 0.433837891 0.865234375
vt 0.384033203 0.818603516
vt 0.417724609 0.799804688
vt 0.447021484 0.830566406
vt 0.456054688 0.799316406
vt 0.479736328 0.880859375
vt 0.438720703 0.759765625
v 0.237304673 0.763671875 -0.059570361
vt 0.392333984 0.727294922
vn 0.338918954 -0.488674015 -0.803947568
vt 0.331542969 0.783203125
v 0.206054673 0.794921875 -0.059570357
vt 0.327148438 0.720947266
vn -0.582876086 0.228424296 -0.779793441
v 0.239257798 0.765625000 -0.043945361
vt 0.417236328 0.717285156
vn 0.653037429 -0.637301624 -0.409131944
v 0.258789033 0.787109375 -0.047851615
vt 0.394775391 0.687011719
vn 0.811501741 -0.039393280 -0.583020866
v 0.256835938 0.781250000 -0.018554742
vt 0.428710938 0.671142578
vn 0.969646931 -0.244382516 0.007883192
v 0.266601533 0.794921875 -0.022460993
vt 0.410888672 0.656982422
vn 0.984099448 0.039364014 -0.173201635
v 0.231445298 0.816406250 -0.047851615
vt 0.367675781 0.655029297
vn 0.015794994 0.805550456 -0.592316568
v 0.264648438 0.792968750 0.000976507
vt 0.427978516 0.640869141
vn 0.867757380 0.000000060 0.496988177
v 0.256835908 0.814453125 -0.022460992
vt 0.407226562 0.635253906
vn 0.592723310 0.592723429 -0.545305550
vt 0.457519531 0.635742188
vt 0.470458984 0.608398438
vt 0.459716797 0.570068359
vt 0.727050781 0.625000000
vt 0.732421875 0.597656250
v 0.282226562 0.673828125 -0.030273490
vt 0.750976562 0.618164062
vn 0.408525378 -0.683494389 -0.604931891
vt 0.728759766 0.638183594
vt 0.704833984 0.640869141
v 0.317382812 0.675781250 -0.010742244
vt 0.752441406 0.670410156
vn 0.614021063 -0.614020944 0.495939970
v 0.317382812 0.675781250 -0.028320368
vt 0.764648438 0.659179688
vn 0.614020944 -0.614021003 -0.495940089
v 0.317382812 0.712890625 -0.036132872
vt 0.806884766 0.674072266
vn 0.643617392 0.329657733 -0.690711558
v 0.284179688 0.714843750 -0.038085993
vt 0.796875000 0.607177734
vn 0.410378426 0.363027185 -0.836540997
v 0.258789033 0.707031250 -0.051757861
vt 0.780761719 0.572753906
vn -0.015744258 -0.015744170 -0.999752104
vt 0.721679688 0.541992188
v 0.256835908 0.726562500 -0.051757865
vt 0.803710938 0.568359375
vn -0.118415460 0.481555611 -0.868378997
vt 0.784179688 0.515869141
vt 0.686035156 0.751464844
vt 0.668945312 0.794921875
v 0.258789062 0.726562500 0.012695261
vt 0.652099609 0.780273438
vn -0.063036993 0.480657876 0.874639630
v 0.225585923 0.726562500 -0.018554734
vt 0.664550781 0.742187500
vn -0.884498537 0.465941161 0.023692021
vt 0.672119141 0.702148438
v 0.258789062 0.730468750 0.004882761
vt 0.648193359 0.770751953
vn 0.031547025 0.670372844 0.741353512
v 0.258789033 0.730468750 -0.043945365
vt 0.661865234 0.699707031
vn 0.118073538 0.653340816 -0.747799814
v 0.235351548 0.730468750 -0.018554736
vt 0.653320312 0.737792969
vn -0.756257296 0.653847396 0.023633111
v 0.282226562 0.730468750 -0.018554742
vt 0.676757812 0.661132812
vn 0.784657657 0.619879663 0.007846447
v 0.233398423 0.740234375 -0.018554736
vt 0.640869141 0.734375000
vn -0.837846518 -0.545390666 0.023712773
v 0.256835938 0.748046875 0.004882761
vt 0.630859375 0.769775391
vn 0.125657603 0.070682377 0.989552617
vt 0.612304688 0.764648438
vt 0.620361328 0.736083984
vt 0.615966797 0.699707031
v 0.256835908 0.748046875 -0.043945365
vt 0.643310547 0.694091797
vn 0.125583768 0.078489900 -0.988973260
vt 0.615478516 0.657714844
v 0.280273438 0.755859375 -0.018554743
vt 0.650390625 0.656982422
vn 0.919437528 0.392922074 0.015716743
vt 0.644287109 0.616943359
vt 0.612792969 0.618896484
vt 0.669677734 0.620849609
vt 0.674804688 0.615234375
vt 0.837158203 0.517822266
vt 0.882568359 0.548583984
v 0.284179688 0.714843750 -0.000976617
vt 0.828857422 0.552734375
vn 0.425196946 0.330708712 0.842519641
vt 0.815673828 0.517089844
v 0.317382812 0.712890625 -0.002929746
vt 0.837646484 0.593261719
vn 0.640641630 0.324275434 0.696005642
vt 0.890380859 0.595703125
vt 0.846679688 0.629882812
v 0.317382812 0.718750000 -0.018554745
vt 0.837402344 0.615966797
vn 0.752484202 0.658423722 0.015676627
v 0.305664062 0.718750000 -0.008789119
vt 0.828369141 0.612548828
vn 0.235122532 0.595643580 0.768066585
v 0.311523438 0.720703125 -0.018554745
vt 0.830810547 0.621093750
vn 0.821268797 0.568570733 0.047380760
v 0.305664062 0.718750000 -0.030273495
vt 0.830810547 0.632080078
vn 0.236521184 0.646491468 -0.725332081
v 0.313476562 0.732421875 -0.018554745
vt 0.817871094 0.625732422
vn 0.956260383 0.292410225 0.007902839
v 0.305664062 0.732421875 -0.006835995
vt 0.815673828 0.612792969
vn 0.267617136 0.283359230 0.920917332
vt 0.656494141 0.106689453
vt 0.607910156 0.111083984
v 0.288085938 0.726562500 -0.018554742
vt 0.659423828 0.098388672
vn 0.843959868 0.536348343 0.007887341
vt 0.697509766 0.141601562
vt 0.637207031 0.085449219
vt 0.686767578 0.096679688
v 0.288085938 0.718750000 -0.018554742
vt 0.662841797 0.088134766
vn 0.662321329 0.749053955 0.015769435
vt 0.635253906 0.054931641
vt 0.648437500 0.063476562
v 0.293945312 0.718750000 -0.012695367
vt 0.656250000 0.079101562
vn -0.497220367 0.741884410 0.449866086
vt 0.655761719 0.043945312
v 0.293945312 0.718750000 -0.026367243
vt 0.681152344 0.081787109
vn -0.488355637 0.748286664 -0.448971987
vt 0.710937500 0.071777344
vt 0.700439453 0.063476562
v 0.305664062 0.732421875 -0.030273495
vt 0.688720703 0.060302734
vn 0.338456661 0.283359110 -0.897304118
vt 0.686279297 0.042968750
v 0.291992188 0.732421875 -0.012695368
vt 0.665283203 0.065185547
vn -0.808595836 0.306167364 0.502428651
v 0.291992188 0.732421875 -0.026367243
vt 0.677490234 0.065917969
vn -0.777289987 0.306205064 -0.549598813
v 0.295898438 0.736328125 -0.024414120
vt 0.676757812 0.060058594
vn -0.363242269 0.876519144 -0.315862715
v 0.295898438 0.736328125 -0.014648494
vt 0.667236328 0.057861328
vn -0.369232714 0.887729704 0.274960548
v 0.305664062 0.736328125 -0.010742245
vt 0.667480469 0.048583984
vn 0.290654659 0.832686245 0.471331775
v 0.309570312 0.736328125 -0.018554747
vt 0.681396484 0.046875000
vn 0.496972829 0.867730379 -0.007888561
v 0.303710938 0.736328125 -0.028320370
vt 0.683593750 0.057617188
vn 0.070680022 0.761774898 -0.643974721
vt 0.992919922 0.566406250
vt 0.979736328 0.561767578
v 0.235351548 0.822265625 0.000976510
vt 0.982666016 0.550537109
vn 0.031465862 0.881043553 0.471987575
vt 0.994873047 0.541015625
vt 0.988037109 0.537109375
v 0.237304673 0.824218750 -0.022460992
vt 0.974609375 0.552978516
vn 0.023630042 0.984587789 -0.173287496
vt 0.975830078 0.571289062
vt 0.963134766 0.554443359
v 0.221679673 0.812500000 -0.018554738
vt 0.973876953 0.542724609
vn -0.251711190 0.967514634 -0.023597926
v 0.200195298 0.832031250 -0.020507861
vt 0.972900391 0.528808594
vn 0.938755631 0.331325531 -0.094664566
vt 0.994384766 0.525146484
v 0.204101548 0.794921875 -0.043945357
vt 0.958496094 0.540039062
vt 0.954345703 0.546630859
vt 0.954101562 0.566406250
vt 0.946777344 0.534179688
v 0.176757798 0.820312500 -0.047851607
vt 0.957275391 0.522460938
vn -0.015757924 -0.212730408 -0.976983905
vt 0.937988281 0.516601562
vt 0.937988281 0.508056641
v 0.168945298 0.845703125 -0.053710982
vt 0.957519531 0.512207031
vn -0.086496413 0.204445690 -0.975048959
v 0.196289048 0.861328125 -0.022460988
vt 0.976074219 0.516357422
vn 0.776619792 0.627571702 -0.054912642
v 0.202148423 0.841796875 -0.020507861
vt 0.975585938 0.524414062
vn 0.960868180 0.070883751 -0.267783076
vt 0.992431641 0.511230469
vt 0.833251953 0.005371094
vt 0.849365234 0.001220703
v 0.147460923 0.839843750 -0.022460978
vt 0.846435547 0.003906250
vn -0.951665044 0.306734979 -0.015729887
v 0.166992173 0.851562500 -0.047851607
vt 0.833007812 0.009277344
vn -0.212651297 0.346542627 -0.913612425
v 0.133789048 0.875000000 -0.026367228
vt 0.848144531 0.021240234
vn -0.674992681 -0.737782776 -0.007848633
vt 0.817626953 0.007812500
v 0.153320283 0.892578125 -0.053710982
vt 0.833496094 0.027832031
vn 0.102244869 -0.086515039 -0.990989983
v 0.127929673 0.876953125 -0.026367228
vt 0.849609375 0.023437500
vn -0.752553582 -0.658484459 0.007839227
vt 0.849609375 0.027343750
v 0.143554658 0.912109375 -0.055664107
vt 0.835205078 0.036865234
vn 0.173632383 0.165740103 -0.970763624
vt 0.849365234 0.044189453
v 0.159179658 0.937500000 -0.026367234
vt 0.817871094 0.043945312
vn 0.502878010 0.864321709 0.007857366
v 0.186523423 0.865234375 -0.022460986
vt 0.817626953 0.011962891
vn 0.710846364 0.702948153 0.023694757
v 0.170898423 0.921875000 -0.026367236
vt 0.817871094 0.035644531
vn 0.900630236 0.434514642 -0.007900402
v 0.172851548 0.906250000 -0.026367236
vt 0.818115234 0.029785156
vn 0.978595018 0.205189317 -0.015783928
v 0.153320298 0.894531250 0.000976518
vt 0.802734375 0.027343750
vn 0.070686810 0.007854123 0.997467637
v 0.143554673 0.912109375 0.000976518
vt 0.801757812 0.035400391
vn 0.117935002 0.188695848 0.974928319
vt 0.787109375 0.028564453
vt 0.786865234 0.024414062
vt 0.788085938 0.021972656
v 0.166992173 0.853515625 0.000976518
vt 0.802490234 0.009521484
vn -0.345952928 0.597555220 0.723356307
vt 0.790283203 0.005371094
vt 0.802001953 0.004882812
vt 0.787109375 0.002197266
vt 0.118652344 0.300292969
vt 0.083007812 0.296875000
v 0.104492165 0.941406250 -0.026367227
vt 0.104980469 0.258544922
vt 0.058593750 0.271972656
vt 0.069091797 0.252929688
vt 0.077392578 0.241699219
v 0.102539040 0.951171875 -0.026367228
vt 0.106445312 0.247314453
vn 0.670685828 0.741699696 0.007890302
v 0.088867165 0.955078125 -0.026367227
vt 0.110351562 0.232666016
vn 0.125832185 0.990928710 0.047187023
v 0.104492173 0.914062500 0.000976523
vt 0.139160156 0.273193359
vn 0.801783800 0.015721312 0.597407401
vt 0.147705078 0.316406250
vt 0.158691406 0.302001953
v 0.102539048 0.935546875 0.004882772
vt 0.130859375 0.255371094
vn 0.645209491 0.409157246 0.645209372
v 0.102539048 0.894531250 0.006835899
vt 0.157226562 0.273681641
vn 0.678344071 -0.362835109 0.638905346
vt 0.168212891 0.302978516
vt 0.181640625 0.302978516
vt 0.073486328 0.227050781
vt 0.117431641 0.207275391
vt 0.079833984 0.198974609
vt 0.145996094 0.220214844
vt 0.138916016 0.210449219
v 0.088867173 0.937500000 0.006835899
vt 0.136718750 0.243896484
vn -0.015776830 0.560080469 0.828288019
v 0.088867173 0.892578125 0.010742151
vt 0.166015625 0.262939453
vn 0.227768362 -0.400557876 0.887510598
v 0.071289048 0.892578125 0.010742154
vt 0.172607422 0.245849609
vn 0.676892698 -0.306962878 0.669021726
vt 0.158935547 0.209716797
v 0.061523423 0.875000000 0.002929655
vt 0.190673828 0.268554688
vn 0.644451857 -0.746620953 0.165042460
vt 0.201416016 0.286621094
vt 0.203857422 0.246093750
vt 0.225097656 0.223632812
vt 0.219726562 0.205078125
vt 0.199707031 0.178955078
vt 0.820556641 0.843750000
vt 0.847656250 0.862548828
vt 0.827636719 0.873779297
v 0.047851544 0.939453125 -0.004882845
vt 0.821777344 0.863769531
vn 0.282799095 0.864108324 0.416343063
v 0.040039044 0.941406250 -0.002929720
vt 0.809082031 0.854980469
vn 0.638488472 0.646371007 0.417776287
vt 0.764404297 0.859130859
v 0.057617165 0.980468750 -0.004882848
vt 0.798583984 0.872314453
vn 0.458688110 0.071175776 0.885742307
v 0.063476540 0.978515625 -0.010742225
vt 0.802490234 0.878662109
vn 0.937472999 -0.031511642 0.346628577
v 0.061523411 0.978515625 -0.051757850
vt 0.809326172 0.910888672
vn 0.920318782 -0.102257624 -0.377566844
vt 0.848632812 0.926757812
v 0.061523415 0.986328125 -0.010742225
vt 0.795654297 0.877929688
vn 0.819227874 0.456877142 0.346596271
v 0.053710915 0.986328125 -0.004882848
vt 0.786621094 0.872070312
vn 0.251462430 0.385051757 0.887976348
v 0.018554665 0.994140625 -0.004882844
vt 0.765869141 0.869628906
vn 0.078555360 0.652009010 0.754130840
v -0.012695334 0.990234375 -0.002929715
vt 0.750244141 0.845703125
vn -0.259040684 0.690775335 0.675075829
v 0.018554665 0.998046875 -0.010742219
vt 0.762451172 0.882568359
vn 0.086608805 0.952696860 0.291320503
v -0.016601585 0.998046875 -0.010742215
vt 0.739746094 0.884521484
vn -0.102435276 0.953436017 0.283666849
v 0.018554660 0.998046875 -0.051757846
vt 0.761962891 0.931640625
vn 0.078786492 0.953317583 -0.291510373
v 0.055664040 0.992187500 -0.010742224
vt 0.788818359 0.877929688
vn 0.415715069 0.831430137 0.368652880
v 0.055664033 0.992187500 -0.051757850
vt 0.793945312 0.913574219
vn 0.426149040 0.828623295 -0.363016009
v 0.061523408 0.986328125 -0.051757850
vt 0.801513672 0.911132812
vn 0.858640492 0.354484618 -0.370239645
v 0.053710908 0.986328125 -0.057617225
vt 0.797607422 0.918945312
vn 0.266882122 0.337527484 -0.902689993
v 0.016601533 0.994140625 -0.057617221
vt 0.763671875 0.939697266
vn 0.031565484 0.481375635 -0.875945926
v -0.016601590 0.998046875 -0.051757839
vt 0.743408203 0.950439453
vn -0.086528473 0.928213537 -0.361846000
v 0.055664033 0.980468750 -0.057617225
vt 0.805908203 0.919433594
vn 0.402461499 0.007891382 -0.915402949
vt 0.845458984 0.934814453
vt 0.802978516 0.999023438
vt 0.931640625 0.901123047
vt 0.938232422 0.935302734
vt 0.885253906 0.919677734
v -0.053710960 0.990234375 -0.010742209
vt 0.892578125 0.948242188
vn -0.370976865 0.876136899 0.307831883
vt 0.860107422 0.903564453
v -0.016601585 0.994140625 -0.004882839
vt 0.878662109 0.923339844
vn -0.078555226 0.652009010 0.754130840
vt 0.873046875 0.923828125
v -0.051757835 0.986328125 -0.004882834
vt 0.886718750 0.950439453
vn -0.259120464 0.447571933 0.855883181
v -0.055664085 0.980468750 -0.004882833
vt 0.885009766 0.960937500
vn -0.511604786 0.047225080 0.857922137
v -0.038085956 0.939453125 -0.002929709
vt 0.863769531 0.985839844
vn -0.565092742 0.729911506 0.384577066
v -0.059570335 0.986328125 -0.010742209
vt 0.891601562 0.956298828
vn -0.833689988 0.448304951 0.322465092
v -0.045898456 0.939453125 -0.004882833
vt 0.871337891 0.990234375
vn -0.496047586 0.748008311 0.440931231
vt 0.858398438 0.999755859
vt 0.878173828 0.993164062
v -0.059570335 0.978515625 -0.010742209
vt 0.889648438 0.963867188
vn -0.946644306 -0.118330576 0.299770832
v -0.059570339 0.978515625 -0.051757835
vt 0.924804688 0.970947266
vn -0.919551134 -0.110031813 -0.377251625
vt 0.936523438 0.998779297
v -0.059570342 0.986328125 -0.051757835
vt 0.923583984 0.963378906
vn -0.844354033 0.370884389 -0.386666656
v -0.053710967 0.980468750 -0.057617210
vt 0.932617188 0.972167969
vn -0.408740014 0.039301854 -0.911804318
vt 0.948974609 0.995117188
v -0.049804717 0.986328125 -0.057617210
vt 0.931396484 0.962646484
vn -0.196116254 0.345164359 -0.917823493
v -0.016601592 0.992187500 -0.057617214
vt 0.942382812 0.947509766
vn -0.047104262 0.392534316 -0.918530405
vt 0.959960938 0.924560547
v -0.053710967 0.992187500 -0.051757835
vt 0.926513672 0.957275391
vn -0.424920440 0.826233983 -0.369838029
vt 0.923828125 0.728027344
vt 0.937255859 0.710937500
vt 0.986328125 0.749023438
vt 0.976562500 0.683593750
vt 0.963867188 0.674560547
vt 0.530273438 0.023681641
vt 0.566650391 0.024658203
vt 0.563232422 0.047607422
v -0.086914077 0.890625000 0.008789049
vt 0.528564453 0.038818359
vn -0.141732141 -0.519684970 0.842519701
vt 0.498535156 0.042968750
vt 0.496582031 0.023925781
v -0.100585952 0.892578125 0.006835926
vt 0.529052734 0.050292969
vn -0.636651516 -0.385134906 0.668091238
vt 0.557617188 0.060058594
vt 0.501708984 0.055664062
vt 0.539550781 0.064941406
vt 0.507812500 0.061767578
vt 0.507812500 0.078613281
vt 0.534423828 0.093994141
vt 0.346923828 0.477050781
vt 0.344238281 0.446044922
vt 0.529052734 0.458740234
vt 0.352783203 0.486083984
vt 0.537841797 0.305419922
vt 0.358886719 0.305419922
vt 0.505126953 0.276367188
vt 0.598144531 0.569335938
vt 0.406738281 0.563476562
vt 0.563964844 0.549804688
vt 0.533447266 0.538330078
vt 0.290039062 0.275634766
vt 0.205322266 0.342529297
vt 0.193115234 0.303222656
v -0.213867202 0.666015625 -0.045898423
vt 0.138671875 0.349853516
vn -0.590697825 0.630077541 -0.504061937
vt 0.239990234 0.189453125
vt 0.374755859 0.187988281
v -0.217773452 0.662109375 -0.057617173
vt 0.301269531 0.223876953
vn -0.842284799 0.472309172 -0.259769946
vt 0.291503906 0.228759766
v -0.217773452 0.630859375 -0.055664048
vt 0.338378906 0.225830078
vn -0.921660066 -0.039387241 -0.385994256
v -0.264648438 0.662109375 -0.049804669
vt 0.313964844 0.282714844
vn -0.504187286 0.504187107 -0.701135218
v -0.266601562 0.630859375 -0.049804669
vt 0.347167969 0.286865234
vn -0.535649061 -0.504140258 -0.677438378
vt 0.613281250 0.036621094
vt 0.638427734 0.038574219
vt 0.599853516 0.099365234
vt 0.604492188 0.028076172
v -0.256835938 0.626953125 -0.040039044
vt 0.593261719 0.029785156
vn -0.466713190 -0.648652196 -0.601189792
vt 0.592529297 0.026367188
vt 0.922363281 0.590576172
vt 0.922363281 0.494873047
vt 0.935791016 0.588134766
vt 0.351074219 0.064453125
vt 0.257568359 0.064453125
vt 0.257568359 0.056152344
vt 0.009033203 0.754394531
vt 0.038330078 0.684326172
v -0.270507812 0.626953125 -0.018554665
vt 0.014892578 0.756347656
vn -0.779672563 -0.622163057 0.070879459
v -0.256835938 0.626953125 0.000976583
vt 0.020751953 0.758056641
vn -0.472866148 -0.646250546 0.598964036
v -0.278320312 0.630859375 -0.020507788
vt 0.013916016 0.758544922
vn -0.867325664 -0.496741056 -0.031538978
vt 0.005859375 0.757080078
vt 0.000000000 0.763427734
v -0.266601562 0.630859375 0.010742210
vt 0.021728516 0.762207031
vn -0.527869999 -0.512112796 0.677564681
v -0.266601562 0.662109375 0.010742208
vt 0.022460938 0.770507812
vn -0.528411448 0.488977849 0.694033146
vt 0.260498047 0.050781250
vt 0.354248047 0.050781250
vt 0.353515625 0.058593750
vt 0.957763672 0.128417969
vt 0.957763672 0.055908203
vt 0.967285156 0.128662109
vt 0.956298828 0.131591797
vt 0.556640625 0.453369141
vt 0.579833984 0.524902344
v -0.278320312 0.662109375 -0.018554665
vt 0.554931641 0.502929688
vn -0.902106583 0.431442261 -0.007844306
vt 0.548828125 0.538085938
v -0.272460938 0.666015625 -0.018554667
vt 0.549804688 0.497314453
vn -0.998854995 0.047189955 0.007865129
v -0.260742188 0.666015625 -0.040039044
vt 0.542724609 0.455322266
vn -0.424670756 0.487584740 -0.762834191
vt 0.609375000 0.401855469
vt 0.601318359 0.395019531
v -0.256835967 0.707031250 -0.051757794
vt 0.522460938 0.403076172
vn 0.007872666 -0.015745636 -0.999845147
v -0.280273438 0.673828125 -0.030273415
vt 0.504394531 0.439453125
vn -0.408525497 -0.683494389 -0.604931772
v -0.282226562 0.714843750 -0.038085919
vt 0.473632812 0.395263672
vn -0.410378724 0.363027155 -0.836540997
v -0.315429688 0.712890625 -0.036132790
vt 0.425292969 0.401367188
vn -0.643617630 0.329657674 -0.690711439
v -0.315429688 0.675781250 -0.028320286
vt 0.456054688 0.445556641
vn -0.614021063 -0.614021003 -0.495939910
vt 0.237304688 0.842041016
vt 0.274169922 0.857177734
vt 0.263427734 0.884765625
v -0.219726562 0.662109375 0.018554701
vt 0.235595703 0.895263672
vn -0.779793441 0.228424355 0.582876086
vt 0.228515625 0.918945312
v -0.260742188 0.666015625 0.000976582
vt 0.220947266 0.845214844
vn -0.395222872 0.505885422 0.766732633
v -0.219726562 0.666015625 0.006835951
vt 0.222412109 0.896484375
vt 0.167724609 0.967285156
vt 0.225341797 0.820800781
v -0.223632827 0.707031250 -0.018554674
vt 0.161621094 0.923339844
vn 0.063080154 0.993512928 0.094620228
v -0.256835938 0.707031250 0.012695329
vt 0.168457031 0.862548828
vn 0.023612665 -0.015741644 0.999597251
v -0.256835938 0.726562500 0.012695328
vt 0.143066406 0.865722656
vn 0.063037187 0.480657876 0.874639630
v -0.280273438 0.673828125 -0.008789041
vt 0.204101562 0.820800781
vn -0.410723954 -0.679274380 0.608187616
vt 0.224365234 0.802001953
vt 0.240966797 0.800048828
v -0.282226562 0.714843750 -0.000976542
vt 0.150634766 0.829345703
vn -0.425196767 0.330708653 0.842519760
v -0.286132812 0.726562500 -0.018554667
vt 0.129882812 0.830322266
v -0.286132812 0.718750000 -0.018554667
vt 0.134033203 0.824951172
vn -0.662321389 0.749053895 0.015769610
v -0.315429688 0.712890625 -0.002929663
vt 0.149902344 0.788330078
vn -0.640641510 0.324275374 0.696005762
v -0.315429688 0.675781250 -0.010742161
vt 0.193359375 0.778808594
vn -0.614020884 -0.614021003 0.495940149
vt 0.212646484 0.763671875
vt 0.152099609 0.745605469
v -0.315429688 0.718750000 -0.018554663
vt 0.142089844 0.768798828
vn -0.752484202 0.658423662 0.015676823
vt 0.104248047 0.985595703
vt 0.119384766 0.917724609
vt 0.156005859 0.958740234
vt 0.178466797 1.000000000
v -0.254882842 0.726562500 -0.051757798
vt 0.141357422 0.903320312
vn 0.118415184 0.481555611 -0.868378997
vt 0.110351562 0.883056641
vt 0.115478516 0.857177734
vt 0.107177734 0.859619141
vt 0.849853516 0.381835938
vt 0.883544922 0.347656250
vt 0.891357422 0.385009766
vt 0.875244141 0.415527344
v -0.235351577 0.765625000 -0.059570301
vt 0.827636719 0.430908203
vn -0.321947724 -0.478995293 -0.816647530
vt 0.783935547 0.376220703
v -0.237304702 0.765625000 -0.043945301
vt 0.843994141 0.440673828
vn -0.593874454 -0.649302602 -0.475099385
v -0.231445327 0.740234375 -0.018554676
vt 0.882812500 0.432128906
vn 0.858640432 -0.512033224 0.023632215
v -0.254882842 0.748046875 -0.043945298
vt 0.857910156 0.463378906
vn -0.125723526 0.062861644 -0.990071774
v -0.256835967 0.730468750 -0.043945298
vt 0.875976562 0.471679688
vn -0.118073769 0.653340757 -0.747799754
v -0.233398452 0.730468750 -0.018554674
vt 0.889892578 0.439941406
vn 0.756257236 0.653847456 0.023632912
vt 0.347656250 0.409667969
vt 0.379394531 0.427734375
v -0.223632827 0.726562500 -0.018554674
vt 0.343750000 0.430175781
vn 0.884498537 0.465941221 0.023691790
vt 0.373291016 0.437500000
vt 0.304931641 0.423828125
vt 0.340332031 0.440429688
v -0.256835938 0.730468750 0.004882828
vt 0.303466797 0.434570312
vn -0.031546891 0.670372844 0.741353512
vt 0.332519531 0.457763672
v -0.280273438 0.730468750 -0.018554667
vt 0.263427734 0.407958984
vn -0.784657776 0.619879603 0.007846654
vt 0.263671875 0.397705078
vt 0.213867188 0.395263672
vt 0.219482422 0.404785156
v -0.278320312 0.755859375 -0.018554669
vt 0.255859375 0.435302734
vn -0.926181257 0.376751691 0.015698092
vt 0.211914062 0.432128906
v -0.254882812 0.748046875 0.004882828
vt 0.291259766 0.454101562
vn -0.125723258 0.062861733 0.990071774
vt 0.294433594 0.484863281
vt 0.331787109 0.474365234
v -0.254882812 0.783203125 -0.018554674
vt 0.248291016 0.477294922
vn -0.956840694 -0.290189445 0.015686052
vt 0.204345703 0.460693359
v -0.262695312 0.794921875 0.000976577
vt 0.256347656 0.506103516
vn -0.872798979 0.023589145 0.487509519
vt 0.301513672 0.504394531
v -0.208007827 0.798828125 0.024414070
vt 0.294921875 0.552001953
vn 0.245114893 0.593019783 0.766972125
v -0.264648467 0.794921875 -0.022460923
vt 0.237304688 0.495361328
vn -0.983216226 -0.023597239 -0.180911660
v -0.254882842 0.816406250 -0.022460924
vt 0.228515625 0.515869141
vn -0.584127724 0.615702033 -0.528872192
v -0.256835967 0.789062500 -0.047851548
vt 0.216308594 0.488525391
vn -0.812132180 -0.000000061 -0.583473504
v -0.227539077 0.818359375 -0.047851555
vt 0.190429688 0.518798828
vn 0.031541944 0.827978909 -0.559871495
vt 0.187011719 0.462646484
v -0.204101577 0.794921875 -0.059570305
vt 0.152587891 0.480957031
vn 0.588348329 0.196116149 -0.784464657
vt 0.861816406 0.667236328
vt 0.857421875 0.697265625
vt 0.839355469 0.684570312
v -0.202148452 0.794921875 -0.043945305
vt 0.850830078 0.703613281
vn 0.614020884 0.614021003 -0.495940149
vt 0.887451172 0.689208984
vt 0.873291016 0.707031250
v -0.174804702 0.820312500 -0.047851562
vt 0.825927734 0.700683594
vn 0.023592690 -0.220199600 -0.975169480
v -0.153320327 0.808593750 -0.020507812
vt 0.814697266 0.678710938
vn 0.788404346 -0.614955306 0.015768010
v -0.139648452 0.832031250 -0.022460941
vt 0.804199219 0.678466797
vn 0.997006476 -0.070653953 -0.031401906
v -0.166992202 0.845703125 -0.053710938
vt 0.814453125 0.704101562
vn 0.102527469 0.252375633 -0.962182224
v -0.198242202 0.832031250 -0.020507809
vt 0.840332031 0.726074219
vn -0.936282575 0.338320553 -0.094414949
v -0.194335952 0.861328125 -0.022460936
vt 0.821777344 0.728027344
vn -0.773116946 0.631115794 -0.063111506
v -0.219726577 0.812500000 -0.018554680
vt 0.859375000 0.724609375
vn 0.259120554 0.965813160 0.007852064
v -0.200195327 0.841796875 -0.020507809
vt 0.833496094 0.728271484
vn -0.961375356 0.063040942 -0.267924130
v -0.166992202 0.849609375 0.010742188
vt 0.815673828 0.753662109
v -0.174804702 0.824218750 0.008789064
vt 0.831542969 0.750976562
vn 0.047187217 -0.125832170 0.990928710
vt 0.808593750 0.778564453
vt 0.819824219 0.776611328
vt 0.845458984 0.769287109
v -0.202148452 0.796875000 0.006835944
vt 0.856201172 0.749267578
vn 0.623712361 0.560551524 0.544761300
vt 0.867919922 0.750976562
vt 0.862060547 0.776123047
vt 0.884521484 0.780761719
v -0.233398452 0.822265625 0.000976571
vt 0.873046875 0.732421875
vn -0.015744109 0.889543295 0.456579715
vt 0.901611328 0.742187500
vt 0.889404297 0.724365234
v -0.235351577 0.824218750 -0.022460928
vt 0.875488281 0.721435547
vn -0.015776979 0.986057103 -0.165657640
vt 0.901611328 0.715820312
vt 0.903076172 0.204833984
vt 0.915039062 0.188476562
v -0.145507827 0.841796875 -0.022460941
vt 0.911376953 0.204833984
vn 0.975410879 0.220254108 -0.007866353
v -0.165039077 0.851562500 -0.045898438
vt 0.920410156 0.189941406
vn 0.243573904 0.424290240 -0.872152269
v -0.131835952 0.875000000 -0.026367195
vt 0.929687500 0.213134766
vn 0.666774392 -0.745218396 -0.007844458
vt 0.925537109 0.169677734
v -0.151367217 0.892578125 -0.053710945
vt 0.944335938 0.198242188
vn -0.109940246 -0.094234444 -0.989461064
v -0.125976577 0.876953125 -0.026367195
vt 0.932128906 0.216064453
vn 0.752553701 -0.658484340 0.007839031
vt 0.937255859 0.217773438
vt 0.955810547 0.203369141
vt 0.972412109 0.184082031
v -0.184570327 0.865234375 -0.022460938
vt 0.931640625 0.170654297
vn -0.714919448 0.699206829 0.000000063
v -0.170898452 0.906250000 -0.026367191
vt 0.954345703 0.178955078
vn -0.978595018 0.205189228 -0.015783671
v -0.168945327 0.921875000 -0.026367191
vt 0.961914062 0.180908203
vn -0.900630236 0.434514582 -0.007900166
v -0.151367202 0.894531250 0.000976558
vt 0.956542969 0.157958984
vn -0.070686541 0.007854117 0.997467637
vt 0.967773438 0.159912109
vt 0.963867188 0.137939453
vt 0.958984375 0.135986328
vt 0.955322266 0.136718750
v -0.165039077 0.853515625 0.000976561
vt 0.933349609 0.151367188
vn 0.330422044 0.605773687 0.723781407
vt 0.933837891 0.132812500
vt 0.928222656 0.149169922
vt 0.930175781 0.127197266
v -0.331054688 0.175781250 0.002929738
vt 0.428955078 0.052490234
vn -0.802155495 0.456127673 0.385349333
v -0.329101533 0.095703125 0.002929741
vt 0.432128906 0.005126953
vn -0.827593029 -0.441382945 0.346801043
v -0.321289033 0.091796875 0.008789115
vt 0.437988281 0.000244141
vn 0.308428258 -0.648489833 0.695940375
v -0.321289062 0.091796875 -0.090820260
vt 0.379882812 0.001220703
vn 0.306734949 -0.644930005 -0.699985027
v -0.329101562 0.095703125 -0.084960885
vt 0.382324219 0.006835938
vn -0.825314701 -0.440167874 -0.353706121
v -0.331054688 0.175781250 -0.084960885
vt 0.374511719 0.053222656
vn -0.799711168 0.454737633 -0.392015159
v -0.321289062 0.179687500 -0.090820260
vt 0.368652344 0.054443359
vn 0.345259935 0.635592282 -0.690520167
vt 0.949462891 0.502685547
vt 0.902343750 0.472412109
v -0.321289033 0.179687500 0.008789111
vt 0.947753906 0.493896484
vn 0.347135395 0.639044583 0.686381102
vt 0.984375000 0.463378906
vt 0.982910156 0.453613281
vt 0.940185547 0.418945312
vt 0.945556641 0.415283203
v -0.313476562 0.445312500 0.004882848
vt 0.964355469 0.615478516
vn 0.007857574 -0.864321709 0.502878129
v -0.311523438 0.453125000 0.024414098
vt 0.964355469 0.608154297
vn 0.047156602 -0.526580453 0.848816395
v -0.356445312 0.453125000 -0.018554647
vt 0.979980469 0.619628906
vn -0.811728477 -0.583183706 0.031523570
v -0.336914062 0.445312500 -0.018554648
vt 0.974121094 0.623291016
vn -0.550907850 -0.834232092 0.023610450
v -0.311523438 0.466796875 0.026367223
vt 0.967285156 0.603515625
vn 0.039427668 0.402161211 0.914719522
v -0.360351562 0.466796875 -0.018554647
vt 0.983886719 0.616455078
vn -0.928558409 0.369849503 0.031476665
v -0.348632812 0.470703125 -0.018554647
vt 0.984375000 0.611083984
vn -0.644870162 0.762834251 0.047185674
v -0.331054688 0.435546875 -0.018554650
vt 0.972656250 0.626708984
vn -0.748309910 -0.661663592 0.047261812
v -0.313476562 0.435546875 -0.002929651
vt 0.963378906 0.619628906
vn 0.063054845 -0.685719907 0.725129247
v -0.313476562 0.429687500 -0.010742151
vt 0.963378906 0.623046875
vn 0.102537319 -0.441698641 0.891284823
v -0.311523438 0.470703125 0.016601598
vt 0.970214844 0.600585938
vn 0.039368916 0.755882144 0.653523028
v -0.321289062 0.429687500 -0.018554648
vt 0.967773438 0.626464844
vn -0.888854921 -0.448360503 0.094391823
v -0.315429688 0.429687500 -0.026367150
vt 0.967529297 0.629638672
vn -0.054973539 -0.486907691 -0.871721804
v -0.268554688 0.466796875 -0.020507783
vt 0.959472656 0.584472656
vn 0.928299665 0.369746536 -0.039334871
v -0.325195312 0.419921875 -0.018554648
vt 0.964843750 0.627929688
vn -0.961375296 -0.267924279 0.063041143
v -0.313476562 0.419921875 -0.008789025
vt 0.961669922 0.625976562
vn 0.047366265 -0.339457214 0.939428151
v -0.315429688 0.419921875 -0.030273400
vt 0.964843750 0.632080078
vn -0.039277762 -0.282799095 -0.958374739
v -0.315429688 0.414062500 -0.018554650
vt 0.962402344 0.629882812
vn -0.054992057 -0.997713923 0.039280128
v -0.280273438 0.470703125 -0.020507781
vt 0.962646484 0.585937500
vn 0.639681935 0.766038895 -0.063178577
v -0.282226562 0.500000000 -0.018554658
vt 0.967041016 0.583251953
vn 0.901884615 -0.431336105 0.023527326
v -0.346679688 0.499999970 -0.018554650
vt 0.991210938 0.603271484
vn -0.904167414 -0.424565613 0.047174089
v -0.313476562 0.500000000 0.012695346
vt 0.977783203 0.593994141
vn -0.047185484 -0.456127644 0.888662577
v -0.311523438 0.509765625 0.024414096
vt 0.979248047 0.590576172
vn 0.062865712 0.007858244 0.997991085
v -0.356445312 0.509765625 -0.018554648
vt 0.995849609 0.601806641
vn -0.999009490 0.031464823 0.031464998
vt 0.989013672 0.354736328
vt 0.990478516 0.361328125
v -0.272460938 0.453125000 -0.020507783
vt 0.977539062 0.364990234
vn 0.811501801 -0.583020687 -0.039393373
vt 0.984863281 0.350585938
vt 0.970458984 0.365478516
v -0.291992188 0.445312500 -0.020507779
vt 0.983398438 0.367919922
vn 0.520411551 -0.851582527 -0.063080214
vt 0.991943359 0.365234375
v -0.317382812 0.453124970 -0.061523400
vt 0.981201172 0.382568359
vn -0.039393369 -0.583020747 -0.811501682
v -0.297851562 0.435546875 -0.018554654
vt 0.987304688 0.369140625
vn 0.770198524 -0.636592567 0.039295767
v -0.307617188 0.429687500 -0.018554650
vt 0.990234375 0.370605469
vn 0.904167414 -0.424565554 -0.047174051
vt 0.991943359 0.368164062
v -0.317382812 0.445312500 -0.041992150
vt 0.986572266 0.378906250
vn -0.078963257 -0.844906569 -0.529053569
v -0.315429688 0.435546875 -0.036132775
vt 0.989257812 0.376464844
vn 0.039334662 -0.645089686 -0.763093829
vt 0.991943359 0.374511719
vt 0.995117188 0.380371094
vt 0.995117188 0.384277344
vt 0.994873047 0.391601562
v -0.303710938 0.419921875 -0.018554652
vt 0.993408203 0.370605469
vn 0.953939617 -0.299584299 -0.015767708
vt 0.994628906 0.373779297
vt 0.994873047 0.367187500
vt 0.996826172 0.369873047
v -0.317382812 0.466796845 -0.065429650
vt 0.977294922 0.385986328
vn -0.039270520 0.353433430 -0.934635103
vt 0.990478516 0.395751953
vt 0.984619141 0.397216797
v -0.317382812 0.470703125 -0.055664029
vt 0.973632812 0.387207031
vn -0.063237771 0.758851767 -0.648185968
vt 0.967285156 0.369140625
vt 0.974365234 0.403808594
vt 0.958740234 0.374511719
v -0.315429688 0.499999970 -0.051757779
vt 0.964843750 0.391113281
vn 0.039301813 -0.408739924 -0.911804378
v -0.317382812 0.509765625 -0.061523404
vt 0.962402344 0.394042969
vn -0.070634551 0.039241299 -0.996730208
v -0.272460938 0.509765625 -0.020507785
vt 0.954345703 0.375000000
vn 0.997252405 0.039261945 -0.062819183
vt 0.215332031 0.020507812
vt 0.223144531 0.029541016
vt 0.220703125 0.031494141
v -0.344726562 0.519531250 -0.018554650
vt 0.212158203 0.022705078
vn -0.849105000 0.526759505 0.039310504
v -0.313476562 0.519531250 0.012695345
vt 0.217041016 0.031494141
vn -0.023556327 0.541797578 0.840178847
v -0.313476562 0.542968750 0.010742219
vt 0.211181641 0.036132812
vn -0.039525870 -0.505932808 0.861666858
vt 0.206298828 0.009521484
vt 0.217285156 0.017089844
v -0.315429688 0.519531250 -0.049804654
vt 0.203613281 0.012207031
vn 0.015693504 0.517890036 -0.855303347
v -0.344726562 0.542968750 -0.018554652
vt 0.207031250 0.026611328
vn -0.884057522 -0.465708911 0.039466988
v -0.315429688 0.542968750 -0.049804658
vt 0.199707031 0.017333984
vn 0.047185529 -0.456127733 -0.888662577
v -0.311523438 0.548828125 0.018554719
vt 0.209472656 0.038085938
vn 0.110486671 -0.173621655 0.978595018
v -0.284179688 0.519531250 -0.020507783
vt 0.191894531 0.007568359
vn 0.856728673 0.510893345 -0.070739195
vt 0.192871094 0.003417969
vt 0.206054688 0.006103516
vt 0.180664062 0.001708984
vt 0.191162109 0.000244141
vt 0.181152344 0.005615234
v -0.284179688 0.542968750 -0.018554660
vt 0.188476562 0.012939453
vn 0.899676085 -0.426162332 0.094702639
vt 0.178710938 0.012695312
v -0.278320312 0.548828125 -0.020507785
vt 0.187744141 0.015136719
vn 0.973965526 -0.219927654 -0.054982040
vt 0.177978516 0.016357422
v -0.313476562 0.556640625 0.014648468
vt 0.178466797 0.019775391
vn -0.055183079 0.622781336 0.780447423
v -0.280273438 0.556640625 -0.020507785
vt 0.187744141 0.017822266
vn 0.827747285 0.559714854 -0.039416671
v -0.317382812 0.548828125 -0.055664033
vt 0.198486328 0.019775391
vn -0.110414475 -0.126187876 -0.985842407
v -0.315429688 0.556640625 -0.051757783
vt 0.196289062 0.021484375
vn 0.047138870 0.636376441 -0.769936979
v -0.297851562 0.564453125 -0.018554660
vt 0.187255859 0.022705078
vn 0.849735498 0.527150750 0.007867786
v -0.313476562 0.564453125 -0.000976532
vt 0.180908203 0.021972656
vn 0.015769625 0.662321389 0.749053895
v -0.311523438 0.574218750 -0.000976532
vt 0.180419922 0.023437500
vn 0.196448982 0.165017098 0.966528416
v -0.293945312 0.572265625 -0.018554660
vt 0.187011719 0.024902344
vn 0.973725259 0.227726102 -0.000000138
v -0.311523438 0.574218750 -0.036132783
vt 0.192138672 0.026611328
vn 0.221158981 0.150072232 -0.963621914
v -0.350585938 0.548828125 -0.018554650
vt 0.204833984 0.027832031
vn -0.990530550 -0.133643046 0.031445552
v -0.346679688 0.556640625 -0.018554652
vt 0.202880859 0.029052734
vn -0.767188191 0.640641570 0.031636700
vt 0.205322266 0.038085938
v -0.331054688 0.564453125 -0.018554656
vt 0.199218750 0.030517578
vn -0.818263769 0.574358225 0.023603847
vt 0.201171875 0.036376953
v -0.315429688 0.564453125 -0.036132783
vt 0.194580078 0.024902344
vn -0.078662291 0.668628335 -0.739424348
v -0.333007812 0.572265625 -0.018554656
vt 0.197509766 0.031250000
vn -0.969556570 0.244359732 0.015765263
vt 0.199218750 0.037597656
v -0.327148438 0.578125000 -0.018554656
vt 0.196044922 0.031982422
vn -0.997498453 0.070688814 0.000000128
vt 0.953613281 0.915283203
vt 0.943115234 0.907226562
v -0.333007812 0.587890625 -0.018554656
vt 0.956542969 0.910156250
vn -0.998484433 -0.055034619 0.000000133
v -0.317382812 0.587890625 -0.002929657
vt 0.949462891 0.902099609
vn -0.078740038 0.236220524 0.968503952
vt 0.966064453 0.919677734
v -0.329101562 0.599609375 -0.018554656
vt 0.960693359 0.904785156
vn -0.840386212 0.541931212 0.007854165
v -0.317382812 0.599609375 -0.010742158
vt 0.958007812 0.899414062
vn 0.015788803 0.481555670 0.876273394
v -0.317382812 0.587890625 -0.034179658
vt 0.966552734 0.911865234
vn -0.078740291 0.236220434 -0.968503952
v -0.317382812 0.611328125 -0.020507785
vt 0.967285156 0.899658203
vn -0.543357670 0.803224266 -0.244117141
v -0.311523438 0.607421875 -0.012695284
vt 0.962890625 0.896484375
vn 0.141859993 0.157622129 0.977256954
v -0.317382812 0.599609375 -0.026367158
vt 0.968994141 0.905273438
vn 0.023527289 0.431336105 -0.901884615
v -0.299804688 0.623046875 -0.020507786
vt 0.972412109 0.890869141
vn -0.659600079 0.636042893 -0.400471359
v -0.295898438 0.619140625 -0.012695286
vt 0.968994141 0.888427734
vn 0.125545368 -0.149084926 0.980822146
v -0.307617188 0.605468750 -0.022460908
vt 0.973632812 0.900878906
vn 0.675242245 -0.314066201 -0.667390704
v -0.309570312 0.599609375 -0.018554658
vt 0.974609375 0.905761719
vn 0.982396007 0.172901750 0.070732377
v -0.291992188 0.634765625 -0.020507786
vt 0.975097656 0.883544922
vn -0.928990006 0.228311032 -0.291293353
v -0.286132812 0.632812500 -0.012695288
vt 0.970947266 0.881835938
vn 0.188225299 -0.305865884 0.933283091
v -0.291992188 0.617187500 -0.022460911
vt 0.976562500 0.891845703
vn 0.592908502 -0.553381324 -0.585003197
vt 0.979980469 0.895019531
vt 0.977539062 0.904296875
vt 0.982910156 0.886962891
vt 0.979248047 0.906982422
vt 0.982910156 0.914794922
v -0.297851562 0.587890625 -0.018554660
vt 0.975830078 0.913574219
vn 0.982062519 0.188556045 -0.000000137
v -0.301757812 0.576171875 -0.018554660
vt 0.975830078 0.919677734
vn 0.791457295 0.611224532 -0.000000131
vt 0.985107422 0.922607422
vt 0.978027344 0.923583984
v -0.276367188 0.642578125 -0.016601540
vt 0.983398438 0.879638672
vn 0.978442788 -0.023671951 0.205157220
v -0.288085938 0.646484375 -0.012695288
vt 0.986572266 0.883056641
vn -0.133816659 -0.118073612 0.983947039
v -0.284179688 0.632812500 -0.024414038
vt 0.979003906 0.883789062
vn 0.462322146 -0.383962512 -0.799268961
v -0.288085938 0.648437500 -0.026367165
vt 0.979248047 0.876220703
vn 0.079022251 -0.134338096 -0.987779796
v -0.291992188 0.644531250 -0.020507786
vt 0.976806641 0.878417969
vn -0.889075100 -0.401263982 -0.220301658
vt 0.976074219 0.875000000
v -0.295898438 0.648437500 -0.018554663
vt 0.978515625 0.873535156
vn -0.434406102 -0.900405407 0.023694975
v -0.297851562 0.654296875 -0.026367163
vt 0.979736328 0.872070312
vn 0.360953599 -0.580664635 -0.729754150
v -0.297851562 0.654296875 -0.012695287
vt 0.979003906 0.871337891
vn 0.385349423 -0.456127673 0.802155614
v -0.303710938 0.648437500 -0.016601538
vt 0.979492188 0.870605469
vn 0.948061347 -0.308119923 -0.079005226
v -0.305664062 0.646484375 -0.028320285
vt 0.981445312 0.867187500
vn -0.102103077 -0.479098678 -0.871802449
v -0.301757812 0.658203125 -0.032226536
vt 0.981933594 0.867675781
vn -0.118209347 -0.007880663 -0.992957413
v -0.311523438 0.656250000 -0.020507786
vt 0.983154297 0.859375000
vn -0.982912242 0.172992513 -0.062906265
v -0.303710938 0.644531250 -0.008789036
vt 0.980468750 0.866699219
vn 0.055029616 -0.440235794 0.896194339
v -0.303710938 0.658203125 -0.006835912
vt 0.979736328 0.866943359
vn -0.308119833 0.079005145 0.948061407
v -0.297851562 0.642578125 -0.018554661
vt 0.980468750 0.867675781
vn 0.993605554 -0.047314510 -0.102514982
v -0.309570312 0.642578125 -0.018554660
vt 0.981445312 0.865478516
vn -0.874178350 -0.480404377 0.070879459
v -0.303710938 0.640625000 -0.026367161
vt 0.981201172 0.867431641
vn 0.212796360 -0.543813169 -0.811778963
v -0.303710938 0.638671875 -0.016601536
vt 0.980957031 0.866699219
vn 0.000000075 -0.967784166 0.251781255
vt 0.902587891 0.867187500
vt 0.902343750 0.840576172
v -0.280273438 0.654296875 -0.018554665
vt 0.916748047 0.851074219
vn 0.896859705 0.440562695 0.039335813
vt 0.935791016 0.839111328
v -0.288085938 0.660156250 -0.014648414
vt 0.920166016 0.863769531
vn 0.751369834 0.158183157 0.640641451
vt 0.915039062 0.884033203
v -0.290039062 0.660156250 -0.024414040
vt 0.939453125 0.852294922
vn 0.659925461 0.086418837 -0.746344507
vt 0.920410156 0.893066406
vt 0.955322266 0.852294922
vt 0.970947266 0.861083984
v -0.291992188 0.673828125 -0.010742164
vt 0.933105469 0.876220703
vn 0.274969041 0.659925640 0.699206889
v -0.297851562 0.673828125 -0.028320288
vt 0.950927734 0.867919922
vn -0.180604890 0.667452335 -0.722419083
v -0.286132812 0.673828125 -0.024414040
vt 0.939697266 0.867187500
vn 0.747568071 0.535101473 -0.393457055
v -0.301757812 0.673828125 -0.020507788
vt 0.947753906 0.879150391
vn -0.605979979 0.794856787 0.031479523
vt 0.958007812 0.891845703
v -0.184570298 0.154296875 0.006835969
vt 0.893798828 0.000000000
vn 0.023715740 -0.379449606 0.924908459
vt 0.916259766 0.001953125
v -0.215820298 0.148437500 -0.020507777
vt 0.893310547 0.027587891
vn -0.903441668 -0.416368842 0.102128327
vt 0.900878906 0.038574219
vt 0.854003906 0.042480469
v -0.184570298 0.128906250 -0.049804658
vt 0.871093750 0.019287109
vn 0.007895045 -0.781614125 -0.623712242
v -0.155273423 0.148437500 -0.022460910
vt 0.858154297 0.000488281
vn 0.898864746 -0.433662772 0.063078128
vt 0.019042969 0.005859375
vt 0.036376953 0.004394531
vt 0.036621094 0.013916016
vt 0.046630859 0.003173828
vt 0.020507812 0.014160156
v -0.168945298 0.177734375 -0.022460908
vt 0.030517578 0.019287109
vt 0.036865234 0.021240234
vt 0.022460938 0.018554688
vt 0.029541016 0.037841797
vt 0.016113281 0.035400391
vt 0.028320312 0.041015625
vt 0.033447266 0.044921875
vt 0.033447266 0.050537109
vt 0.014648438 0.041015625
vt 0.009277344 0.037841797
vt 0.719482422 0.074462891
vt 0.708007812 0.041015625
v -0.303710938 0.718750000 -0.008789039
vt 0.725341797 0.058593750
vn -0.244268626 0.606732011 0.756445050
vt 0.738769531 0.074951172
v -0.291992188 0.718750000 -0.012695291
vt 0.718505859 0.042236328
vn 0.497220427 0.741884410 0.449865967
vt 0.719726562 0.034912109
v -0.303710938 0.732421875 -0.006835915
vt 0.737548828 0.041503906
vn -0.291410744 0.283534914 0.913612485
v -0.290039062 0.732421875 -0.012695292
vt 0.739746094 0.024658203
vn 0.803149641 0.291338652 0.519684911
v -0.309570312 0.720703125 -0.018554663
vt 0.743408203 0.067138672
vn -0.812789261 0.576054513 0.086802825
vt 0.756835938 0.086914062
v -0.293945312 0.736328125 -0.014648417
vt 0.749023438 0.029296875
vn 0.330667675 0.889653563 0.314921558
v -0.303710938 0.718750000 -0.030273415
vt 0.764160156 0.071044922
vn -0.228900731 0.639343023 -0.734060585
v -0.311523438 0.732421875 -0.020507788
vt 0.749755859 0.054931641
vn -0.946762204 0.307697684 -0.094676107
vt 0.789306641 0.075683594
v -0.303710938 0.736328125 -0.010742165
vt 0.744628906 0.040039062
vn -0.290654570 0.832686126 0.471331775
v -0.307617188 0.736328125 -0.018554665
vt 0.750488281 0.046630859
vn -0.505759060 0.861370802 0.047414936
v -0.291992188 0.736328125 -0.024414042
vt 0.766357422 0.036621094
vn 0.489343166 0.812941194 -0.315705419
v -0.303710938 0.732421875 -0.030273415
vt 0.764648438 0.053466797
vn -0.315038890 0.283534855 -0.905736387
v -0.291992188 0.718750000 -0.026367165
vt 0.781494141 0.062744141
vn 0.488355458 0.748286724 -0.448972106
vt 0.792724609 0.059814453
vt 0.791503906 0.053466797
vt 0.781494141 0.033203125
v -0.290039062 0.732421875 -0.026367167
vt 0.773193359 0.044677734
vn 0.784223258 0.219582528 -0.580325365
v -0.301757812 0.736328125 -0.028320292
vt 0.762451172 0.047851562
vn -0.102729194 0.774419248 -0.624276817
vt 0.038818359 0.333984375
vt 0.052734375 0.333984375
vt 0.042968750 0.339111328
v 0.323242217 0.091796875 0.008789030
vt 0.044921875 1.000000000
vn -0.306734890 -0.644929945 0.699985087
v 0.331054717 0.095703125 0.002929654
vt 0.046630859 0.995361328
vn 0.825314641 -0.440167695 0.353706181
v 0.323242217 0.179687500 0.008789026
vt 0.086669922 0.998535156
vn -0.345259964 0.635592341 0.690520108
vt 0.096435547 0.033203125
vt 0.074707031 0.000000000
v 0.333007812 0.175781250 0.002929650
vt 0.099853516 0.028320312
vn 0.799711108 0.454737693 0.392015070
v 0.333007812 0.175781250 -0.084960975
vt 0.130859375 0.000976562
vn 0.802155495 0.456127673 -0.385349393
v 0.323242188 0.179687500 -0.090820350
vt 0.136474609 0.002929688
vn -0.347135484 0.639044583 -0.686381161
vt 0.046875000 0.347900391
vt 0.042968750 0.344970703
v 0.331054688 0.095703125 -0.084960975
vt 0.086425781 0.334228516
vn 0.827593088 -0.441382974 -0.346800983
vt 0.083984375 0.789550781
vt 0.086425781 0.784423828
vt 0.131103516 0.786132812
vt 0.993896484 0.408447266
vt 0.993896484 0.455566406
vt 0.952148438 0.408447266
vt 0.913818359 0.291015625
vt 0.909423828 0.242919922
v 0.323242188 0.091796875 -0.090820350
vt 0.917968750 0.287109375
vn -0.308428168 -0.648489892 -0.695940316
vt 0.958984375 0.287597656
vt 0.956787109 0.295166016
vt 0.912109375 0.333496094
v 0.313476562 0.455078125 0.024414016
vt 0.987548828 0.977050781
vn -0.031464733 -0.574233770 0.818086505
v 0.313476562 0.466796875 0.028320266
vt 0.989257812 0.968750000
vn -0.023573754 0.353608012 0.935096562
v 0.272460938 0.455078125 -0.020507853
vt 1.000000000 0.984863281
vn -0.854750872 -0.517555594 -0.039208621
v 0.313476562 0.445312500 0.004882766
vt 0.987792969 0.983642578
vn -0.039393175 -0.811501682 0.583020747
v 0.360351562 0.466796875 -0.016601615
vt 0.969970703 0.979248047
vn 0.934634984 0.353433460 0.039270245
v 0.356445312 0.455078125 -0.016601615
vt 0.971435547 0.983398438
vn 0.821268857 -0.568570614 0.047380812
v 0.317382812 0.466796875 -0.065429740
vt 0.956787109 0.989257812
vn 0.039270248 0.353433430 -0.934635103
v 0.338867188 0.445312500 -0.018554738
vt 0.975830078 0.988037109
vn 0.574518323 -0.818491697 -0.000000040
v 0.317382812 0.455078125 -0.061523482
vt 0.960449219 0.994628906
vn 0.055007301 -0.573648512 -0.817252517
v 0.315429688 0.445312500 -0.041992232
vt 0.969238281 0.995361328
vn -0.031378627 -0.807998538 -0.588348389
v 0.331054688 0.435546875 -0.018554736
vt 0.978515625 0.990966797
vn 0.734106421 -0.678850949 0.015787166
v 0.348632812 0.470703125 -0.018554740
vt 0.967773438 0.975585938
vn 0.645509243 0.763590276 -0.015744247
v 0.317382812 0.470703125 -0.053710986
vt 0.956298828 0.983642578
vn 0.039252110 0.777194023 -0.628035605
v 0.346679688 0.500000000 -0.018554740
vt 0.963134766 0.966064453
vn 0.902023315 -0.431402445 -0.015687462
v 0.313476562 0.470703125 0.016601516
vt 0.985107422 0.967773438
vn -0.015711011 0.777697504 0.628442347
v 0.280273438 0.470703125 -0.018554730
vt 0.992431641 0.957519531
vn -0.674826384 0.737600982 0.023540514
v 0.282226562 0.500000000 -0.018554732
vt 0.989746094 0.950683594
vn -0.900405407 -0.434406161 0.023695016
v 0.313476562 0.500000000 0.014648389
vt 0.982421875 0.960205078
vn -0.023613131 -0.440780967 0.897304177
v 0.356445312 0.509765625 -0.016601617
vt 0.960205078 0.963134766
vn 0.996914387 0.000000047 0.078497060
v 0.313476562 0.509765625 0.024414014
vt 0.980224609 0.955810547
vn -0.023603633 0.031471729 0.999225974
v 0.315429688 0.435546875 -0.000976608
vt 0.986083984 0.988281250
vn 0.094532289 -0.638092041 0.764135003
v 0.297851562 0.435546875 -0.018554732
vt 0.990478516 0.992675781
vn -0.749053895 -0.662321389 -0.015769428
v 0.307617188 0.429687500 -0.018554732
vt 0.988037109 0.993164062
vn -0.834464669 -0.551061571 0.000000134
v 0.315429688 0.429687500 -0.010742233
vt 0.985351562 0.992187500
vn 0.023556553 -0.541797519 0.840178907
v 0.305664062 0.419921875 -0.018554732
vt 0.987792969 0.996582031
vn -0.943858385 -0.330350429 0.000000138
v 0.323242188 0.429687500 -0.018554734
vt 0.981689453 0.992675781
vn 0.881479979 -0.472221404 -0.000000095
v 0.315429688 0.429687500 -0.026367232
vt 0.979736328 0.995361328
vn 0.023556327 -0.541797578 -0.840178847
v 0.325195312 0.419921875 -0.018554734
vt 0.982421875 0.995117188
vn 0.943858385 -0.330350369 -0.000000109
v 0.315429688 0.419921875 -0.008789107
vt 0.985107422 0.995117188
vn 0.000000138 -0.330350369 0.943858385
v 0.315429688 0.414062500 -0.018554732
vt 0.984375000 0.997802734
vn 0.000000044 -1.000000000 0.000000044
vt 0.966308594 0.829833984
vt 0.968994141 0.826171875
vt 0.986572266 0.836914062
v 0.270507812 0.466796875 -0.020507853
vt 0.983154297 0.840576172
vn -0.914406955 0.402023703 -0.047296811
vt 0.995605469 0.852783203
vt 0.981445312 0.843750000
vt 0.966064453 0.834960938
vt 0.973632812 0.850097656
v 0.315429688 0.500000000 -0.051757861
vt 0.959716797 0.839599609
vn -0.031477626 -0.440685451 -0.897109628
v 0.272460938 0.509765625 -0.020507855
vt 0.972412109 0.853515625
vn -0.996730208 0.039241299 -0.070634283
vt 0.948242188 0.836181641
v 0.317382812 0.509765625 -0.061523486
vt 0.955566406 0.843017578
vn 0.062818915 0.039261866 -0.997252405
v 0.291992188 0.445312500 -0.018554732
vt 0.986328125 0.829345703
vn -0.597481310 -0.801882923 0.000000113
vt 0.992919922 0.825439453
vt 0.975341797 0.822509766
vt 0.987304688 0.825683594
v 0.315429688 0.435546875 -0.036132857
vt 0.978759766 0.821044922
vn 0.023632968 -0.653847456 -0.756257236
vt 0.978027344 0.813720703
vt 0.984863281 0.820312500
vt 0.980712891 0.818115234
vt 0.987304688 0.819335938
v 0.315429688 0.419921875 -0.028320357
vt 0.983886719 0.817138672
vn -0.000000109 -0.330350429 -0.943858385
vt 0.983398438 0.814697266
vt 0.985595703 0.815185547
vt 0.995849609 0.075683594
vt 0.981201172 0.078369141
vt 0.994873047 0.072265625
v 0.346679688 0.519531250 -0.018554740
vt 0.979736328 0.074951172
vn 0.858773649 0.512112796 -0.015757449
v 0.313476562 0.519531250 0.012695263
vt 0.991455078 0.069824219
vn -0.039330997 0.550635159 0.833818972
v 0.313476562 0.542968750 0.010742137
vt 0.987792969 0.064208984
vn -0.039310280 -0.526759505 0.849105000
vt 0.980224609 0.082275391
vt 0.967285156 0.082763672
v 0.315429688 0.519531250 -0.049804736
vt 0.968017578 0.078613281
vn -0.055260617 0.544710398 -0.836801589
v 0.315429688 0.542968750 -0.047851615
vt 0.966796875 0.072021484
vn -0.070739150 -0.510893345 -0.856728733
v 0.344726562 0.542968750 -0.018554742
vt 0.977294922 0.068847656
vn 0.894179523 -0.447089732 0.023530943
v 0.313476562 0.548828125 0.018554637
vt 0.987792969 0.060791016
vn -0.023597052 -0.180911750 0.983216226
v 0.317382812 0.548828125 -0.055664115
vt 0.964843750 0.069091797
vn 0.079044469 -0.181802616 -0.980152965
v 0.350585938 0.548828125 -0.018554743
vt 0.976318359 0.066894531
vn 0.975169599 -0.220199540 0.023592694
v 0.348632812 0.556640625 -0.018554743
vt 0.975830078 0.064941406
vn 0.834232092 0.550907969 0.023610208
v 0.313476562 0.556640625 0.014648386
vt 0.985839844 0.058349609
vn -0.023732591 0.640781939 0.767356157
v 0.315429688 0.556640625 -0.051757865
vt 0.964599609 0.065673828
vn -0.070963129 0.630782187 -0.772708297
v 0.333007812 0.564453125 -0.018554742
vt 0.974365234 0.060546875
vn 0.801659942 0.597315311 0.023578102
v 0.313476562 0.564453125 -0.000976614
vt 0.981445312 0.056152344
vn -0.070793688 0.660741806 0.747267425
v 0.315429688 0.564453125 -0.036132865
vt 0.966796875 0.061035156
vn 0.023511397 0.658322573 -0.752368808
vt 0.023193359 0.685791016
vt 0.008544922 0.685546875
vt 0.024414062 0.682128906
v 0.284179688 0.519531250 -0.018554732
vt 0.022705078 0.677978516
vn -0.840308487 0.541881084 0.015706787
vt 0.009521484 0.681396484
vt 0.036376953 0.674316406
vt 0.037353516 0.678222656
vt 0.032958984 0.671875000
vt 0.029052734 0.666503906
v 0.286132812 0.542968750 -0.018554734
vt 0.018798828 0.672607422
vn -0.853042245 -0.521303654 -0.023695482
vt 0.007324219 0.674316406
v 0.278320312 0.548828125 -0.018554734
vt 0.017578125 0.670166016
vn -0.983368337 -0.180939823 -0.015733758
vt 0.028808594 0.663085938
vt 0.005126953 0.671386719
vt 0.026611328 0.661376953
vt 0.005859375 0.668701172
v 0.282226562 0.556640625 -0.018554734
vt 0.016845703 0.667724609
vn -0.767476320 0.640882134 -0.015824178
v 0.297851562 0.564453125 -0.018554738
vt 0.015380859 0.663330078
vn -0.805550516 0.592316568 -0.015795028
vt 0.008056641 0.664306641
vt 0.022216797 0.658691406
v 0.313476562 0.574218750 -0.000976614
vt 0.007812500 0.662109375
vn -0.134287626 0.150086358 0.979510665
v 0.295898438 0.572265625 -0.018554738
vt 0.014404297 0.661376953
vn -0.978717029 0.205214798 0.000000119
v 0.313476562 0.574218750 -0.036132865
vt 0.020263672 0.656982422
vn -0.165292978 0.141679525 -0.976014912
v 0.301757812 0.578125000 -0.018554738
vt 0.013671875 0.659667969
vn -0.897554338 0.440903842 0.000000098
v 0.319335938 0.587890625 -0.002929741
vt 0.006591797 0.657958984
vn 0.094182238 0.243303865 0.965366781
v 0.299804688 0.587890625 -0.018554738
vt 0.012695312 0.657226562
vn -0.969677091 0.244390115 0.000000116
v 0.311523438 0.599609375 -0.018554740
vt 0.011474609 0.653320312
vn -0.982396007 0.172901660 0.070732631
v 0.319335938 0.587890625 -0.034179740
vt 0.017333984 0.654052734
vn 0.094181985 0.243303776 -0.965366781
v 0.319335938 0.599609375 -0.010742242
vt 0.007812500 0.654052734
vn -0.015788615 0.481555670 0.876273394
v 0.313476562 0.607421875 -0.012695366
vt 0.009277344 0.652343750
vn -0.141859755 0.157622129 0.977256954
v 0.309570312 0.605468750 -0.022460990
vt 0.011474609 0.651611328
vn -0.675242364 -0.314066261 -0.667390585
v 0.319335938 0.599609375 -0.026367240
vt 0.014648438 0.651611328
vn -0.023527563 0.431336105 -0.901884615
v 0.319335938 0.611328125 -0.020507867
vt 0.013183594 0.648437500
vn 0.543357551 0.803224266 -0.244117290
v 0.331054688 0.599609375 -0.018554742
vt 0.016601562 0.647949219
vn 0.840386152 0.541931272 0.007853942
vt 0.014648438 0.644287109
vt 0.012695312 0.644775391
vt 0.018798828 0.643066406
v 0.334960938 0.587890625 -0.018554743
vt 0.019287109 0.648925781
vn 0.998484433 -0.055034529 -0.000000129
vt 0.022949219 0.642089844
v 0.329101562 0.578125000 -0.018554742
vt 0.021728516 0.650146484
vn 0.997498453 0.070688903 -0.000000134
v 0.334960938 0.572265625 -0.018554743
vt 0.023193359 0.651367188
vn 0.973695278 0.227719098 0.007852243
vt 0.024902344 0.644531250
vt 0.025146484 0.651855469
vt 0.068603516 0.784423828
vt 0.068847656 0.786376953
v 0.301757812 0.623046875 -0.020507865
vt 0.061523438 0.789306641
vn 0.659599960 0.636042893 -0.400471538
v 0.297851562 0.619140625 -0.012695365
vt 0.061279297 0.786376953
vn -0.125545114 -0.149084941 0.980822265
vt 0.067871094 0.790527344
v 0.293945312 0.634765625 -0.020507865
vt 0.055664062 0.790527344
vn 0.928989887 0.228311121 -0.291293591
v 0.288085938 0.632812500 -0.012695364
vt 0.054931641 0.787353516
vn -0.164981276 -0.314250290 0.934894681
v 0.293945312 0.617187500 -0.022460990
vt 0.061279297 0.793212891
vn -0.592908621 -0.553381324 -0.585003078
vt 0.062988281 0.797119141
vt 0.070312500 0.794921875
vt 0.056640625 0.799072266
v 0.286132812 0.632812500 -0.024414113
vt 0.054931641 0.794189453
vn -0.440712780 -0.385623634 -0.810596466
v 0.278320312 0.640625000 -0.016601613
vt 0.052001953 0.799560547
vn -0.975139320 -0.102232382 0.196600810
v 0.290039062 0.648437500 -0.026367240
vt 0.048828125 0.791992188
vn -0.079022504 -0.134338096 -0.987779796
v 0.293945312 0.644531250 -0.020507865
vt 0.050781250 0.790283203
vn 0.889074981 -0.401263863 -0.220301867
v 0.290039062 0.646484375 -0.012695365
vt 0.049804688 0.787353516
vn 0.126074314 -0.118194498 0.984954536
vt 0.052001953 0.785156250
v 0.297851562 0.648437500 -0.018554742
vt 0.047607422 0.789062500
vn 0.434406161 -0.900405407 0.023694864
v 0.299804688 0.654296875 -0.026367242
vt 0.044433594 0.791015625
vn -0.360953718 -0.580664635 -0.729754090
v 0.299804688 0.654296875 -0.012695366
vt 0.045166016 0.785644531
vn -0.385349125 -0.456127673 0.802155614
v 0.305664062 0.648437500 -0.016601618
vt 0.044677734 0.788330078
vn -0.965813160 -0.259120613 -0.007852002
v 0.307617188 0.646484375 -0.028320367
vt 0.040527344 0.789306641
vn 0.157793596 -0.370815217 -0.915203393
v 0.303710938 0.658203125 -0.032226618
vt 0.040771484 0.792724609
vn 0.141403764 -0.015711583 -0.989827394
v 0.305664062 0.644531250 -0.008789117
vt 0.042236328 0.785888672
vn -0.055029340 -0.440235764 0.896194339
v 0.305664062 0.658203125 -0.006835992
vt 0.042480469 0.784423828
vn 0.306432009 0.047143426 0.950724542
v 0.313476562 0.656250000 -0.020507868
vt 0.035644531 0.786132812
vn 0.982912242 0.172992602 -0.062906519
v 0.299804688 0.642578125 -0.018554740
vt 0.041748047 0.787597656
vn -0.994688690 -0.102626652 -0.007894219
v 0.311523438 0.642578125 -0.018554742
vt 0.039306641 0.786865234
vn 0.874178469 -0.480404317 0.070879236
v 0.305664062 0.640625000 -0.026367242
vt 0.040527344 0.787597656
vn -0.110212386 -0.645529270 -0.755741537
v 0.305664062 0.638671875 -0.016601617
vt 0.040771484 0.786865234
vt 0.946533203 0.220703125
vt 0.972412109 0.200195312
v 0.282226562 0.654296875 -0.018554740
vt 0.968750000 0.220214844
vn -0.904474974 0.424709976 0.039325099
vt 0.987304688 0.221435547
v 0.291992188 0.660156250 -0.024414117
vt 0.958251953 0.231201172
vn -0.711223722 0.102732234 -0.695418537
vt 0.941894531 0.238037109
v 0.290039062 0.660156250 -0.014648491
vt 0.978515625 0.236083984
vn -0.748472393 0.149694487 0.646050036
vt 0.936035156 0.255859375
vt 0.989746094 0.245605469
vt 0.994628906 0.264892578
v 0.293945312 0.673828125 -0.028320367
vt 0.956542969 0.251220703
vn -0.324113339 0.632416010 -0.703562856
v 0.299804688 0.673828125 -0.008789117
vt 0.977539062 0.257324219
vn 0.172672614 0.643597662 0.745631397
v 0.288085938 0.673828125 -0.014648491
vt 0.969238281 0.248046875
vn -0.779141247 0.550907850 0.299064398
v 0.303710938 0.673828125 -0.020507867
vt 0.963867188 0.263671875
vn 0.598963916 0.788110435 -0.141859978
vt 0.961425781 0.280029297
f 1/1/1 2/2/2 3/3/3
f 3/3/3 2/2/2 4/4/4
f 4/4/4 2/2/2 5/5/5
f 4/4/4 5/5/5 6/6/6
f 4/4/4 6/6/6 7/7/7
f 3/3/3 4/4/4 8/8/8
f 8/8/8 4/4/4 7/7/7
f 3/3/3 8/8/8 9/9/9
f 9/9/9 8/8/8 10/10/10
f 8/8/8 7/7/7 11/11/11
f 8/8/8 11/11/11 10/10/10
f 11/11/11 7/7/7 12/12/12
f 10/10/10 11/11/11 13/13/13
f 13/13/13 11/11/11 12/12/12
f 2/14/2 1/15/1 5/16/5
f 5/16/5 1/15/1 14/17/14
f 5/16/5 14/17/14 15/18/15
f 5/16/5 15/18/15 16/19/16
f 5/16/5 16/19/16 17/20/17
f 17/20/17 16/19/16 18/21/18
f 5/16/5 17/20/17 6/22/6
f 13/23/13 12/24/12 19/25/19
f 13/23/13 19/25/19 20/26/20
f 19/25/19 12/24/12 21/27/21
f 20/26/20 19/25/19 22/28/22
f 22/28/22 19/25/19 21/27/21
f 20/26/20 22/28/22 23/29/23
f 22/28/22 21/27/21 24/30/24
f 24/30/24 21/27/21 25/31/25
f 23/29/23 22/28/22 26/32/26
f 26/32/26 22/28/22 24/30/24
f 23/29/23 26/32/26 27/33/27
f 27/33/27 26/32/26 28/34/28
f 28/34/28 26/32/26 29/35/29
f 29/35/29 26/32/26 30/36/30
f 30/36/30 26/32/26 31/37/31
f 31/37/31 26/32/26 24/30/24
f 31/37/31 24/30/24 32/38/32
f 33/39/33 21/40/21 12/41/12
f 33/39/33 12/41/12 7/42/7
f 21/40/21 33/39/33 34/43/34
f 21/40/21 34/43/34 25/44/25
f 33/39/33 7/42/7 35/45/35
f 34/43/34 33/39/33 36/46/36
f 36/46/36 33/39/33 35/45/35
f 25/44/25 34/43/34 37/47/37
f 37/47/37 34/43/34 36/46/36
f 25/44/25 37/47/37 38/48/38
f 25/44/25 38/48/38 24/49/24
f 24/49/24 38/48/38 39/50/39
f 39/50/39 38/48/38 40/51/40
f 38/48/38 37/47/37 41/52/41
f 41/52/41 37/47/37 42/53/42
f 42/53/42 37/47/37 36/46/36
f 42/53/42 36/46/36 43/54/43
f 43/54/43 36/46/36 44/55/44
f 44/55/44 36/46/36 45/56/45
f 45/56/45 36/46/36 35/45/35
f 44/55/44 45/56/45 46/57/46
f 44/55/44 46/57/46 47/58/47
f 46/57/46 45/56/45 48/59/48
f 48/59/48 45/56/45 35/45/35
f 46/57/46 48/59/48 49/60/49
f 49/60/49 48/59/48 50/61/50
f 48/59/48 35/45/35 51/62/51
f 51/62/51 35/45/35 7/42/7
f 51/62/51 7/42/7 6/63/6
f 48/59/48 51/62/51 52/64/52
f 52/64/52 51/62/51 6/63/6
f 48/59/48 52/64/52 50/61/50
f 52/64/52 6/63/6 17/65/17
f 52/64/52 17/65/17 53/66/53
f 50/61/50 52/64/52 54/67/54
f 54/67/54 52/64/52 53/66/53
f 50/61/50 54/67/54 55/68/55
f 54/67/54 53/66/53 56/69/56
f 54/67/54 56/69/56 57/70/57
f 56/69/56 53/66/53 58/71/58
f 47/72/47 46/73/46 59/74/59
f 59/74/59 46/73/46 49/75/49
f 47/72/47 59/74/59 60/76/60
f 60/76/60 59/74/59 61/77/61
f 60/76/60 61/77/61 62/78/62
f 61/77/61 59/74/59 63/79/63
f 44/80/44 47/81/47 64/82/64
f 44/80/44 64/82/64 43/83/43
f 64/82/64 47/81/47 65/84/65
f 65/84/65 47/81/47 60/85/60
f 43/83/43 64/82/64 66/86/66
f 66/86/66 64/82/64 65/84/65
f 43/83/43 66/86/66 67/87/67
f 43/83/43 67/87/67 42/88/42
f 66/86/66 65/84/65 68/89/68
f 42/88/42 67/87/67 69/90/69
f 42/88/42 69/90/69 41/91/41
f 67/87/67 66/86/66 70/92/70
f 70/92/70 66/86/66 68/89/68
f 67/87/67 70/92/70 69/90/69
f 41/91/41 69/90/69 71/93/71
f 68/89/68 65/84/65 72/94/72
f 68/89/68 72/94/72 70/92/70
f 69/90/69 70/92/70 73/95/73
f 73/95/73 70/92/70 72/94/72
f 71/93/71 69/90/69 74/96/74
f 74/96/74 69/90/69 73/95/73
f 74/96/74 73/95/73 72/94/72
f 71/93/71 74/96/74 75/97/75
f 76/98/76 72/94/72 65/84/65
f 76/98/76 65/84/65 60/85/60
f 76/98/76 60/85/60 62/99/62
f 76/98/76 62/99/62 63/100/63
f 63/100/63 62/99/62 61/101/61
f 76/98/76 63/100/63 77/102/77
f 76/98/76 77/102/77 72/94/72
f 72/94/72 77/102/77 74/96/74
f 78/103/78 75/97/75 74/96/74
f 75/97/75 78/103/78 79/104/79
f 74/96/74 77/102/77 80/105/80
f 74/96/74 80/105/80 78/103/78
f 80/105/80 77/102/77 81/106/81
f 81/106/81 77/102/77 82/107/82
f 81/106/81 82/107/82 83/108/83
f 84/109/84 85/110/85 79/104/79
f 84/109/84 79/104/79 86/111/86
f 87/112/87 79/104/79 78/103/78
f 87/112/87 78/103/78 80/105/80
f 79/104/79 87/112/87 86/111/86
f 86/111/86 87/112/87 88/113/88
f 86/111/86 88/113/88 89/114/89
f 87/112/87 80/105/80 90/115/90
f 87/112/87 90/115/90 88/113/88
f 90/115/90 80/105/80 81/106/81
f 90/115/90 81/106/81 83/108/83
f 88/113/88 90/115/90 91/116/91
f 91/116/91 90/115/90 92/117/92
f 90/115/90 83/108/83 93/118/93
f 90/115/90 93/118/93 92/117/92
f 93/118/93 83/108/83 86/119/86
f 93/118/93 86/119/86 92/117/92
f 92/117/92 86/119/86 89/120/89
f 41/121/41 71/122/71 85/123/85
f 85/123/85 71/122/71 75/124/75
f 85/123/85 75/124/75 79/125/79
f 41/121/41 85/123/85 49/126/49
f 41/121/41 49/126/49 50/127/50
f 41/121/41 50/127/50 38/128/38
f 38/128/38 50/127/50 40/129/40
f 49/126/49 85/123/85 94/130/94
f 94/130/94 85/123/85 84/131/84
f 49/126/49 94/130/94 95/132/95
f 49/126/49 95/132/95 59/133/59
f 63/134/63 59/135/59 82/136/82
f 63/134/63 82/136/82 77/137/77
f 82/136/82 59/135/59 95/138/95
f 82/136/82 95/138/95 94/139/94
f 82/136/82 94/139/94 96/140/96
f 96/140/96 94/139/94 84/141/84
f 82/136/82 96/140/96 83/142/83
f 96/140/96 84/141/84 86/143/86
f 96/140/96 86/143/86 83/142/83
f 92/144/92 89/145/89 97/146/97
f 97/146/97 89/145/89 98/147/98
f 97/146/97 98/147/98 99/148/99
f 97/146/97 99/148/99 100/149/100
f 91/150/91 92/151/92 101/152/101
f 101/152/101 92/151/92 97/153/97
f 101/152/101 97/153/97 102/154/102
f 91/150/91 101/152/101 103/155/103
f 101/152/101 102/154/102 104/156/104
f 101/152/101 104/156/104 103/155/103
f 104/156/104 102/154/102 105/157/105
f 105/157/105 102/154/102 106/158/106
f 104/156/104 105/157/105 107/159/107
f 103/155/103 104/156/104 108/160/108
f 108/160/108 104/156/104 107/159/107
f 91/150/91 103/155/103 109/161/109
f 103/155/103 108/160/108 110/162/110
f 110/162/110 108/160/108 107/159/107
f 103/155/103 110/162/110 109/161/109
f 110/162/110 107/159/107 111/163/111
f 91/150/91 109/161/109 88/164/88
f 110/162/110 111/163/111 112/165/112
f 110/162/110 112/165/112 109/161/109
f 112/165/112 111/163/111 105/166/105
f 88/164/88 109/161/109 113/167/113
f 113/167/113 109/161/109 112/165/112
f 112/165/112 105/166/105 106/168/106
f 88/164/88 113/167/113 89/169/89
f 112/165/112 106/168/106 114/170/114
f 89/169/89 113/167/113 98/171/98
f 112/165/112 114/170/114 115/172/115
f 112/165/112 115/172/115 113/167/113
f 115/172/115 114/170/114 116/173/116
f 115/172/115 116/173/116 113/167/113
f 113/167/113 116/173/116 98/171/98
f 116/173/116 114/170/114 117/174/117
f 98/171/98 116/173/116 99/175/99
f 99/176/99 116/177/116 118/178/118
f 118/178/118 116/177/116 117/179/117
f 99/176/99 118/178/118 119/180/119
f 119/180/119 118/178/118 120/181/120
f 99/176/99 119/180/119 121/182/121
f 99/176/99 121/182/121 122/183/122
f 121/182/121 119/180/119 123/184/123
f 121/182/121 123/184/123 124/185/124
f 121/182/121 124/185/124 125/186/125
f 125/186/125 124/185/124 126/187/126
f 126/187/126 124/185/124 127/188/127
f 127/188/127 124/185/124 128/189/128
f 124/185/124 123/184/123 129/190/129
f 124/185/124 129/190/129 128/189/128
f 129/190/129 123/184/123 130/191/130
f 128/189/128 129/190/129 131/192/131
f 131/192/131 129/190/129 132/193/132
f 133/194/133 102/195/102 97/196/97
f 102/195/102 133/194/133 106/197/106
f 133/194/133 97/196/97 100/198/100
f 106/197/106 133/194/133 134/199/134
f 106/197/106 134/199/134 135/200/135
f 135/200/135 134/199/134 136/201/136
f 133/194/133 100/198/100 137/202/137
f 133/194/133 137/202/137 134/199/134
f 137/202/137 100/198/100 138/203/138
f 136/201/136 134/199/134 139/204/139
f 139/204/139 134/199/134 137/202/137
f 136/201/136 139/204/139 140/205/140
f 139/204/139 137/202/137 141/206/141
f 139/204/139 141/206/141 140/205/140
f 141/206/141 137/202/137 138/203/138
f 140/205/140 141/206/141 142/207/142
f 142/207/142 141/206/141 138/203/138
f 142/207/142 138/203/138 143/208/143
f 143/208/143 138/203/138 144/209/144
f 135/210/135 136/211/136 145/212/145
f 145/212/145 136/211/136 140/213/140
f 135/210/135 145/212/145 106/214/106
f 145/212/145 140/213/140 146/215/146
f 146/215/146 140/213/140 142/216/142
f 146/215/146 142/216/142 143/217/143
f 145/212/145 146/215/146 147/218/147
f 145/212/145 147/218/147 106/214/106
f 106/214/106 147/218/147 148/219/148
f 106/214/106 148/219/148 114/220/114
f 147/221/147 146/222/146 149/223/149
f 149/223/149 146/222/146 150/224/150
f 147/221/147 149/223/149 151/225/151
f 147/221/147 151/225/151 152/226/152
f 147/221/147 152/226/152 148/227/148
f 148/227/148 152/226/152 153/228/153
f 152/226/152 151/225/151 154/229/154
f 154/229/154 151/225/151 155/230/155
f 114/231/114 148/232/148 156/233/156
f 114/234/114 156/235/156 117/236/117
f 117/236/117 156/235/156 157/237/157
f 157/237/157 156/235/156 158/238/158
f 157/237/157 158/238/158 30/239/30
f 157/237/157 30/239/30 32/240/32
f 157/237/157 32/240/32 39/241/39
f 39/241/39 32/240/32 24/242/24
f 32/240/32 30/239/30 31/243/31
f 30/239/30 158/238/158 29/244/29
f 29/244/29 158/238/158 156/235/156
f 29/244/29 156/235/156 159/245/159
f 159/245/159 156/235/156 160/246/160
f 29/244/29 159/245/159 161/247/161
f 29/244/29 161/247/161 28/248/28
f 150/249/150 146/250/146 143/251/143
f 150/249/150 143/251/143 162/252/162
f 151/253/151 149/254/149 155/255/155
f 154/256/154 155/255/155 163/257/163
f 163/257/163 155/255/155 164/258/164
f 163/257/163 164/258/164 165/259/165
f 155/255/155 149/254/149 166/260/166
f 155/255/155 166/260/166 164/258/164
f 165/259/165 164/258/164 167/261/167
f 167/261/167 164/258/164 166/260/166
f 165/259/165 167/261/167 168/262/168
f 166/260/166 149/254/149 169/263/169
f 166/260/166 169/263/169 167/261/167
f 169/263/169 149/254/149 150/264/150
f 169/263/169 150/264/150 170/265/170
f 169/263/169 170/265/170 167/261/167
f 170/265/170 150/264/150 171/266/171
f 168/262/168 167/261/167 172/267/172
f 172/267/172 167/261/167 170/265/170
f 172/267/172 170/265/170 171/266/171
f 168/262/168 172/267/172 173/268/173
f 172/267/172 171/266/171 174/269/174
f 172/267/172 174/269/174 173/268/173
f 174/269/174 171/266/171 175/270/175
f 173/268/173 174/269/174 176/271/176
f 174/269/174 175/270/175 177/272/177
f 174/269/174 177/272/177 176/271/176
f 176/271/176 177/272/177 178/273/178
f 178/273/178 177/272/177 179/274/179
f 163/275/163 165/276/165 180/277/180
f 180/277/180 165/276/165 168/278/168
f 163/275/163 180/277/180 181/279/181
f 181/279/181 180/277/180 168/278/168
f 181/279/181 168/278/168 173/280/173
f 163/275/163 181/279/181 154/281/154
f 181/279/181 173/280/173 182/282/182
f 181/279/181 182/282/182 154/281/154
f 154/281/154 182/282/182 152/283/152
f 171/284/171 150/285/150 183/286/183
f 171/284/171 183/286/183 184/287/184
f 171/284/171 184/287/184 175/288/175
f 175/288/175 184/287/184 185/289/185
f 175/288/175 185/289/185 186/290/186
f 187/291/187 188/292/188 186/290/186
f 175/288/175 186/290/186 189/293/189
f 189/293/189 186/290/186 188/292/188
f 179/294/179 177/295/177 175/288/175
f 189/293/189 188/292/188 190/296/190
f 190/296/190 188/292/188 191/297/191
f 175/288/175 189/293/189 192/298/192
f 175/288/175 192/298/192 179/294/179
f 179/294/179 192/298/192 193/299/193
f 179/294/179 193/299/193 178/300/178
f 193/299/193 192/298/192 194/301/194
f 193/299/193 194/301/194 195/302/195
f 192/298/192 189/293/189 196/303/196
f 192/298/192 196/303/196 194/301/194
f 196/303/196 189/293/189 190/296/190
f 194/301/194 196/303/196 197/304/197
f 196/303/196 190/296/190 198/305/198
f 198/305/198 190/296/190 199/306/199
f 173/307/173 176/308/176 197/309/197
f 173/307/173 197/309/197 182/310/182
f 182/310/182 197/309/197 200/311/200
f 197/309/197 176/308/176 195/312/195
f 195/312/195 176/308/176 178/313/178
f 195/312/195 178/313/178 193/314/193
f 197/309/197 195/312/195 194/315/194
f 200/311/200 197/309/197 201/316/201
f 201/316/201 197/309/197 196/317/196
f 200/311/200 201/316/201 202/318/202
f 202/318/202 201/316/201 203/319/203
f 185/320/185 184/321/184 204/322/204
f 204/322/204 184/321/184 183/323/183
f 185/320/185 204/322/204 205/324/205
f 206/325/206 204/322/204 207/326/207
f 205/324/205 204/322/204 208/327/208
f 208/327/208 204/322/204 206/325/206
f 185/320/185 205/324/205 209/328/209
f 209/328/209 205/324/205 208/327/208
f 208/327/208 206/325/206 210/329/210
f 210/329/210 206/325/206 211/330/211
f 210/329/210 211/330/211 212/331/212
f 210/329/210 212/331/212 213/332/213
f 210/329/210 213/332/213 214/333/214
f 208/327/208 210/329/210 215/334/215
f 215/334/215 210/329/210 214/333/214
f 214/333/214 213/332/213 216/335/216
f 208/327/208 215/334/215 217/336/217
f 208/327/208 217/336/217 209/328/209
f 217/336/217 215/334/215 218/337/218
f 209/328/209 217/336/217 219/338/219
f 219/338/219 217/336/217 218/337/218
f 218/337/218 215/334/215 220/339/220
f 218/337/218 220/339/220 219/338/219
f 219/338/219 220/339/220 214/333/214
f 220/339/220 215/334/215 221/340/221
f 221/340/221 215/334/215 214/333/214
f 221/340/221 214/333/214 220/339/220
f 209/328/209 219/338/219 222/341/222
f 222/341/222 219/338/219 214/333/214
f 209/328/209 222/341/222 223/342/223
f 209/328/209 223/342/223 185/320/185
f 185/320/185 223/342/223 186/343/186
f 186/343/186 223/342/223 187/344/187
f 187/344/187 223/342/223 224/345/224
f 224/345/224 223/342/223 222/341/222
f 224/345/224 222/341/222 225/346/225
f 224/345/224 225/346/225 226/347/226
f 226/347/226 225/346/225 227/348/227
f 225/346/225 222/341/222 228/349/228
f 228/349/228 222/341/222 214/333/214
f 227/348/227 225/346/225 229/350/229
f 228/349/228 214/333/214 230/351/230
f 230/351/230 214/333/214 216/335/216
f 225/346/225 228/349/228 231/352/231
f 225/346/225 231/352/231 229/350/229
f 231/352/231 228/349/228 232/353/232
f 232/353/232 228/349/228 230/351/230
f 229/350/229 231/352/231 233/354/233
f 233/354/233 231/352/231 232/353/232
f 229/350/229 233/354/233 230/351/230
f 233/354/233 232/353/232 234/355/234
f 233/354/233 234/355/234 230/351/230
f 230/351/230 234/355/234 232/353/232
f 229/350/229 230/351/230 235/356/235
f 229/350/229 235/356/235 227/348/227
f 235/356/235 230/351/230 216/335/216
f 227/348/227 235/356/235 236/357/236
f 236/357/236 235/356/235 237/358/237
f 235/356/235 216/335/216 238/359/238
f 235/356/235 238/359/238 237/358/237
f 237/358/237 238/359/238 239/360/239
f 238/359/238 216/335/216 240/361/240
f 239/360/239 238/359/238 241/362/241
f 241/362/241 238/359/238 240/361/240
f 241/362/241 240/361/240 242/363/242
f 188/364/188 187/365/187 243/366/243
f 243/366/243 187/365/187 244/367/244
f 244/367/244 187/365/187 245/368/245
f 243/366/243 244/367/244 246/369/246
f 243/366/243 246/369/246 247/370/247
f 244/367/244 245/368/245 248/371/248
f 244/367/244 248/371/248 249/372/249
f 244/367/244 249/372/249 246/369/246
f 248/371/248 245/368/245 250/373/250
f 248/371/248 250/373/250 249/372/249
f 250/373/250 245/368/245 251/374/251
f 250/373/250 251/374/251 252/375/252
f 253/376/253 254/377/254 246/369/246
f 253/376/253 246/369/246 255/378/255
f 255/378/255 246/369/246 256/379/256
f 256/379/256 246/369/246 249/372/249
f 255/378/255 256/379/256 257/380/257
f 250/373/250 252/375/252 258/381/258
f 258/381/258 252/375/252 259/382/259
f 258/381/258 259/382/259 260/383/260
f 250/373/250 258/381/258 261/384/261
f 250/373/250 261/384/261 249/372/249
f 258/381/258 260/383/260 262/385/262
f 258/381/258 262/385/262 261/384/261
f 262/385/262 260/383/260 263/386/263
f 262/385/262 263/386/263 264/387/264
f 262/385/262 264/387/264 265/388/265
f 262/385/262 265/388/265 266/389/266
f 261/384/261 262/385/262 267/390/267
f 267/390/267 262/385/262 266/389/266
f 261/384/261 267/390/267 268/391/268
f 268/391/268 267/390/267 266/389/266
f 261/384/261 268/391/268 249/372/249
f 268/391/268 266/389/266 269/392/269
f 249/372/249 268/391/268 256/379/256
f 268/391/268 269/392/269 226/393/226
f 268/391/268 226/393/226 256/379/256
f 256/379/256 226/393/226 257/380/257
f 257/380/257 226/393/226 236/394/236
f 236/394/236 226/393/226 227/395/227
f 206/396/206 207/397/207 211/398/211
f 211/398/211 207/397/207 270/399/270
f 211/398/211 270/399/270 212/400/212
f 212/400/212 270/399/270 271/401/271
f 212/400/212 271/401/271 213/402/213
f 213/402/213 271/401/271 270/399/270
f 213/402/213 270/399/270 207/397/207
f 213/402/213 207/397/207 272/403/272
f 213/402/213 272/403/272 273/404/273
f 272/403/272 207/397/207 274/405/274
f 213/402/213 273/404/273 216/406/216
f 272/403/272 274/405/274 275/407/275
f 276/408/276 277/409/277 275/407/275
f 276/408/276 275/407/275 278/410/278
f 278/410/278 275/407/275 274/405/274
f 274/405/274 207/397/207 279/411/279
f 274/405/274 279/411/279 278/410/278
f 279/411/279 207/397/207 204/412/204
f 278/410/278 279/411/279 183/413/183
f 183/413/183 279/411/279 204/412/204
f 280/414/280 273/404/273 272/403/272
f 280/414/280 272/403/272 281/415/281
f 273/404/273 280/414/280 282/416/282
f 280/414/280 281/415/281 283/417/283
f 280/414/280 283/417/283 282/416/282
f 282/416/282 283/417/283 284/418/284
f 282/416/282 284/418/284 273/404/273
f 284/418/284 283/417/283 285/419/285
f 284/418/284 285/419/285 273/404/273
f 283/417/283 281/415/281 286/420/286
f 283/417/283 286/420/286 285/419/285
f 285/419/285 286/420/286 273/404/273
f 286/420/286 281/415/281 287/421/287
f 273/404/273 286/420/286 288/422/288
f 288/422/288 286/420/286 287/421/287
f 273/404/273 288/422/288 216/406/216
f 288/422/288 287/421/287 289/423/289
f 289/423/289 287/421/287 290/424/290
f 289/423/289 290/424/290 291/425/192
f 288/422/288 289/423/289 292/426/291
f 292/426/291 289/423/289 293/427/292
f 292/426/291 293/427/292 237/428/237
f 292/426/291 237/428/237 239/429/239
f 288/422/288 292/426/291 294/430/293
f 294/430/293 292/426/291 239/429/239
f 288/422/288 294/430/293 216/406/216
f 216/406/216 294/430/293 295/431/294
f 295/431/294 294/430/293 239/429/239
f 216/406/216 295/431/294 240/432/240
f 240/432/240 295/431/294 242/433/242
f 242/433/242 295/431/294 239/429/239
f 242/433/242 239/429/239 241/434/241
f 278/435/278 183/436/183 296/437/295
f 296/437/295 183/436/183 297/438/296
f 278/435/278 296/437/295 276/439/276
f 298/440/297 277/441/277 276/439/276
f 298/440/297 276/439/276 299/442/298
f 276/439/276 296/437/295 300/443/299
f 276/439/276 300/443/299 299/442/298
f 300/443/299 296/437/295 301/444/105
f 301/444/105 296/437/295 302/445/300
f 301/444/105 302/445/300 303/446/301
f 303/446/301 302/445/300 304/447/302
f 301/444/105 303/446/301 305/448/303
f 301/444/105 305/448/303 306/449/304
f 301/444/105 306/449/304 300/443/299
f 300/443/299 306/449/304 299/442/298
f 299/442/298 306/449/304 307/450/305
f 299/442/298 307/450/305 308/451/306
f 307/450/305 306/449/304 309/452/307
f 309/452/307 306/449/304 310/453/308
f 307/450/305 309/452/307 311/454/309
f 307/450/305 311/454/309 312/455/310
f 307/450/305 312/455/310 313/456/311
f 313/456/311 312/455/310 314/457/312
f 314/457/312 312/455/310 315/458/313
f 297/459/296 183/460/183 316/461/314
f 297/459/296 316/461/314 317/462/315
f 297/459/296 317/462/315 318/463/316
f 297/459/296 318/463/316 319/464/317
f 297/459/296 319/464/317 296/465/295
f 319/464/317 318/463/316 320/466/318
f 320/466/318 318/463/316 317/462/315
f 319/464/317 320/466/318 321/467/319
f 320/466/318 317/462/315 322/468/320
f 319/464/317 321/467/319 323/469/321
f 319/464/317 323/469/321 296/465/295
f 323/469/321 321/467/319 304/470/302
f 296/465/295 323/469/321 302/471/300
f 302/471/300 323/469/321 304/470/302
f 322/468/320 317/462/315 324/472/322
f 322/468/320 324/472/322 325/473/323
f 326/474/324 317/462/315 316/461/314
f 317/462/315 326/474/324 324/472/322
f 326/474/324 316/461/314 327/475/325
f 325/473/323 324/472/322 328/476/326
f 328/476/326 324/472/322 326/474/324
f 328/476/326 326/474/324 327/475/325
f 325/473/323 328/476/326 329/477/327
f 328/476/326 327/475/325 330/478/328
f 328/476/326 330/478/328 329/477/327
f 329/477/327 330/478/328 331/479/329
f 329/477/327 331/479/329 332/480/330
f 332/480/330 331/479/329 333/481/331
f 316/482/314 183/483/183 150/484/150
f 316/485/314 150/486/150 162/487/162
f 303/488/301 304/489/302 334/490/332
f 303/488/301 334/490/332 305/491/303
f 334/490/332 304/489/302 321/492/319
f 305/491/303 334/490/332 335/493/333
f 335/493/333 334/490/332 321/492/319
f 305/491/303 335/493/333 306/494/304
f 306/494/304 335/493/333 310/495/308
f 335/493/333 321/492/319 336/496/334
f 336/496/334 321/492/319 320/497/318
f 335/493/333 336/496/334 332/498/330
f 335/493/333 332/498/330 337/499/335
f 335/493/333 337/499/335 310/495/308
f 310/495/308 337/499/335 338/500/336
f 310/495/308 338/500/336 339/501/337
f 336/502/334 320/503/318 340/504/338
f 340/504/338 320/503/318 322/505/320
f 340/504/338 322/505/320 325/506/323
f 340/504/338 325/506/323 336/502/334
f 336/502/334 325/506/323 329/507/327
f 336/502/334 329/507/327 332/508/330
f 327/509/325 316/510/314 341/511/339
f 330/512/328 327/513/325 342/514/340
f 330/512/328 342/514/340 331/515/329
f 331/515/329 342/514/340 343/516/341
f 331/515/329 343/516/341 344/517/342
f 331/515/329 344/517/342 345/518/343
f 345/518/343 344/517/342 346/519/344
f 345/518/343 346/519/344 347/520/345
f 342/521/340 327/522/325 341/523/339
f 162/524/162 341/523/339 316/525/314
f 341/523/339 162/524/162 348/526/346
f 341/523/339 348/526/346 349/527/347
f 341/523/339 349/527/347 342/521/340
f 349/527/347 348/526/346 350/528/348
f 349/527/347 350/528/348 351/529/349
f 349/527/347 351/529/349 352/530/350
f 349/527/347 352/530/350 342/521/340
f 342/521/340 352/530/350 343/531/341
f 343/531/341 352/530/350 353/532/351
f 348/533/346 162/534/162 354/535/352
f 355/536/353 162/534/162 143/537/143
f 162/534/162 355/536/353 356/538/354
f 162/534/162 356/538/354 354/535/352
f 348/533/346 354/535/352 357/539/355
f 348/533/346 357/539/355 350/540/348
f 354/535/352 356/538/354 358/541/356
f 354/535/352 358/541/356 357/539/355
f 358/541/356 356/538/354 359/542/357
f 350/540/348 357/539/355 360/543/358
f 360/543/358 357/539/355 358/541/356
f 350/540/348 360/543/358 351/544/349
f 351/544/349 360/543/358 352/545/350
f 360/543/358 358/541/356 361/546/359
f 360/543/358 361/546/359 352/545/350
f 361/546/359 358/541/356 359/542/357
f 352/545/350 361/546/359 362/547/360
f 352/545/350 362/547/360 363/548/361
f 361/546/359 359/542/357 364/549/362
f 361/546/359 364/549/362 362/547/360
f 364/549/362 359/542/357 365/550/363
f 365/550/363 359/542/357 366/551/364
f 364/549/362 365/550/363 367/552/365
f 363/548/361 362/547/360 368/553/366
f 363/548/361 368/553/366 369/554/367
f 369/554/367 368/553/366 370/555/368
f 370/555/368 368/553/366 371/556/369
f 368/553/366 362/547/360 372/557/370
f 368/553/366 372/557/370 371/556/369
f 372/557/370 362/547/360 364/549/362
f 372/557/370 364/549/362 367/552/365
f 371/556/369 372/557/370 373/558/371
f 373/558/371 372/557/370 367/552/365
f 373/558/371 367/552/365 374/559/372
f 374/559/372 367/552/365 375/560/373
f 376/561/374 367/552/365 365/550/363
f 367/552/365 376/561/374 375/560/373
f 376/561/374 365/550/363 377/562/375
f 376/561/374 377/562/375 378/563/376
f 376/561/374 378/563/376 379/564/377
f 376/561/374 379/564/377 380/565/378
f 376/561/374 380/565/378 381/566/379
f 382/567/380 374/559/372 375/560/373
f 382/567/380 375/560/373 376/561/374
f 382/567/380 376/561/374 381/566/379
f 374/559/372 382/567/380 383/568/381
f 383/568/381 382/567/380 384/569/382
f 384/569/382 382/567/380 381/566/379
f 384/569/382 381/566/379 385/570/383
f 359/571/357 356/572/354 386/573/384
f 359/571/357 386/573/384 387/574/385
f 386/573/384 356/572/354 355/575/353
f 387/574/385 386/573/384 388/576/386
f 387/574/385 388/576/386 389/577/387
f 389/577/387 388/576/386 390/578/388
f 388/576/386 386/573/384 391/579/389
f 391/579/389 386/573/384 392/580/390
f 392/580/390 386/573/384 355/575/353
f 391/579/389 392/580/390 393/581/391
f 393/581/391 392/580/390 394/582/392
f 392/580/390 355/575/353 395/583/393
f 395/583/393 355/575/353 396/584/394
f 396/584/394 355/575/353 144/585/144
f 392/580/390 395/583/393 397/586/395
f 392/580/390 397/586/395 394/582/392
f 397/586/395 395/583/393 396/584/394
f 394/582/392 397/586/395 398/587/396
f 397/586/395 396/584/394 399/588/397
f 355/589/353 143/590/143 144/591/144
f 144/592/144 138/593/138 400/594/398
f 400/594/398 138/593/138 100/595/100
f 144/592/144 400/594/398 401/596/399
f 400/594/398 100/595/100 402/597/400
f 402/597/400 100/595/100 99/598/99
f 402/597/400 99/598/99 122/599/122
f 144/592/144 401/596/399 403/600/401
f 144/592/144 403/600/401 399/601/397
f 144/592/144 399/601/397 396/602/394
f 399/601/397 403/600/401 398/603/396
f 399/601/397 398/603/396 397/604/395
f 400/605/398 402/606/400 404/607/402
f 122/608/122 120/609/120 402/606/400
f 402/606/400 120/609/120 404/607/402
f 400/605/398 404/607/402 405/610/403
f 400/605/398 405/610/403 401/611/399
f 401/611/399 405/610/403 406/612/404
f 406/612/404 405/610/403 404/607/402
f 406/612/404 404/607/402 407/613/405
f 407/613/405 404/607/402 55/614/55
f 407/613/405 55/614/55 57/615/57
f 57/615/57 55/614/55 54/616/54
f 55/614/55 404/607/402 50/617/50
f 50/617/50 404/607/402 40/618/40
f 40/618/40 404/607/402 120/609/120
f 40/618/40 120/609/120 118/619/118
f 40/618/40 118/619/118 117/620/117
f 40/618/40 117/620/117 39/621/39
f 39/621/39 117/620/117 157/622/157
f 403/623/401 401/624/399 398/625/396
f 398/625/396 401/624/399 408/626/406
f 398/625/396 408/626/406 394/627/392
f 394/627/392 408/626/406 409/628/407
f 408/629/406 401/630/399 406/631/404
f 408/629/406 406/631/404 410/632/408
f 410/632/408 406/631/404 411/633/409
f 411/633/409 406/631/404 412/634/410
f 410/632/408 411/633/409 413/635/411
f 410/632/408 413/635/411 414/636/412
f 414/636/412 413/635/411 415/637/413
f 415/637/413 413/635/411 416/638/414
f 413/635/411 411/633/409 417/639/415
f 417/639/415 411/633/409 412/634/410
f 416/638/414 413/635/411 418/640/416
f 418/640/416 413/635/411 417/639/415
f 416/638/414 418/640/416 419/641/417
f 417/639/415 412/634/410 409/642/407
f 409/642/407 412/634/410 16/643/16
f 16/643/16 412/634/410 18/644/18
f 18/644/18 412/634/410 17/645/17
f 417/639/415 409/642/407 420/646/418
f 417/639/415 420/646/418 418/640/416
f 420/646/418 409/642/407 408/647/406
f 420/646/418 408/647/406 410/648/408
f 420/646/418 410/648/408 414/649/412
f 418/640/416 420/646/418 421/650/419
f 421/650/419 420/646/418 414/649/412
f 418/640/416 421/650/419 419/641/417
f 419/641/417 421/650/419 422/651/420
f 422/651/420 421/650/419 414/649/412
f 422/651/420 414/649/412 415/652/413
f 388/653/386 391/654/389 393/655/391
f 388/653/386 393/655/391 423/656/421
f 388/653/386 423/656/421 424/657/422
f 423/656/421 393/655/391 425/658/423
f 423/656/421 425/658/423 426/659/424
f 424/657/422 423/656/421 427/660/425
f 423/656/421 426/659/424 428/661/426
f 423/656/421 428/661/426 429/662/427
f 423/656/421 429/662/427 427/660/425
f 429/662/427 428/661/426 430/663/428
f 427/660/425 429/662/427 431/664/429
f 427/660/425 431/664/429 432/665/430
f 429/662/427 430/663/428 433/666/431
f 429/662/427 433/666/431 431/664/429
f 432/665/430 431/664/429 434/667/432
f 431/664/429 433/666/431 435/668/433
f 431/664/429 435/668/433 434/667/432
f 433/666/431 430/663/428 436/669/434
f 436/669/434 430/663/428 437/670/435
f 435/668/433 433/666/431 438/671/436
f 435/668/433 438/671/436 434/667/432
f 438/671/436 433/666/431 436/669/434
f 436/669/434 437/670/435 439/672/437
f 438/671/436 436/669/434 440/673/438
f 440/673/438 436/669/434 441/674/439
f 438/671/436 440/673/438 442/675/440
f 438/671/436 442/675/440 434/667/432
f 442/675/440 440/673/438 443/676/441
f 442/675/440 443/676/441 437/677/435
f 442/675/440 437/677/435 430/678/428
f 442/675/440 430/678/428 434/667/432
f 434/667/432 430/678/428 428/679/426
f 444/680/442 441/674/439 436/669/434
f 444/680/442 436/669/434 439/672/437
f 441/674/439 444/680/442 445/681/443
f 444/680/442 439/672/437 446/682/444
f 444/680/442 446/682/444 445/681/443
f 359/683/357 387/684/385 366/685/364
f 366/685/364 387/684/385 447/686/445
f 447/686/445 387/684/385 389/687/387
f 447/686/445 389/687/387 448/688/446
f 448/688/446 389/687/387 449/689/447
f 366/685/364 447/686/445 450/690/448
f 450/690/448 447/686/445 448/688/446
f 448/688/446 449/689/447 451/691/449
f 451/691/449 449/689/447 452/692/450
f 450/690/448 448/688/446 453/693/451
f 453/693/451 448/688/446 451/691/449
f 451/691/449 452/692/450 454/694/452
f 451/691/449 454/694/452 453/693/451
f 454/694/452 452/692/450 455/695/453
f 454/694/452 455/695/453 456/696/454
f 454/694/452 456/696/454 457/697/455
f 457/697/455 456/696/454 458/698/456
f 453/693/451 454/694/452 459/699/457
f 459/699/457 454/694/452 457/697/455
f 457/697/455 458/698/456 460/700/458
f 457/697/455 460/700/458 461/701/459
f 461/701/459 460/700/458 458/698/456
f 457/697/455 461/701/459 459/699/457
f 461/701/459 458/698/456 455/702/453
f 459/699/457 461/701/459 462/703/460
f 462/703/460 461/701/459 455/702/453
f 459/699/457 462/703/460 453/693/451
f 462/703/460 455/702/453 452/704/450
f 462/703/460 452/704/450 449/705/447
f 453/693/451 462/703/460 463/706/461
f 463/706/461 462/703/460 449/705/447
f 453/693/451 463/706/461 450/690/448
f 463/706/461 449/705/447 389/707/387
f 450/690/448 463/706/461 464/708/462
f 464/708/462 463/706/461 389/707/387
f 450/690/448 464/708/462 366/685/364
f 464/708/462 389/707/387 465/709/463
f 464/708/462 465/709/463 366/685/364
f 465/709/463 389/707/387 390/710/388
f 366/685/364 465/709/463 466/711/464
f 465/709/463 390/710/388 467/712/465
f 465/709/463 467/712/465 466/711/464
f 456/713/454 455/714/453 458/715/456
f 366/716/364 466/717/464 365/718/363
f 365/718/363 466/717/464 468/719/466
f 365/718/363 468/719/466 377/720/375
f 468/719/466 466/717/464 353/721/351
f 353/721/351 466/717/464 467/722/465
f 378/723/376 377/720/375 374/724/372
f 374/724/372 377/720/375 373/725/371
f 373/725/371 377/720/375 469/726/467
f 469/726/467 377/720/375 468/719/466
f 373/725/371 469/726/467 371/727/369
f 468/719/466 353/721/351 470/728/468
f 468/719/466 470/728/468 469/726/467
f 371/727/369 469/726/467 471/729/469
f 471/729/469 469/726/467 470/728/468
f 371/727/369 471/729/469 370/730/368
f 370/730/368 471/729/469 369/731/367
f 369/731/367 471/729/469 345/732/343
f 345/732/343 471/729/469 470/728/468
f 345/732/343 470/728/468 353/721/351
f 345/732/343 353/721/351 352/733/350
f 345/732/343 352/733/350 363/734/361
f 378/735/376 374/736/372 472/737/470
f 472/737/470 374/736/372 383/738/381
f 378/735/376 472/737/470 473/739/471
f 378/735/376 473/739/471 379/740/377
f 472/737/470 383/738/381 474/741/472
f 474/741/472 383/738/381 384/742/382
f 473/739/471 472/737/470 475/743/473
f 475/743/473 472/737/470 474/741/472
f 379/740/377 473/739/471 476/744/474
f 476/744/474 473/739/471 475/743/473
f 379/740/377 476/744/474 477/745/475
f 475/743/473 474/741/472 478/746/476
f 479/747/477 476/744/474 480/748/478
f 476/744/474 475/743/473 481/749/479
f 476/744/474 481/749/479 480/748/478
f 481/749/479 475/743/473 482/750/480
f 482/750/480 475/743/473 478/746/476
f 480/748/478 481/749/479 483/751/481
f 483/751/481 481/749/479 482/750/480
f 480/748/478 483/751/481 484/752/482
f 483/751/481 482/750/480 485/753/483
f 485/753/483 482/750/480 478/746/476
f 484/752/482 483/751/481 486/754/484
f 486/754/484 483/751/481 485/753/483
f 486/754/484 485/753/483 478/746/476
f 484/752/482 486/754/484 487/755/485
f 487/755/485 486/754/484 488/756/486
f 488/756/486 486/754/484 478/746/476
f 487/755/485 488/756/486 489/757/487
f 488/756/486 478/746/476 490/758/488
f 490/758/488 478/746/476 474/741/472
f 489/757/487 488/756/486 491/759/489
f 491/759/489 488/756/486 490/758/488
f 491/759/489 490/758/488 492/760/490
f 490/758/488 474/741/472 493/761/491
f 490/758/488 493/761/491 492/760/490
f 493/761/491 474/741/472 384/742/382
f 491/759/489 492/760/490 494/762/492
f 494/762/492 492/760/490 493/761/491
f 491/759/489 494/762/492 489/757/487
f 493/761/491 384/742/382 495/763/493
f 493/761/491 495/763/493 494/762/492
f 494/762/492 495/763/493 489/757/487
f 495/763/493 384/742/382 496/764/494
f 489/757/487 495/763/493 497/765/495
f 381/766/379 380/767/378 385/768/383
f 384/769/382 385/768/383 496/770/494
f 496/770/494 385/768/383 498/771/496
f 385/768/383 380/767/378 499/772/251
f 385/768/383 499/772/251 498/771/496
f 499/772/251 380/767/378 477/773/475
f 477/773/475 380/767/378 379/774/377
f 498/771/496 499/772/251 500/775/497
f 499/772/251 477/773/475 479/776/477
f 499/772/251 479/776/477 500/775/497
f 479/776/477 477/773/475 476/777/474
f 498/771/496 500/775/497 501/778/498
f 501/778/498 500/775/497 502/779/499
f 501/778/498 502/779/499 388/780/386
f 501/778/498 388/780/386 424/781/422
f 388/780/386 502/779/499 390/782/388
f 479/783/477 480/784/478 500/785/497
f 500/785/497 480/784/478 484/786/482
f 500/785/497 484/786/482 503/787/500
f 503/787/500 484/786/482 504/788/501
f 500/785/497 503/787/500 502/789/499
f 503/787/500 504/788/501 505/790/502
f 505/790/502 504/788/501 506/791/503
f 502/789/499 503/787/500 507/792/504
f 507/792/504 503/787/500 505/790/502
f 505/790/502 506/791/503 508/793/505
f 505/790/502 508/793/505 507/792/504
f 508/793/505 506/791/503 509/794/506
f 502/789/499 507/792/504 510/795/507
f 510/795/507 507/792/504 508/793/505
f 502/789/499 510/795/507 390/796/388
f 390/796/388 510/795/507 511/797/508
f 512/798/509 509/794/506 513/799/510
f 509/794/506 512/798/509 514/800/511
f 509/794/506 514/800/511 508/793/505
f 514/800/511 512/798/509 515/801/512
f 508/793/505 514/800/511 516/802/513
f 516/802/513 514/800/511 515/801/512
f 508/793/505 516/802/513 510/795/507
f 516/802/513 515/801/512 517/803/514
f 516/802/513 517/803/514 510/795/507
f 517/803/514 515/801/512 518/804/515
f 517/803/514 518/804/515 519/805/516
f 510/795/507 517/803/514 520/806/517
f 510/795/507 520/806/517 521/807/518
f 520/806/517 517/803/514 522/808/519
f 495/809/493 496/810/494 498/811/496
f 495/809/493 498/811/496 497/812/495
f 497/812/495 498/811/496 523/813/520
f 523/813/520 498/811/496 501/814/498
f 497/812/495 523/813/520 524/815/521
f 497/812/495 524/815/521 525/816/522
f 497/812/495 525/816/522 489/817/487
f 489/817/487 525/816/522 487/818/485
f 487/818/485 525/816/522 484/819/482
f 484/819/482 525/816/522 504/820/501
f 504/820/501 525/816/522 524/815/521
f 504/820/501 524/815/521 526/821/523
f 526/821/523 524/815/521 523/813/520
f 504/820/501 526/821/523 506/822/503
f 506/822/503 526/821/523 527/823/524
f 506/822/503 527/823/524 509/824/506
f 527/823/524 526/821/523 528/825/525
f 528/825/525 526/821/523 523/813/520
f 527/823/524 528/825/525 529/826/526
f 528/825/525 523/813/520 530/827/527
f 528/825/525 530/827/527 529/826/526
f 529/826/526 530/827/527 426/828/424
f 530/827/527 523/813/520 501/814/498
f 426/828/424 530/827/527 428/829/426
f 530/827/527 501/814/498 531/830/528
f 530/827/527 531/830/528 428/829/426
f 531/830/528 501/814/498 424/831/422
f 531/830/528 424/831/422 427/832/425
f 531/830/528 427/832/425 432/833/430
f 531/830/528 432/833/430 428/829/426
f 428/829/426 432/833/430 434/834/432
f 390/835/388 511/836/508 467/837/465
f 467/837/465 511/836/508 532/838/529
f 467/837/465 532/838/529 533/839/530
f 533/839/530 532/838/529 534/840/531
f 534/840/531 532/838/529 522/841/519
f 522/841/519 532/838/529 521/842/518
f 522/841/519 521/842/518 520/843/517
f 511/844/508 510/845/507 521/846/518
f 511/844/508 521/846/518 532/847/529
f 467/848/465 533/849/530 353/850/351
f 534/851/531 522/852/519 161/853/161
f 161/853/161 522/852/519 517/854/514
f 161/853/161 517/854/514 519/855/516
f 161/853/161 519/855/516 28/856/28
f 534/857/531 161/858/161 533/859/530
f 533/859/530 161/858/161 160/860/160
f 533/859/530 160/860/160 156/861/156
f 160/860/160 161/858/161 159/862/159
f 513/863/510 509/864/506 535/865/532
f 535/865/532 509/864/506 527/866/524
f 513/863/510 535/865/532 536/867/533
f 535/865/532 527/866/524 537/868/534
f 535/865/532 537/868/534 536/867/533
f 536/867/533 537/868/534 538/869/535
f 537/868/534 527/866/524 539/870/536
f 538/869/535 537/868/534 540/871/537
f 540/871/537 537/868/534 539/870/536
f 540/871/537 539/870/536 541/872/538
f 540/871/537 541/872/538 542/873/539
f 542/874/539 541/875/538 543/876/540
f 543/876/540 541/875/538 539/877/536
f 542/874/539 543/876/540 544/878/541
f 539/879/536 527/880/524 529/881/526
f 539/879/536 529/881/526 543/882/540
f 545/883/542 544/884/541 543/885/540
f 545/883/542 543/885/540 546/886/543
f 529/887/526 426/888/424 543/885/540
f 543/885/540 426/888/424 546/886/543
f 545/883/542 546/886/543 547/889/544
f 546/886/543 426/888/424 548/890/545
f 548/890/545 426/888/424 425/891/423
f 548/890/545 425/891/423 546/886/543
f 547/889/544 546/886/543 549/892/546
f 549/892/546 546/886/543 425/891/423
f 550/893/547 394/894/392 547/889/544
f 549/892/546 425/891/423 551/895/548
f 547/889/544 549/892/546 552/896/549
f 547/889/544 552/896/549 550/893/547
f 552/896/549 549/892/546 551/895/548
f 550/893/547 552/896/549 553/897/550
f 553/897/550 552/896/549 551/895/548
f 550/893/547 553/897/550 554/898/551
f 554/898/551 553/897/550 441/899/439
f 441/899/439 553/897/550 555/900/552
f 441/899/439 555/900/552 440/901/438
f 440/901/438 555/900/552 443/902/441
f 443/902/441 555/900/552 437/903/435
f 437/903/435 555/900/552 439/904/437
f 555/900/552 553/897/550 556/905/553
f 555/900/552 556/905/553 439/904/437
f 556/905/553 553/897/550 551/895/548
f 439/904/437 556/905/553 446/906/444
f 446/906/444 556/905/553 551/895/548
f 446/906/444 551/895/548 557/907/554
f 557/907/554 551/895/548 425/891/423
f 557/907/554 425/891/423 393/908/391
f 446/906/444 557/907/554 558/909/555
f 558/909/555 557/907/554 393/908/391
f 558/909/555 393/908/391 394/910/392
f 558/909/555 394/910/392 550/911/547
f 446/906/444 558/909/555 445/912/443
f 558/909/555 550/911/547 554/913/551
f 558/909/555 554/913/551 445/912/443
f 445/912/443 554/913/551 441/914/439
f 547/915/544 394/916/392 409/917/407
f 547/918/544 409/919/407 545/920/542
f 545/921/542 409/922/407 15/923/15
f 15/923/15 409/922/407 16/924/16
f 17/925/17 412/926/410 559/927/556
f 559/927/556 412/926/410 406/928/404
f 559/927/556 406/928/404 407/929/405
f 17/925/17 559/927/556 53/930/53
f 53/930/53 559/927/556 407/929/405
f 53/930/53 407/929/405 560/931/557
f 53/930/53 560/931/557 561/932/558
f 561/932/558 560/931/557 562/933/559
f 561/932/558 562/933/559 563/934/560
f 53/930/53 561/932/558 58/935/58
f 415/936/413 416/937/414 563/934/560
f 563/934/560 416/937/414 564/938/561
f 563/934/560 564/938/561 561/932/558
f 564/938/561 416/937/414 419/939/417
f 564/938/561 419/939/417 565/940/562
f 561/932/558 564/938/561 566/941/563
f 566/941/563 564/938/561 565/940/562
f 561/932/558 566/941/563 58/935/58
f 565/940/562 419/939/417 567/942/564
f 565/940/562 567/942/564 566/941/563
f 567/942/564 419/939/417 422/943/420
f 567/942/564 422/943/420 563/944/560
f 563/944/560 422/943/420 415/945/413
f 566/941/563 567/942/564 568/946/565
f 568/946/565 567/942/564 563/944/560
f 566/941/563 568/946/565 58/935/58
f 568/946/565 563/944/560 562/947/559
f 58/935/58 568/946/565 569/948/566
f 569/948/566 568/946/565 562/947/559
f 58/935/58 569/948/566 570/949/567
f 570/949/567 569/948/566 562/947/559
f 58/935/58 570/949/567 56/950/56
f 570/949/567 562/947/559 560/951/557
f 56/950/56 570/949/567 57/952/57
f 57/952/57 570/949/567 560/951/557
f 57/952/57 560/951/557 407/953/405
f 533/954/530 156/955/156 298/956/297
f 298/957/297 156/958/156 247/959/247
f 533/960/530 298/961/297 299/962/298
f 277/963/277 298/964/297 247/965/247
f 277/963/277 247/965/247 571/966/568
f 277/963/277 571/966/568 572/967/569
f 571/966/568 247/965/247 573/968/570
f 573/968/570 247/965/247 246/969/246
f 573/968/570 246/969/246 254/970/254
f 573/968/570 254/970/254 574/971/571
f 573/968/570 574/971/571 575/972/572
f 575/972/572 574/971/571 576/973/573
f 571/966/568 573/968/570 577/974/574
f 578/975/575 572/967/569 571/966/568
f 578/975/575 571/966/568 577/974/574
f 572/967/569 578/975/575 579/976/576
f 579/976/576 578/975/575 577/974/574
f 572/967/569 579/976/576 580/977/577
f 579/976/576 577/974/574 581/978/578
f 580/977/577 579/976/576 582/979/579
f 579/976/576 581/978/578 583/980/580
f 579/976/576 583/980/580 582/979/579
f 582/979/579 583/980/580 584/981/581
f 533/982/530 299/983/298 585/984/582
f 533/985/530 585/986/582 344/987/342
f 533/985/530 344/987/342 343/988/341
f 585/989/582 299/990/298 308/991/306
f 533/992/530 343/993/341 353/994/351
f 345/995/343 363/996/361 331/997/329
f 331/998/329 363/999/361 586/1000/583
f 331/998/329 586/1000/583 587/1001/584
f 587/1001/584 586/1000/583 588/1002/585
f 587/1001/584 588/1002/585 589/1003/586
f 588/1002/585 586/1000/583 590/1004/587
f 590/1004/587 586/1000/583 369/1005/367
f 590/1004/587 369/1005/367 347/1006/345
f 590/1004/587 347/1006/345 588/1002/585
f 588/1002/585 347/1006/345 591/1007/588
f 591/1007/588 347/1006/345 346/1008/344
f 588/1002/585 591/1007/588 592/1009/589
f 586/1010/583 363/1011/361 369/1012/367
f 347/1013/345 369/1014/367 345/1015/343
f 589/1016/586 331/1017/329 587/1018/584
f 331/1017/329 589/1016/586 333/1019/331
f 333/1019/331 589/1016/586 593/1020/590
f 593/1020/590 589/1016/586 594/1021/591
f 594/1021/591 589/1016/586 595/1022/592
f 595/1022/592 589/1016/586 588/1023/585
f 595/1022/592 588/1023/585 592/1024/589
f 595/1022/592 592/1024/589 594/1021/591
f 594/1021/591 592/1024/589 596/1025/593
f 333/1019/331 593/1020/590 597/1026/594
f 333/1019/331 597/1026/594 332/1027/330
f 332/1027/330 597/1026/594 337/1028/335
f 597/1026/594 593/1020/590 598/1029/595
f 598/1029/595 593/1020/590 599/1030/596
f 597/1026/594 598/1029/595 600/1031/597
f 592/1032/589 591/1033/588 346/1034/344
f 592/1032/589 346/1034/344 601/1035/598
f 601/1035/598 346/1034/344 344/1036/342
f 592/1032/589 601/1035/598 596/1037/593
f 601/1035/598 344/1036/342 585/1038/582
f 596/1037/593 601/1035/598 602/1039/599
f 602/1039/599 601/1035/598 585/1038/582
f 602/1040/599 585/1041/582 308/1042/306
f 602/1040/599 308/1042/306 600/1043/597
f 600/1043/597 308/1042/306 337/1044/335
f 600/1043/597 337/1044/335 597/1045/594
f 337/1044/335 308/1042/306 338/1046/336
f 338/1046/336 308/1042/306 603/1047/600
f 603/1047/600 308/1042/306 307/1048/305
f 603/1047/600 307/1048/305 604/1049/601
f 338/1046/336 603/1047/600 605/1050/602
f 603/1047/600 604/1049/601 606/1051/603
f 603/1047/600 606/1051/603 605/1050/602
f 605/1050/602 606/1051/603 607/1052/604
f 607/1052/604 606/1051/603 608/1053/605
f 608/1053/605 606/1051/603 609/1054/606
f 607/1052/604 608/1053/605 610/1055/607
f 610/1055/607 608/1053/605 611/1056/608
f 607/1052/604 610/1055/607 339/1057/337
f 339/1057/337 610/1055/607 310/1058/308
f 310/1058/308 610/1055/607 309/1059/307
f 594/1060/591 596/1061/593 612/1062/609
f 599/1063/596 593/1064/590 594/1060/591
f 599/1063/596 594/1060/591 612/1062/609
f 599/1063/596 612/1062/609 613/1065/610
f 613/1065/610 612/1062/609 614/1066/611
f 613/1065/610 614/1066/611 615/1067/612
f 615/1067/612 614/1066/611 612/1062/609
f 615/1067/612 612/1062/609 616/1068/613
f 617/1069/614 612/1062/609 596/1061/593
f 612/1062/609 617/1069/614 616/1068/613
f 617/1069/614 596/1061/593 602/1070/599
f 616/1068/613 617/1069/614 618/1071/615
f 617/1069/614 602/1070/599 600/1072/597
f 617/1069/614 600/1072/597 618/1071/615
f 600/1073/597 598/1074/595 619/1075/616
f 600/1073/597 619/1075/616 620/1076/617
f 600/1073/597 620/1076/617 618/1077/615
f 620/1076/617 619/1075/616 621/1078/618
f 618/1077/615 620/1076/617 622/1079/619
f 620/1076/617 621/1078/618 623/1080/620
f 620/1076/617 623/1080/620 622/1079/619
f 618/1077/615 622/1079/619 624/1081/621
f 623/1080/620 621/1078/618 625/1082/622
f 623/1080/620 625/1082/622 622/1079/619
f 625/1082/622 621/1078/618 626/1083/623
f 625/1082/622 626/1083/623 339/1084/337
f 625/1082/622 339/1084/337 338/1085/336
f 625/1082/622 338/1085/336 605/1086/602
f 625/1082/622 605/1086/602 627/1087/624
f 625/1082/622 627/1087/624 622/1079/619
f 627/1087/624 605/1086/602 607/1088/604
f 622/1079/619 627/1087/624 628/1089/625
f 628/1089/625 627/1087/624 607/1088/604
f 622/1079/619 628/1089/625 624/1081/621
f 628/1089/625 607/1088/604 626/1090/623
f 626/1090/623 607/1088/604 339/1091/337
f 628/1089/625 626/1090/623 621/1092/618
f 628/1089/625 621/1092/618 624/1081/621
f 624/1081/621 621/1092/618 619/1093/616
f 598/1094/595 599/1095/596 629/1096/626
f 598/1094/595 629/1096/626 619/1097/616
f 629/1096/626 599/1095/596 630/1098/627
f 630/1098/627 599/1095/596 613/1099/610
f 630/1098/627 613/1099/610 615/1100/612
f 630/1098/627 615/1100/612 631/1101/628
f 630/1098/627 631/1101/628 632/1102/629
f 631/1101/628 615/1100/612 633/1103/630
f 631/1101/628 633/1103/630 632/1102/629
f 633/1103/630 615/1100/612 634/1104/631
f 633/1103/630 634/1104/631 635/1105/632
f 633/1103/630 635/1105/632 632/1102/629
f 632/1102/629 635/1105/632 636/1106/633
f 624/1107/621 619/1108/616 637/1109/634
f 624/1107/621 637/1109/634 618/1110/615
f 637/1109/634 619/1108/616 629/1111/626
f 618/1110/615 637/1109/634 616/1112/613
f 637/1109/634 629/1111/626 638/1113/635
f 637/1109/634 638/1113/635 616/1112/613
f 630/1114/627 632/1115/629 629/1111/626
f 629/1111/626 632/1115/629 639/1116/636
f 629/1111/626 639/1116/636 638/1113/635
f 639/1116/636 632/1115/629 636/1117/633
f 616/1112/613 638/1113/635 640/1118/637
f 640/1118/637 638/1113/635 639/1116/636
f 615/1119/612 616/1112/613 634/1120/631
f 634/1120/631 616/1112/613 640/1118/637
f 634/1120/631 640/1118/637 641/1121/638
f 634/1120/631 641/1121/638 635/1122/632
f 640/1118/637 639/1116/636 642/1123/639
f 642/1123/639 639/1116/636 636/1117/633
f 640/1118/637 642/1123/639 643/1124/640
f 640/1118/637 643/1124/640 641/1121/638
f 643/1124/640 642/1123/639 644/1125/641
f 643/1124/640 644/1125/641 641/1121/638
f 642/1123/639 636/1117/633 645/1126/642
f 642/1123/639 645/1126/642 644/1125/641
f 645/1126/642 636/1117/633 646/1127/643
f 645/1126/642 646/1127/643 644/1125/641
f 647/1128/644 636/1117/633 635/1122/632
f 636/1117/633 647/1128/644 646/1127/643
f 647/1128/644 635/1122/632 641/1121/638
f 646/1127/643 647/1128/644 644/1125/641
f 647/1128/644 641/1121/638 648/1129/645
f 647/1128/644 648/1129/645 644/1125/641
f 644/1125/641 648/1129/645 641/1121/638
f 610/1130/607 611/1131/608 649/1132/646
f 610/1130/607 649/1132/646 309/1133/307
f 309/1133/307 649/1132/646 311/1134/309
f 649/1132/646 611/1131/608 650/1135/647
f 650/1135/647 611/1131/608 608/1136/605
f 650/1135/647 608/1136/605 609/1137/606
f 649/1132/646 650/1135/647 651/1138/648
f 649/1132/646 651/1138/648 311/1134/309
f 651/1138/648 650/1135/647 609/1137/606
f 311/1134/309 651/1138/648 652/1139/649
f 311/1134/309 652/1139/649 312/1140/310
f 651/1138/648 609/1137/606 653/1141/19
f 651/1138/648 653/1141/19 652/1139/649
f 653/1141/19 609/1137/606 604/1142/601
f 604/1142/601 609/1137/606 606/1143/603
f 653/1141/19 604/1142/601 307/1144/305
f 653/1141/19 307/1144/305 654/1145/650
f 653/1141/19 654/1145/650 652/1139/649
f 654/1145/650 307/1144/305 313/1146/311
f 654/1145/650 313/1146/311 314/1147/312
f 654/1145/650 314/1147/312 655/1148/651
f 654/1145/650 655/1148/651 652/1139/649
f 652/1139/649 655/1148/651 656/1149/652
f 652/1139/649 656/1149/652 657/1150/653
f 652/1139/649 657/1150/653 312/1140/310
f 657/1150/653 656/1149/652 315/1151/313
f 657/1150/653 315/1151/313 312/1140/310
f 655/1152/651 314/1153/312 658/1154/654
f 655/1152/651 658/1154/654 659/1155/655
f 659/1155/655 658/1154/654 660/1156/656
f 655/1152/651 659/1155/655 656/1157/652
f 659/1155/655 660/1156/656 661/1158/657
f 661/1158/657 660/1156/656 662/1159/658
f 661/1158/657 662/1159/658 584/1160/581
f 663/1161/659 584/1160/581 583/1162/580
f 584/1160/581 663/1161/659 661/1158/657
f 661/1158/657 663/1161/659 664/1163/660
f 656/1157/652 659/1155/655 665/1164/661
f 665/1164/661 659/1155/655 661/1158/657
f 661/1158/657 664/1163/660 666/1165/662
f 665/1164/661 661/1158/657 667/1166/663
f 667/1166/663 661/1158/657 666/1165/662
f 666/1165/662 664/1163/660 668/1167/664
f 666/1165/662 668/1167/664 667/1166/663
f 667/1166/663 668/1167/664 665/1164/661
f 668/1167/664 664/1163/660 669/1168/665
f 668/1167/664 669/1168/665 584/1169/581
f 668/1167/664 584/1169/581 662/1170/658
f 668/1167/664 662/1170/658 660/1171/656
f 665/1164/661 668/1167/664 670/1172/666
f 670/1172/666 668/1167/664 660/1171/656
f 665/1164/661 670/1172/666 656/1157/652
f 670/1172/666 660/1171/656 658/1173/654
f 656/1157/652 670/1172/666 315/1174/313
f 315/1174/313 670/1172/666 658/1173/654
f 315/1174/313 658/1173/654 314/1175/312
f 669/1176/665 664/1177/660 671/1178/634
f 671/1178/634 664/1177/660 663/1179/659
f 671/1178/634 663/1179/659 583/1180/580
f 671/1178/634 583/1180/580 581/1181/578
f 671/1178/634 581/1181/578 672/1182/667
f 672/1182/667 581/1181/578 673/1183/668
f 669/1176/665 671/1178/634 674/1184/669
f 669/1176/665 674/1184/669 584/1185/581
f 584/1185/581 674/1184/669 582/1186/579
f 671/1178/634 672/1182/667 675/1187/670
f 671/1178/634 675/1187/670 674/1184/669
f 675/1187/670 672/1182/667 673/1183/668
f 582/1186/579 674/1184/669 676/1188/671
f 676/1188/671 674/1184/669 675/1187/670
f 582/1186/579 676/1188/671 580/1189/577
f 580/1189/577 676/1188/671 572/1190/569
f 577/1191/574 673/1183/668 581/1181/578
f 673/1183/668 577/1191/574 575/1192/572
f 575/1192/572 577/1191/574 573/1193/570
f 673/1183/668 575/1192/572 291/1194/192
f 291/1194/192 575/1192/572 576/1195/573
f 677/1196/672 675/1187/670 673/1183/668
f 677/1196/672 673/1183/668 291/1194/192
f 675/1187/670 677/1196/672 676/1188/671
f 678/1197/673 572/1190/569 676/1188/671
f 678/1197/673 676/1188/671 677/1196/672
f 677/1196/672 291/1194/192 679/1198/674
f 677/1196/672 679/1198/674 678/1197/673
f 679/1198/674 291/1194/192 290/1199/290
f 572/1190/569 678/1197/673 680/1200/675
f 680/1200/675 678/1197/673 679/1198/674
f 572/1190/569 680/1200/675 277/1201/277
f 277/1201/277 680/1200/675 275/1202/275
f 275/1202/275 680/1200/675 679/1198/674
f 275/1202/275 679/1198/674 272/1203/272
f 272/1203/272 679/1198/674 281/1204/281
f 281/1204/281 679/1198/674 290/1199/290
f 281/1204/281 290/1199/290 287/1205/287
f 289/1206/289 291/1207/192 576/1208/573
f 289/1206/289 576/1208/573 681/1209/676
f 289/1206/289 681/1209/676 682/1210/677
f 289/1206/289 682/1210/677 293/1211/292
f 682/1210/677 681/1209/676 683/1212/678
f 682/1210/677 683/1212/678 293/1211/292
f 683/1212/678 681/1209/676 576/1208/573
f 683/1212/678 576/1208/573 684/1213/679
f 684/1213/679 576/1208/573 685/1214/680
f 685/1214/680 576/1208/573 574/1215/571
f 683/1212/678 684/1213/679 686/1216/681
f 686/1216/681 684/1213/679 685/1214/680
f 293/1211/292 683/1212/678 687/1217/682
f 687/1217/682 683/1212/678 686/1216/681
f 293/1211/292 687/1217/682 688/1218/683
f 293/1211/292 688/1218/683 689/1219/684
f 688/1218/683 687/1217/682 690/1220/685
f 688/1218/683 690/1220/685 691/1221/686
f 691/1221/686 690/1220/685 692/1222/687
f 690/1220/685 687/1217/682 693/1223/688
f 693/1223/688 687/1217/682 686/1216/681
f 692/1222/687 690/1220/685 694/1224/689
f 694/1224/689 690/1220/685 693/1223/688
f 693/1223/688 686/1216/681 695/1225/690
f 693/1223/688 695/1225/690 694/1224/689
f 695/1225/690 686/1216/681 685/1214/680
f 694/1224/689 695/1225/690 696/1226/691
f 692/1222/687 694/1224/689 697/1227/692
f 697/1227/692 694/1224/689 696/1226/691
f 692/1222/687 697/1227/692 698/1228/693
f 696/1226/691 695/1225/690 699/1229/694
f 699/1229/694 695/1225/690 685/1214/680
f 696/1226/691 699/1229/694 697/1227/692
f 699/1229/694 685/1214/680 574/1215/571
f 699/1229/694 574/1215/571 254/1230/254
f 699/1229/694 254/1230/254 697/1227/692
f 697/1227/692 254/1230/254 253/1231/253
f 692/1232/687 698/1233/693 691/1234/686
f 691/1234/686 698/1233/693 700/1235/695
f 688/1236/683 691/1234/686 701/1237/696
f 688/1236/683 701/1237/696 689/1238/684
f 701/1237/696 691/1234/686 702/1239/697
f 701/1237/696 702/1239/697 689/1238/684
f 702/1239/697 691/1234/686 700/1235/695
f 689/1238/684 702/1239/697 703/1240/698
f 689/1238/684 703/1240/698 704/1241/699
f 702/1239/697 700/1235/695 705/1242/700
f 702/1239/697 705/1242/700 703/1240/698
f 704/1241/699 703/1240/698 706/1243/701
f 704/1241/699 706/1243/701 236/1244/236
f 236/1244/236 706/1243/701 257/1245/257
f 257/1245/257 706/1243/701 703/1240/698
f 703/1240/698 705/1242/700 707/1246/702
f 703/1240/698 707/1246/702 257/1245/257
f 257/1245/257 707/1246/702 708/1247/703
f 708/1247/703 707/1246/702 705/1242/700
f 257/1245/257 708/1247/703 255/1248/255
f 709/1249/704 705/1242/700 700/1235/695
f 705/1242/700 709/1249/704 708/1247/703
f 255/1248/255 708/1247/703 710/1250/705
f 710/1250/705 708/1247/703 709/1249/704
f 255/1248/255 710/1250/705 253/1251/253
f 710/1250/705 709/1249/704 711/1252/706
f 253/1251/253 710/1250/705 712/1253/707
f 712/1253/707 710/1250/705 711/1252/706
f 253/1251/253 712/1253/707 697/1254/692
f 697/1254/692 712/1253/707 698/1233/693
f 712/1253/707 711/1252/706 713/1255/708
f 713/1255/708 711/1252/706 709/1249/704
f 712/1253/707 713/1255/708 698/1233/693
f 713/1255/708 709/1249/704 700/1235/695
f 713/1255/708 700/1235/695 698/1233/693
f 293/1256/292 689/1257/684 237/1258/237
f 237/1258/237 689/1257/684 236/1259/236
f 236/1259/236 689/1257/684 704/1260/699
f 224/1261/224 226/1262/226 269/1263/269
f 224/1261/224 269/1263/269 714/1264/709
f 224/1261/224 714/1264/709 245/1265/245
f 224/1261/224 245/1265/245 187/1266/187
f 714/1264/709 269/1263/269 715/1267/710
f 714/1264/709 715/1267/710 245/1265/245
f 715/1267/710 269/1263/269 266/1268/266
f 245/1265/245 715/1267/710 251/1269/251
f 715/1267/710 266/1268/266 265/1270/265
f 251/1269/251 715/1267/710 252/1271/252
f 252/1271/252 715/1267/710 265/1270/265
f 252/1271/252 265/1270/265 259/1272/259
f 259/1272/259 265/1270/265 264/1273/264
f 243/1274/243 247/1275/247 156/1276/156
f 243/1274/243 156/1276/156 188/1277/188
f 188/1278/188 156/1279/156 191/1280/191
f 191/1281/191 156/1282/156 153/1283/153
f 153/1283/153 156/1282/156 148/1284/148
f 190/1285/190 191/1286/191 199/1287/199
f 199/1287/199 191/1286/191 716/1288/711
f 191/1289/191 153/1290/153 717/1291/712
f 191/1289/191 717/1291/712 716/1292/711
f 717/1291/712 153/1290/153 718/1293/713
f 717/1291/712 718/1293/713 719/1294/714
f 719/1294/714 718/1293/713 720/1295/715
f 153/1296/153 152/1297/152 111/1298/111
f 153/1296/153 111/1298/111 718/1299/713
f 718/1299/713 111/1298/111 721/1300/716
f 718/1299/713 721/1300/716 720/1301/715
f 111/1302/111 152/1303/152 105/1304/105
f 721/1305/716 111/1306/111 107/1307/107
f 721/1308/716 107/1309/107 722/1310/717
f 722/1310/717 107/1309/107 723/1311/718
f 721/1308/716 722/1310/717 724/1312/719
f 724/1312/719 722/1310/717 723/1311/718
f 721/1308/716 724/1312/719 720/1313/715
f 720/1313/715 724/1312/719 719/1314/714
f 724/1312/719 723/1311/718 725/1315/720
f 724/1312/719 725/1315/720 726/1316/721
f 723/1317/718 107/1318/107 105/1319/105
f 723/1320/718 105/1321/105 152/1322/152
f 723/1320/718 152/1322/152 725/1323/720
f 719/1324/714 724/1325/719 727/1326/722
f 727/1326/722 724/1325/719 726/1327/721
f 727/1326/722 726/1327/721 728/1328/723
f 727/1326/722 728/1328/723 719/1324/714
f 719/1324/714 728/1328/723 729/1329/724
f 719/1324/714 729/1329/724 717/1330/712
f 717/1330/712 729/1329/724 716/1331/711
f 716/1331/711 729/1329/724 730/1332/725
f 730/1332/725 729/1329/724 731/1333/726
f 730/1332/725 731/1333/726 732/1334/727
f 732/1334/727 731/1333/726 733/1335/728
f 733/1335/728 731/1333/726 734/1336/729
f 726/1337/721 725/1338/720 152/1339/152
f 726/1337/721 152/1339/152 735/1340/730
f 735/1340/730 152/1339/152 182/1341/182
f 726/1337/721 735/1340/730 736/1342/731
f 735/1340/730 182/1341/182 737/1343/397
f 735/1340/730 737/1343/397 736/1342/731
f 737/1343/397 182/1341/182 200/1344/200
f 726/1337/721 736/1342/731 728/1345/723
f 737/1343/397 200/1344/200 738/1346/732
f 737/1343/397 738/1346/732 739/1347/733
f 737/1343/397 739/1347/733 736/1342/731
f 739/1347/733 738/1346/732 740/1348/734
f 728/1345/723 736/1342/731 741/1349/735
f 741/1349/735 736/1342/731 739/1347/733
f 731/1350/726 729/1351/724 728/1345/723
f 731/1350/726 728/1345/723 741/1349/735
f 739/1347/733 740/1348/734 742/1352/736
f 739/1347/733 742/1352/736 741/1349/735
f 742/1352/736 740/1348/734 743/1353/262
f 742/1352/736 743/1353/262 744/1354/737
f 741/1349/735 742/1352/736 745/1355/738
f 731/1350/726 741/1349/735 746/1356/739
f 746/1356/739 741/1349/735 745/1355/738
f 731/1350/726 746/1356/739 734/1357/729
f 734/1357/729 746/1356/739 733/1358/728
f 733/1358/728 746/1356/739 745/1355/738
f 733/1358/728 745/1355/738 747/1359/740
f 716/1360/711 730/1361/725 738/1362/732
f 716/1360/711 738/1362/732 199/1363/199
f 738/1362/732 730/1361/725 748/1364/741
f 748/1364/741 730/1361/725 732/1365/727
f 748/1364/741 732/1365/727 743/1366/262
f 743/1366/262 732/1365/727 744/1367/737
f 199/1368/199 738/1369/732 200/1370/200
f 199/1368/199 200/1370/200 202/1371/202
f 199/1368/199 202/1371/202 749/1372/742
f 199/1368/199 749/1372/742 198/1373/198
f 749/1372/742 202/1371/202 750/1374/743
f 750/1374/743 202/1371/202 751/1375/744
f 750/1374/743 751/1375/744 752/1376/745
f 752/1376/745 751/1375/744 753/1377/746
f 753/1377/746 751/1375/744 754/1378/747
f 738/1379/732 748/1380/741 755/1381/748
f 755/1381/748 748/1380/741 753/1382/746
f 738/1379/732 755/1381/748 740/1383/734
f 755/1381/748 753/1382/746 754/1384/747
f 755/1381/748 754/1384/747 756/1385/749
f 755/1381/748 756/1385/749 740/1383/734
f 756/1385/749 754/1384/747 751/1386/744
f 740/1383/734 756/1385/749 757/1387/750
f 740/1383/734 757/1387/750 743/1388/262
f 743/1388/262 757/1387/750 748/1389/741
f 748/1389/741 757/1387/750 753/1390/746
f 753/1390/746 757/1387/750 758/1391/751
f 758/1391/751 757/1387/750 756/1385/749
f 753/1390/746 758/1391/751 752/1392/745
f 756/1385/749 751/1386/744 759/1393/752
f 756/1385/749 759/1393/752 758/1391/751
f 759/1393/752 751/1386/744 203/1394/203
f 203/1394/203 751/1386/744 202/1395/202
f 758/1391/751 759/1393/752 760/1396/753
f 758/1391/751 760/1396/753 752/1392/745
f 760/1396/753 759/1393/752 203/1394/203
f 752/1392/745 760/1396/753 750/1397/743
f 760/1396/753 203/1394/203 761/1398/754
f 761/1398/754 203/1394/203 201/1399/201
f 761/1398/754 201/1399/201 762/1400/755
f 760/1396/753 761/1398/754 763/1401/756
f 763/1401/756 761/1398/754 764/1402/757
f 750/1397/743 760/1396/753 765/1403/758
f 765/1403/758 760/1396/753 763/1401/756
f 765/1403/758 763/1401/756 766/1404/759
f 750/1397/743 765/1403/758 749/1405/742
f 749/1405/742 765/1403/758 767/1406/760
f 749/1407/742 767/1408/760 198/1409/198
f 198/1409/198 767/1408/760 768/1410/761
f 765/1411/758 766/1412/759 767/1408/760
f 767/1408/760 766/1412/759 768/1410/761
f 198/1409/198 768/1410/761 769/1413/762
f 198/1409/198 769/1413/762 770/1414/763
f 770/1414/763 769/1413/762 771/1415/764
f 771/1415/764 769/1413/762 772/1416/765
f 772/1416/765 769/1413/762 773/1417/766
f 773/1417/766 769/1413/762 768/1410/761
f 772/1416/765 773/1417/766 774/1418/767
f 775/1419/768 768/1410/761 766/1412/759
f 768/1410/761 775/1419/768 773/1417/766
f 774/1418/767 773/1417/766 776/1420/769
f 774/1418/767 776/1420/769 777/1421/83
f 777/1421/83 776/1420/769 778/1422/770
f 778/1422/770 776/1420/769 773/1417/766
f 777/1421/83 778/1422/770 771/1423/764
f 771/1423/764 778/1422/770 770/1424/763
f 770/1424/763 778/1422/770 198/1425/198
f 778/1422/770 773/1417/766 779/1426/771
f 778/1422/770 779/1426/771 198/1425/198
f 779/1426/771 773/1417/766 775/1419/768
f 198/1425/198 779/1426/771 762/1427/755
f 198/1425/198 762/1427/755 196/1428/196
f 196/1428/196 762/1427/755 201/1429/201
f 762/1427/755 779/1426/771 780/1430/772
f 780/1430/772 779/1426/771 775/1419/768
f 762/1427/755 780/1430/772 761/1431/754
f 761/1431/754 780/1430/772 764/1432/757
f 780/1430/772 775/1419/768 781/1433/773
f 780/1430/772 781/1433/773 764/1432/757
f 781/1433/773 775/1419/768 766/1412/759
f 764/1432/757 781/1433/773 763/1434/756
f 763/1434/756 781/1433/773 766/1412/759
f 771/1435/764 772/1436/765 782/1437/774
f 782/1437/774 772/1436/765 783/1438/775
f 782/1437/774 783/1438/775 784/1439/776
f 783/1438/775 772/1436/765 774/1440/767
f 784/1439/776 783/1438/775 785/1441/777
f 784/1439/776 785/1441/777 786/1442/778
f 786/1442/778 785/1441/777 259/1443/259
f 259/1443/259 785/1441/777 260/1444/260
f 260/1444/260 785/1441/777 263/1445/263
f 783/1438/775 774/1440/767 787/1446/779
f 783/1438/775 787/1446/779 785/1441/777
f 785/1441/777 787/1446/779 788/1447/780
f 263/1445/263 785/1441/777 789/1448/781
f 789/1448/781 785/1441/777 788/1447/780
f 263/1445/263 789/1448/781 790/1449/782
f 790/1449/782 789/1448/781 788/1447/780
f 790/1449/782 788/1447/780 787/1446/779
f 263/1445/263 790/1449/782 264/1450/264
f 264/1450/264 790/1449/782 259/1451/259
f 259/1451/259 790/1449/782 786/1452/778
f 786/1452/778 790/1449/782 784/1453/776
f 790/1449/782 787/1446/779 791/1454/783
f 790/1449/782 791/1454/783 784/1453/776
f 791/1454/783 787/1446/779 774/1440/767
f 784/1453/776 791/1454/783 782/1455/774
f 791/1454/783 774/1440/767 777/1456/83
f 791/1454/783 777/1456/83 782/1455/774
f 782/1455/774 777/1456/83 771/1457/764
f 792/1458/784 793/1459/785 794/1460/786
f 794/1460/786 793/1459/785 795/1461/787
f 795/1461/787 793/1459/785 796/1462/788
f 796/1462/788 793/1459/785 792/1458/784
f 796/1462/788 792/1458/784 797/1463/789
f 796/1462/788 797/1463/789 798/1464/790
f 792/1465/784 794/1466/786 799/1467/791
f 792/1465/784 799/1467/791 797/1468/789
f 797/1468/789 799/1467/791 798/1469/790
f 798/1469/790 799/1467/791 794/1466/786
f 798/1469/790 794/1466/786 795/1470/787
f 798/1469/790 795/1470/787 796/1471/788
f 800/1472/792 801/1473/793 802/1474/794
f 800/1472/792 802/1474/794 803/1475/795
f 802/1474/794 801/1473/793 804/1476/796
f 802/1474/794 804/1476/796 805/1477/797
f 805/1477/797 804/1476/796 806/1478/798
f 800/1472/792 803/1475/795 807/1479/799
f 800/1472/792 807/1479/799 808/1480/800
f 808/1480/800 807/1479/799 809/1481/801
f 806/1478/798 804/1476/796 810/1482/802
f 809/1481/801 807/1479/799 811/1483/803
f 811/1483/803 807/1479/799 812/1484/804
f 810/1482/802 804/1476/796 813/1485/805
f 809/1481/801 811/1483/803 814/1486/806
f 814/1486/806 811/1483/803 812/1484/804
f 809/1481/801 814/1486/806 815/1487/807
f 814/1486/806 812/1484/804 816/1488/808
f 815/1487/807 814/1486/806 817/1489/809
f 817/1489/809 814/1486/806 816/1488/808
f 810/1482/802 813/1485/805 818/1490/810
f 810/1482/802 818/1490/810 819/1491/811
f 820/1492/812 806/1478/798 810/1482/802
f 810/1482/802 819/1491/811 821/1493/813
f 810/1482/802 821/1493/813 820/1492/812
f 821/1493/813 819/1491/811 822/1494/814
f 820/1492/812 821/1493/813 823/1495/815
f 801/1496/793 800/1497/792 824/1498/816
f 801/1496/793 824/1498/816 804/1499/796
f 804/1499/796 824/1498/816 813/1500/805
f 824/1498/816 800/1497/792 825/1501/817
f 825/1501/817 800/1497/792 808/1502/800
f 813/1500/805 824/1498/816 826/1503/818
f 826/1503/818 824/1498/816 825/1501/817
f 825/1501/817 808/1502/800 827/1504/819
f 827/1504/819 808/1502/800 828/1505/820
f 828/1505/820 808/1502/800 809/1506/801
f 825/1501/817 827/1504/819 829/1507/821
f 825/1501/817 829/1507/821 826/1503/818
f 827/1504/819 828/1505/820 830/1508/822
f 827/1504/819 830/1508/822 829/1507/821
f 830/1508/822 828/1505/820 812/1509/804
f 829/1507/821 830/1508/822 807/1510/799
f 807/1510/799 830/1508/822 812/1509/804
f 829/1507/821 807/1510/799 803/1511/795
f 829/1507/821 803/1511/795 826/1503/818
f 826/1503/818 803/1511/795 802/1512/794
f 812/1509/804 828/1505/820 831/1513/823
f 831/1513/823 828/1505/820 809/1506/801
f 812/1509/804 831/1513/823 816/1514/808
f 831/1513/823 809/1506/801 815/1515/807
f 816/1514/808 831/1513/823 817/1516/809
f 817/1516/809 831/1513/823 815/1515/807
f 826/1503/818 802/1512/794 832/1517/824
f 832/1517/824 802/1512/794 805/1518/797
f 826/1503/818 832/1517/824 813/1500/805
f 832/1517/824 805/1518/797 806/1519/798
f 813/1500/805 832/1517/824 833/1520/825
f 833/1520/825 832/1517/824 806/1519/798
f 813/1500/805 833/1520/825 818/1521/810
f 833/1520/825 806/1519/798 820/1522/812
f 818/1521/810 833/1520/825 819/1523/811
f 833/1520/825 820/1522/812 834/1524/826
f 833/1520/825 834/1524/826 819/1523/811
f 834/1524/826 820/1522/812 835/1525/827
f 819/1523/811 834/1524/826 836/1526/828
f 823/1527/815 821/1528/813 822/1529/814
f 823/1527/815 822/1529/814 837/1530/829
f 837/1530/829 822/1529/814 838/1531/830
f 837/1530/829 838/1531/830 839/1532/831
f 835/1533/827 820/1534/812 823/1527/815
f 835/1533/827 823/1527/815 837/1530/829
f 835/1533/827 837/1530/829 840/1535/832
f 837/1530/829 839/1532/831 841/1536/833
f 840/1535/832 837/1530/829 842/1537/834
f 842/1537/834 837/1530/829 841/1536/833
f 841/1536/833 839/1532/831 843/1538/835
f 835/1533/827 840/1535/832 844/1539/836
f 844/1539/836 840/1535/832 842/1537/834
f 836/1540/828 834/1541/826 835/1533/827
f 836/1540/828 835/1533/827 844/1539/836
f 836/1540/828 844/1539/836 822/1542/814
f 836/1540/828 822/1542/814 819/1543/811
f 822/1542/814 844/1539/836 838/1544/830
f 838/1544/830 844/1539/836 845/1545/837
f 845/1545/837 844/1539/836 842/1537/834
f 838/1544/830 845/1545/837 839/1546/831
f 839/1546/831 845/1545/837 846/1547/838
f 846/1547/838 845/1545/837 842/1537/834
f 839/1546/831 846/1547/838 843/1548/835
f 843/1548/835 846/1547/838 847/1549/839
f 847/1549/839 846/1547/838 848/1550/840
f 846/1547/838 842/1537/834 849/1551/841
f 849/1551/841 842/1537/834 841/1536/833
f 848/1550/840 846/1547/838 850/1552/842
f 850/1552/842 846/1547/838 849/1551/841
f 847/1549/839 848/1550/840 851/1553/843
f 851/1553/843 848/1550/840 850/1552/842
f 847/1549/839 851/1553/843 852/1554/844
f 852/1554/844 851/1553/843 853/1555/845
f 853/1555/845 851/1553/843 854/1556/846
f 854/1556/846 851/1553/843 855/1557/847
f 856/1558/848 849/1551/841 841/1536/833
f 856/1558/848 841/1536/833 843/1538/835
f 849/1551/841 856/1558/848 857/1559/849
f 857/1559/849 856/1558/848 843/1538/835
f 849/1551/841 857/1559/849 850/1552/842
f 857/1559/849 843/1538/835 847/1560/839
f 857/1559/849 847/1560/839 858/1561/850
f 857/1559/849 858/1561/850 850/1552/842
f 858/1561/850 847/1560/839 852/1562/844
f 859/1563/851 851/1553/843 850/1552/842
f 859/1563/851 850/1552/842 858/1561/850
f 851/1553/843 859/1563/851 855/1557/847
f 858/1561/850 852/1562/844 860/1564/852
f 858/1561/850 860/1564/852 859/1563/851
f 859/1563/851 860/1564/852 855/1557/847
f 860/1564/852 852/1562/844 853/1565/845
f 855/1557/847 860/1564/852 861/1566/853
f 861/1566/853 860/1564/852 853/1565/845
f 861/1567/853 853/1568/845 862/1569/854
f 862/1569/854 853/1568/845 863/1570/855
f 861/1567/853 862/1569/854 855/1571/847
f 862/1569/854 863/1570/855 864/1572/856
f 864/1572/856 863/1570/855 865/1573/857
f 855/1571/847 862/1569/854 866/1574/858
f 866/1574/858 862/1569/854 864/1572/856
f 864/1572/856 865/1573/857 867/1575/859
f 867/1575/859 865/1573/857 868/1576/860
f 864/1572/856 867/1575/859 869/1577/861
f 864/1572/856 869/1577/861 866/1574/858
f 867/1575/859 868/1576/860 870/1578/862
f 870/1578/862 868/1576/860 871/1579/863
f 869/1577/861 867/1575/859 872/1580/864
f 872/1580/864 867/1575/859 870/1578/862
f 866/1574/858 869/1577/861 873/1581/865
f 873/1581/865 869/1577/861 872/1580/864
f 870/1578/862 871/1579/863 874/1582/866
f 874/1582/866 871/1579/863 875/1583/867
f 872/1580/864 870/1578/862 876/1584/868
f 876/1584/868 870/1578/862 874/1582/866
f 872/1580/864 876/1584/868 871/1585/863
f 872/1580/864 871/1585/863 868/1586/860
f 872/1580/864 868/1586/860 873/1581/865
f 871/1585/863 876/1584/868 875/1587/867
f 873/1581/865 868/1586/860 865/1588/857
f 873/1581/865 865/1588/857 863/1589/855
f 873/1581/865 863/1589/855 877/1590/869
f 873/1581/865 877/1590/869 866/1574/858
f 877/1590/869 863/1589/855 878/1591/870
f 877/1590/869 878/1591/870 866/1574/858
f 878/1591/870 863/1589/855 853/1592/845
f 866/1574/858 878/1591/870 855/1571/847
f 878/1591/870 853/1592/845 854/1593/846
f 878/1591/870 854/1593/846 855/1571/847
f 879/1594/871 880/1595/872 875/1587/867
f 879/1594/871 875/1587/867 881/1596/873
f 881/1596/873 875/1587/867 876/1584/868
f 879/1594/871 881/1596/873 882/1597/874
f 881/1596/873 876/1584/868 874/1582/866
f 881/1596/873 874/1582/866 883/1598/875
f 881/1596/873 883/1598/875 882/1597/874
f 883/1598/875 874/1582/866 875/1583/867
f 883/1598/875 875/1583/867 880/1599/872
f 882/1597/874 883/1598/875 884/1600/876
f 884/1600/876 883/1598/875 880/1599/872
f 882/1597/874 884/1600/876 885/1601/877
f 884/1600/876 880/1599/872 886/1602/878
f 885/1601/877 884/1600/876 887/1603/879
f 887/1603/879 884/1600/876 886/1602/878
f 885/1601/877 887/1603/879 888/1604/880
f 885/1601/877 888/1604/880 889/1605/881
f 889/1605/881 888/1604/880 890/1606/882
f 887/1603/879 886/1602/878 891/1607/883
f 891/1607/883 886/1602/878 892/1608/884
f 891/1607/883 892/1608/884 890/1606/882
f 887/1603/879 891/1607/883 893/1609/885
f 890/1606/882 888/1604/880 894/1610/886
f 890/1606/882 894/1610/886 891/1607/883
f 895/1611/887 888/1604/880 887/1603/879
f 888/1604/880 895/1611/887 894/1610/886
f 895/1611/887 887/1603/879 893/1609/885
f 891/1607/883 894/1610/886 896/1612/888
f 891/1607/883 896/1612/888 893/1609/885
f 896/1612/888 894/1610/886 895/1611/887
f 896/1612/888 895/1611/887 893/1609/885
f 880/1613/872 879/1614/871 897/1615/889
f 897/1615/889 879/1614/871 882/1616/874
f 880/1613/872 897/1615/889 898/1617/890
f 880/1613/872 898/1617/890 886/1618/878
f 897/1615/889 882/1616/874 899/1619/891
f 897/1615/889 899/1619/891 898/1617/890
f 886/1618/878 898/1617/890 892/1620/884
f 899/1619/891 882/1616/874 885/1621/877
f 899/1619/891 885/1621/877 889/1622/881
f 892/1620/884 898/1617/890 900/1623/892
f 899/1619/891 889/1622/881 901/1624/893
f 898/1617/890 899/1619/891 902/1625/894
f 898/1617/890 902/1625/894 900/1623/892
f 902/1625/894 899/1619/891 901/1624/893
f 892/1620/884 900/1623/892 903/1626/895
f 903/1626/895 900/1623/892 902/1625/894
f 903/1626/895 902/1625/894 901/1624/893
f 903/1626/895 901/1624/893 889/1622/881
f 892/1620/884 903/1626/895 890/1627/882
f 890/1627/882 903/1626/895 889/1622/881
f 904/1628/896 127/1629/127 905/1630/897
f 905/1630/897 127/1629/127 128/1631/128
f 905/1630/897 128/1631/128 131/1632/131
f 904/1628/896 905/1630/897 906/1633/898
f 906/1633/898 905/1630/897 131/1632/131
f 904/1628/896 906/1633/898 907/1634/899
f 907/1634/899 906/1633/898 131/1632/131
f 904/1635/896 907/1636/899 132/1637/132
f 132/1637/132 907/1636/899 131/1638/131
f 904/1635/896 132/1637/132 127/1639/127
f 127/1639/127 132/1637/132 908/1640/451
f 908/1640/451 132/1637/132 129/1641/129
f 127/1639/127 908/1640/451 126/1642/126
f 908/1640/451 129/1641/129 130/1643/130
f 908/1640/451 130/1643/130 126/1642/126
f 126/1642/126 130/1643/130 125/1644/125
f 125/1644/125 130/1643/130 120/1645/120
f 120/1645/120 130/1643/130 123/1646/123
f 120/1645/120 123/1646/123 119/1647/119
f 125/1644/125 120/1645/120 122/1648/122
f 125/1644/125 122/1648/122 121/1649/121
f 745/1650/738 742/1651/736 909/1652/900
f 745/1650/738 909/1652/900 747/1653/740
f 910/1654/901 742/1651/736 744/1655/737
f 742/1651/736 910/1654/901 909/1652/900
f 909/1652/900 910/1654/901 911/1656/902
f 911/1656/902 910/1654/901 912/1657/903
f 747/1653/740 909/1652/900 913/1658/904
f 747/1653/740 913/1658/904 733/1659/728
f 911/1656/902 912/1657/903 914/1660/905
f 733/1659/728 913/1658/904 915/1661/906
f 913/1658/904 909/1652/900 916/1662/907
f 916/1662/907 909/1652/900 911/1656/902
f 913/1658/904 916/1662/907 915/1661/906
f 733/1659/728 915/1661/906 732/1663/727
f 911/1656/902 914/1660/905 917/1664/908
f 917/1664/908 914/1660/905 918/1665/909
f 917/1664/908 918/1665/909 911/1656/902
f 911/1656/902 918/1665/909 916/1662/907
f 918/1665/909 914/1660/905 919/1666/910
f 915/1661/906 916/1662/907 920/1667/911
f 920/1667/911 916/1662/907 918/1665/909
f 921/1668/912 732/1663/727 915/1661/906
f 921/1668/912 915/1661/906 920/1667/911
f 732/1663/727 921/1668/912 744/1669/737
f 744/1669/737 921/1668/912 910/1670/901
f 910/1670/901 921/1668/912 912/1671/903
f 912/1671/903 921/1668/912 922/1672/913
f 922/1672/913 921/1668/912 920/1667/911
f 912/1671/903 922/1672/913 919/1666/910
f 919/1666/910 922/1672/913 920/1667/911
f 923/1673/914 920/1667/911 918/1665/909
f 920/1667/911 923/1673/914 919/1666/910
f 919/1666/910 923/1673/914 918/1665/909
f 912/1674/903 919/1675/910 914/1676/905
f 924/1677/915 925/1678/916 926/1679/917
f 926/1680/917 925/1681/916 927/1682/918
f 927/1682/918 925/1681/916 928/1683/919
f 927/1682/918 928/1683/919 929/1684/920
f 925/1685/916 924/1686/915 930/1687/921
f 926/1688/917 927/1689/918 929/1690/920
f 926/1691/917 929/1692/920 924/1693/915
f 930/1694/921 924/1695/915 931/1696/922
f 931/1696/922 924/1695/915 929/1697/920
f 931/1696/922 929/1697/920 928/1698/919
f 931/1696/922 928/1698/919 930/1694/921
f 930/1694/921 928/1698/919 925/1699/916
f 932/1700/923 933/1701/924 934/1702/925
f 932/1700/923 934/1702/925 935/1703/926
f 933/1701/924 932/1700/923 936/1704/927
f 936/1704/927 932/1700/923 937/1705/928
f 936/1704/927 937/1705/928 938/1706/929
f 932/1700/923 935/1703/926 939/1707/930
f 932/1700/923 939/1707/930 937/1705/928
f 937/1705/928 939/1707/930 940/1708/931
f 937/1705/928 940/1708/931 938/1706/929
f 940/1708/931 939/1707/930 941/1709/932
f 941/1709/932 939/1707/930 942/1710/933
f 942/1710/933 939/1707/930 935/1703/926
f 936/1704/927 938/1706/929 943/1711/934
f 936/1704/927 943/1711/934 933/1701/924
f 943/1711/934 938/1706/929 944/1712/935
f 943/1711/934 944/1712/935 945/1713/936
f 933/1701/924 943/1711/934 946/1714/937
f 946/1714/937 943/1711/934 945/1713/936
f 933/1701/924 946/1714/937 947/1715/938
f 947/1715/938 946/1714/937 948/1716/939
f 946/1714/937 945/1713/936 949/1717/940
f 946/1714/937 949/1717/940 948/1716/939
f 949/1717/940 945/1713/936 950/1718/941
f 948/1716/939 949/1717/940 951/1719/942
f 952/1720/943 942/1710/933 935/1703/926
f 952/1720/943 935/1703/926 953/1721/944
f 952/1720/943 953/1721/944 954/1722/945
f 952/1720/943 954/1722/945 955/1723/946
f 952/1720/943 955/1723/946 942/1710/933
f 955/1723/946 954/1722/945 956/1724/947
f 942/1710/933 955/1723/946 957/1725/948
f 942/1710/933 957/1725/948 958/1726/949
f 958/1726/949 957/1725/948 959/1727/950
f 959/1727/950 957/1725/948 955/1723/946
f 955/1723/946 956/1724/947 960/1728/951
f 955/1723/946 960/1728/951 959/1727/950
f 960/1728/951 956/1724/947 961/1729/952
f 960/1728/951 961/1729/952 959/1727/950
f 938/1730/929 940/1731/931 934/1732/925
f 938/1730/929 934/1732/925 962/1733/953
f 962/1733/953 934/1732/925 933/1734/924
f 962/1733/953 933/1734/924 947/1735/938
f 938/1730/929 962/1733/953 944/1736/935
f 944/1736/935 962/1733/953 947/1735/938
f 944/1736/935 947/1735/938 948/1737/939
f 944/1736/935 948/1737/939 963/1738/954
f 963/1738/954 948/1737/939 964/1739/955
f 944/1736/935 963/1738/954 945/1740/936
f 945/1740/936 963/1738/954 965/1741/956
f 966/1742/957 934/1732/925 940/1731/931
f 934/1732/925 966/1742/957 935/1743/926
f 966/1742/957 940/1731/931 941/1744/932
f 935/1743/926 966/1742/957 953/1745/944
f 966/1742/957 941/1744/932 967/1746/958
f 966/1742/957 967/1746/958 953/1745/944
f 967/1746/958 941/1744/932 942/1747/933
f 953/1745/944 967/1746/958 954/1748/945
f 967/1746/958 942/1747/933 958/1749/949
f 967/1746/958 958/1749/949 954/1748/945
f 954/1748/945 958/1749/949 956/1750/947
f 956/1750/947 958/1749/949 968/1751/959
f 968/1751/959 958/1749/949 959/1752/950
f 956/1750/947 968/1751/959 961/1753/952
f 961/1753/952 968/1751/959 959/1752/950
f 949/1754/940 950/1755/941 951/1756/942
f 951/1756/942 950/1755/941 969/1757/960
f 951/1756/942 969/1757/960 970/1758/961
f 970/1758/961 969/1757/960 971/1759/962
f 945/1760/936 965/1761/956 950/1755/941
f 950/1755/941 965/1761/956 969/1757/960
f 969/1757/960 965/1761/956 972/1762/963
f 969/1757/960 972/1762/963 973/1763/964
f 971/1759/962 969/1757/960 974/1764/965
f 974/1764/965 969/1757/960 973/1763/964
f 971/1759/962 974/1764/965 975/1765/966
f 974/1764/965 973/1763/964 976/1766/967
f 975/1765/966 974/1764/965 977/1767/968
f 977/1767/968 974/1764/965 976/1766/967
f 975/1765/966 977/1767/968 978/1768/969
f 978/1768/969 977/1767/968 976/1766/967
f 975/1765/966 978/1768/969 979/1769/970
f 978/1768/969 976/1766/967 980/1770/971
f 979/1769/970 978/1768/969 981/1771/972
f 981/1771/972 978/1768/969 980/1770/971
f 979/1769/970 981/1771/972 982/1772/973
f 981/1771/972 980/1770/971 983/1773/974
f 948/1774/939 951/1775/942 964/1776/955
f 964/1776/955 951/1775/942 984/1777/975
f 984/1777/975 951/1775/942 970/1778/961
f 965/1779/956 963/1780/954 964/1776/955
f 965/1779/956 964/1776/955 984/1777/975
f 965/1779/956 984/1777/975 972/1781/963
f 972/1781/963 984/1777/975 973/1782/964
f 984/1777/975 970/1778/961 985/1783/976
f 984/1777/975 985/1783/976 973/1782/964
f 985/1783/976 970/1778/961 971/1784/962
f 973/1782/964 985/1783/976 986/1785/977
f 986/1785/977 985/1783/976 971/1784/962
f 973/1782/964 986/1785/977 976/1786/967
f 986/1785/977 971/1784/962 975/1787/966
f 976/1786/967 986/1785/977 980/1788/971
f 986/1785/977 975/1787/966 979/1789/970
f 980/1788/971 986/1785/977 987/1790/978
f 987/1790/978 986/1785/977 979/1789/970
f 980/1788/971 987/1790/978 988/1791/979
f 988/1791/979 987/1790/978 979/1789/970
f 988/1791/979 979/1789/970 982/1792/973
f 980/1788/971 988/1791/979 983/1793/974
f 988/1791/979 982/1792/973 989/1794/980
f 988/1791/979 989/1794/980 990/1795/981
f 983/1793/974 988/1791/979 991/1796/982
f 991/1796/982 988/1791/979 990/1795/981
f 990/1795/981 989/1794/980 992/1797/983
f 990/1795/981 992/1797/983 991/1796/982
f 992/1797/983 989/1794/980 993/1798/984
f 992/1797/983 993/1798/984 994/1799/985
f 994/1799/985 993/1798/984 995/1800/986
f 992/1797/983 994/1799/985 996/1801/987
f 995/1800/986 993/1798/984 997/1802/988
f 992/1797/983 996/1801/987 991/1796/982
f 996/1801/987 994/1799/985 995/1800/986
f 995/1800/986 997/1802/988 998/1803/989
f 995/1800/986 998/1803/989 999/1804/990
f 995/1800/986 999/1804/990 1000/1805/991
f 995/1800/986 1000/1805/991 996/1801/987
f 1000/1805/991 999/1804/990 1001/1806/992
f 996/1801/987 1000/1805/991 1002/1807/993
f 1002/1807/993 1000/1805/991 1001/1806/992
f 1002/1807/993 1001/1806/992 997/1808/988
f 997/1808/988 1001/1806/992 998/1809/989
f 1002/1807/993 997/1808/988 993/1810/984
f 996/1801/987 1002/1807/993 1003/1811/994
f 1003/1811/994 1002/1807/993 993/1810/984
f 996/1801/987 1003/1811/994 991/1796/982
f 1003/1811/994 993/1810/984 989/1812/980
f 991/1796/982 1003/1811/994 1004/1813/995
f 1004/1813/995 1003/1811/994 989/1812/980
f 991/1796/982 1004/1813/995 1005/1814/996
f 1005/1814/996 1004/1813/995 989/1812/980
f 991/1796/982 1005/1814/996 983/1793/974
f 1005/1814/996 989/1812/980 982/1815/973
f 983/1793/974 1005/1814/996 981/1816/972
f 981/1816/972 1005/1814/996 982/1815/973
f 998/1817/989 1001/1818/992 1006/1819/997
f 998/1817/989 1006/1819/997 1007/1820/998
f 1006/1819/997 1001/1818/992 999/1821/990
f 1007/1820/998 1006/1819/997 1008/1822/999
f 1007/1820/998 1008/1822/999 1009/1823/1000
f 1006/1819/997 999/1821/990 1010/1824/1001
f 1006/1819/997 1010/1824/1001 1008/1822/999
f 1010/1824/1001 999/1821/990 1007/1825/998
f 1007/1825/998 999/1821/990 998/1826/989
f 1010/1824/1001 1007/1825/998 1009/1827/1000
f 1010/1824/1001 1009/1827/1000 1011/1828/1002
f 1010/1824/1001 1011/1828/1002 1008/1822/999
f 1011/1828/1002 1009/1827/1000 1012/1829/1003
f 1011/1828/1002 1012/1829/1003 1013/1830/1004
f 1008/1822/999 1011/1828/1002 1014/1831/1005
f 1014/1831/1005 1011/1828/1002 1013/1830/1004
f 1008/1822/999 1014/1831/1005 1009/1823/1000
f 1009/1823/1000 1014/1831/1005 1015/1832/1006
f 1009/1823/1000 1015/1832/1006 1012/1833/1003
f 1014/1831/1005 1013/1830/1004 1016/1834/1007
f 1014/1831/1005 1016/1834/1007 1015/1832/1006
f 1016/1834/1007 1013/1830/1004 1017/1835/1008
f 1015/1832/1006 1016/1834/1007 1018/1836/1009
f 1016/1834/1007 1017/1835/1008 1019/1837/1010
f 1016/1834/1007 1019/1837/1010 1018/1836/1009
f 1019/1837/1010 1017/1835/1008 1020/1838/1011
f 1020/1838/1011 1017/1835/1008 1021/1839/1012
f 1018/1836/1009 1019/1837/1010 1022/1840/1013
f 1018/1836/1009 1022/1840/1013 1023/1841/1014
f 1020/1838/1011 1021/1839/1012 1024/1842/1015
f 1023/1841/1014 1022/1840/1013 1024/1842/1015
f 1019/1837/1010 1020/1838/1011 1025/1843/1016
f 1019/1837/1010 1025/1843/1016 1022/1840/1013
f 1020/1838/1011 1024/1842/1015 1026/1844/1017
f 1026/1844/1017 1024/1842/1015 1022/1840/1013
f 1025/1843/1016 1020/1838/1011 1027/1845/1018
f 1027/1845/1018 1020/1838/1011 1026/1844/1017
f 1022/1840/1013 1025/1843/1016 1028/1846/888
f 1022/1840/1013 1028/1846/888 1026/1844/1017
f 1028/1846/888 1025/1843/1016 1027/1845/1018
f 1028/1846/888 1027/1845/1018 1026/1844/1017
f 1013/1847/1004 1012/1848/1003 1029/1849/1019
f 1029/1849/1019 1012/1848/1003 1015/1850/1006
f 1013/1847/1004 1029/1849/1019 1030/1851/1020
f 1013/1847/1004 1030/1851/1020 1017/1852/1008
f 1029/1849/1019 1015/1850/1006 1031/1853/1021
f 1029/1849/1019 1031/1853/1021 1030/1851/1020
f 1017/1852/1008 1030/1851/1020 1021/1854/1012
f 1031/1853/1021 1015/1850/1006 1018/1855/1009
f 1031/1853/1021 1018/1855/1009 1023/1856/1014
f 1021/1854/1012 1030/1851/1020 1032/1857/1022
f 1031/1853/1021 1023/1856/1014 1033/1858/1023
f 1030/1851/1020 1031/1853/1021 1034/1859/1024
f 1030/1851/1020 1034/1859/1024 1032/1857/1022
f 1034/1859/1024 1031/1853/1021 1033/1858/1023
f 1021/1854/1012 1032/1857/1022 1035/1860/1025
f 1035/1860/1025 1032/1857/1022 1034/1859/1024
f 1035/1860/1025 1034/1859/1024 1033/1858/1023
f 1035/1860/1025 1033/1858/1023 1023/1856/1014
f 1021/1854/1012 1035/1860/1025 1024/1861/1015
f 1024/1861/1015 1035/1860/1025 1023/1856/1014
