mtllib steampunk+cauldron+3d+model.mtl
o tripo_node_44631c31-c225-444d-9cc6-237047802b1c
g tripo_node_44631c31-c225-444d-9cc6-237047802b1c
usemtl tripo_node_44631c31_c225_444d_9cc6_237047802b1c_material
v -0.262695253 0.000000030 0.317382842
vt 0.917724609 0.583740234
vn 0.823485196 -0.564675391 0.054898925
v -0.307617128 0.000000060 0.352539092
vt 0.895019531 0.581787109
vn -0.070784859 -0.582009971 0.810094953
v -0.395507753 0.000000000 0.256835997
vt 0.895019531 0.529785156
vn -0.812132120 -0.583473682 0.000000132
v -0.356445283 0.000000000 0.215820372
vt 0.917724609 0.528320312
vn 0.023557058 -0.565371394 -0.824499965
vt 0.000976562 0.928222656
vt 0.000976562 0.872802734
v -0.360351533 0.093750030 0.217773497
vt 0.034179688 0.872070312
vn -0.196698159 0.377660185 -0.904810905
v -0.264648378 0.093750030 0.319335967
vt 0.033935547 0.927734375
vn 0.889626026 0.370021462 0.267674923
vt 0.531005859 0.939208984
vt 0.532470703 0.972900391
vt 0.510009766 0.974121094
v -0.395507783 0.099609405 0.256835997
vt 0.510009766 0.938232422
vn -0.812132120 0.583473563 0.000000081
vt 0.959716797 0.465332031
vt 0.941162109 0.463867188
vt 0.942138672 0.426757812
v -0.307617128 0.099609405 0.352539092
vt 0.959716797 0.425781250
vn -0.062953025 0.582316339 0.810521245
vt 0.629394531 0.949218750
vt 0.629394531 0.906005859
vt 0.669189453 0.948974609
vt 0.669189453 0.905761719
vt 0.515380859 0.880371094
vt 0.536376953 0.882324219
v -0.321289033 0.101562530 0.215820372
vt 0.503417969 0.890136719
vn -0.455733329 0.880036652 -0.133576974
v -0.288085908 0.093750030 0.176757872
vt 0.483154297 0.887695312
vn -0.553312182 -0.822063863 -0.134375706
vt 0.536376953 0.934326172
v -0.258789003 0.101562530 0.280273467
vt 0.502441406 0.926025391
vn 0.094608553 0.867244780 0.488810658
vt 0.514892578 0.936035156
v -0.215820268 0.093750030 0.249023482
vt 0.481445312 0.928710938
vn 0.133787885 -0.818466365 0.558760762
vt 0.724853516 0.905517578
vt 0.725830078 0.849609375
vt 0.758056641 0.858154297
vt 0.758544922 0.898925781
v -0.194335893 0.093750030 0.225585982
vt 0.771240234 0.898193359
vn 0.448097140 -0.738967240 -0.503126621
v -0.188476518 0.093750030 0.254882842
vt 0.764648438 0.908203125
vn 0.149250612 -0.620567679 0.769818246
v -0.170898393 0.093750030 0.243164107
vt 0.773193359 0.909912109
vn 0.827978909 -0.559871376 0.031541970
v -0.260742158 0.093750015 0.159179732
vt 0.770751953 0.860595703
vn 0.487584770 -0.707784355 -0.511177599
v -0.293945283 0.093750015 0.155273497
vt 0.762451172 0.850341797
vn -0.780084014 -0.598852456 -0.181231499
v -0.280273408 0.093750015 0.139648482
vt 0.770751953 0.849609375
vn -0.031542137 -0.559871495 -0.827978909
vt 0.316894531 0.952636719
vt 0.288085938 0.958496094
v -0.290039033 0.189453155 0.192382857
vt 0.316894531 0.916503906
vn -0.708134770 -0.684530318 0.173099741
v -0.229492143 0.189453155 0.254882842
vt 0.289062500 0.922119141
vn -0.173120931 -0.700353265 0.692484260
vt 0.947021484 0.879638672
vt 0.958496094 0.844482422
v -0.284179658 0.187500030 0.176757857
vt 0.965087891 0.845214844
vn -0.959441006 0.110099718 -0.259520769
vt 0.967773438 0.879638672
vt 0.939941406 0.343017578
vt 0.939941406 0.377929688
v -0.231445268 0.191406280 0.268554717
vt 0.935546875 0.381347656
vn 0.055009224 -0.471506417 0.880145371
v -0.211914018 0.187500030 0.249023467
vt 0.946533203 0.381103516
vn 0.274909735 0.078545667 0.958256364
v -0.303710908 0.191406280 0.194335982
vt 0.935546875 0.339843750
vn -0.879385352 -0.463247657 -0.109923027
vt 0.946044922 0.340332031
vt 0.267333984 0.666748047
vt 0.268310547 0.704589844
vt 0.260498047 0.665039062
vt 0.250732422 0.701171875
vt 0.240234375 0.698242188
v -0.188476518 0.162109405 0.252929717
vt 0.248535156 0.672119141
vn 0.227880821 0.117869385 0.966528475
v -0.215820283 0.240234405 0.239257842
vt 0.268310547 0.645019531
vn 0.584127665 0.805148900 0.102616906
vt 0.233642578 0.695556641
v -0.170898393 0.162109405 0.243164092
vt 0.241699219 0.669677734
vn 0.969888031 0.212902293 0.118278891
vt 0.414794922 0.953125000
vt 0.414794922 0.913085938
v -0.299804658 0.228515655 0.204101607
vt 0.427246094 0.947509766
vn -0.865846515 0.488022566 0.110198736
vt 0.581298828 0.802001953
vt 0.578369141 0.787109375
vt 0.591552734 0.802001953
v -0.274414033 0.240234405 0.180664092
vt 0.591552734 0.781250000
vn -0.094511740 0.795472860 -0.598573744
vt 0.970214844 0.749267578
vt 0.970214844 0.782226562
v -0.239257768 0.228515655 0.264648467
vt 0.957763672 0.773925781
vn -0.102712974 0.497763336 0.861209571
vt 0.682373047 0.142333984
vt 0.680175781 0.156005859
vt 0.668945312 0.156494141
vt 0.668945312 0.137451172
vt 0.958984375 0.364501953
vt 0.972900391 0.364013672
vt 0.972900391 0.398437500
vt 0.958984375 0.397705078
vt 0.830078125 0.638916016
vt 0.843261719 0.608398438
vt 0.878906250 0.608398438
v -0.282226533 0.162109390 0.139648467
vt 0.854003906 0.663574219
vn -0.181029558 0.212512746 -0.960243046
vt 0.880859375 0.661621094
vt 0.876464844 0.671875000
vt 0.243164062 0.959716797
vt 0.243164062 0.924560547
vt 0.249755859 0.955810547
vt 0.368164062 0.285400391
vt 0.356689453 0.285400391
vt 0.365722656 0.261718750
vt 0.088867188 0.001464844
vt 0.105224609 0.021484375
vt 0.088867188 0.055175781
vt 0.301513672 0.604736328
vt 0.292724609 0.604492188
vt 0.293945312 0.566894531
v -0.290039033 0.162109390 0.155273482
vt 0.302490234 0.577392578
vn -0.976771712 0.126035005 -0.173298076
vt 0.292724609 0.545654297
vt 0.402099609 0.717041016
vt 0.411621094 0.751220703
vt 0.404541016 0.750244141
vt 0.410400391 0.775634766
vt 0.402099609 0.775634766
v -0.311523378 0.019531280 0.295898467
vt 0.057617188 0.407470703
vn -0.503546834 -0.684509099 0.527150810
v -0.311523378 0.087890655 0.295898467
vt 0.057617188 0.380126953
vn -0.526352942 0.667761266 0.526353061
v -0.383789033 0.085937530 0.209960997
vt 0.095947266 0.381103516
vn -0.644630969 0.660353661 0.385206401
v -0.383789033 0.019531250 0.209960997
vt 0.095947266 0.407470703
vn -0.628597558 -0.675742388 0.385016143
v -0.428710908 0.019531250 0.104492262
vt 0.140380859 0.407470703
vn -0.753109157 -0.651125669 0.094138779
v -0.428710908 0.083984390 0.104492255
vt 0.140380859 0.381835938
vn -0.771199584 0.629550576 0.094432682
v -0.379882842 0.085937500 -0.215820253
vt 0.264160156 0.380126953
vn -0.707500041 0.636749923 -0.306583256
v -0.379882842 0.019531250 -0.215820253
vt 0.264160156 0.406738281
vn -0.692377090 -0.653037488 -0.306848794
vt 0.941406250 0.286865234
vt 0.919677734 0.289306641
v -0.221679628 0.019531310 0.364257842
vt 0.919677734 0.244384766
vn -0.362835050 -0.678344011 0.638905466
v -0.221679628 0.091796905 0.364257842
vt 0.942626953 0.241943359
vn -0.378292978 0.677774966 0.630488396
vt 0.107666016 0.041992188
vt 0.144287109 0.015869141
v -0.311523467 0.019531280 -0.299804658
vt 0.345458984 0.061279297
vn -0.509385109 -0.681792259 -0.525058329
vt 0.313964844 0.031250000
vt 0.187988281 0.001464844
v -0.221679717 0.019531250 -0.368164033
vt 0.369628906 0.099365234
vn -0.361009330 -0.674930334 -0.643538177
vt 0.077392578 0.075439453
v -0.116210975 0.019531250 -0.409179658
vt 0.382568359 0.142822266
vn -0.156844705 -0.674432039 -0.721485436
v -0.116210870 0.019531310 0.407226592
vt 0.056884766 0.116210938
vn -0.173056662 -0.676494598 0.715825796
v 0.002929646 0.019531250 -0.416992188
vt 0.381835938 0.190673828
vn -0.000000065 -0.691222727 -0.722641766
v 0.002929755 0.019531310 0.416992188
vt 0.049072266 0.163330078
vn 0.000000125 -0.691222608 0.722641885
v 0.122070275 0.019531250 -0.409179717
vt 0.374755859 0.238037109
vn 0.156844586 -0.674432039 -0.721485436
v 0.122070380 0.019531310 0.407226533
vt 0.049072266 0.211181641
vn 0.173056886 -0.676494539 0.715825737
v 0.227539033 0.019531250 -0.368164092
vt 0.354980469 0.278564453
vn 0.361009181 -0.674930274 -0.643538237
v 0.225585997 0.019531310 0.364257783
vt 0.062988281 0.253906250
vn 0.362835288 -0.678343952 0.638905346
v 0.317382783 0.019531280 -0.299804717
vt 0.324707031 0.312255859
vn 0.509384990 -0.681792259 -0.525058448
v 0.317382872 0.019531280 0.295898408
vt 0.087158203 0.292724609
vn 0.501456022 -0.681666613 0.532796919
v 0.385742158 0.019531310 -0.215820342
vt 0.289062500 0.336669922
vn 0.692377090 -0.653037369 -0.306848973
v 0.389648467 0.019531310 0.209960908
vt 0.119140625 0.324462891
vn 0.628597677 -0.675742388 0.385015965
v 0.434570342 0.019531310 0.104492143
vt 0.159667969 0.345703125
vn 0.753109276 -0.651125550 0.094138585
vt 0.609130859 0.435058594
vt 0.612304688 0.391845703
vt 0.636230469 0.394287109
v -0.311523467 0.087890625 -0.299804658
vt 0.633789062 0.437500000
vn -0.534770489 0.660598695 -0.526906073
vt 0.610351562 0.478515625
v -0.221679732 0.091796875 -0.368164033
vt 0.636230469 0.481201172
vn -0.378410697 0.670102000 -0.638567746
vt 0.264404297 0.415283203
vt 0.278808594 0.371826172
v -0.297851533 0.089843765 0.071289107
vt 0.317626953 0.424316406
vn -0.031480499 0.999504447 -0.000000040
v -0.270507783 0.091796890 0.147460982
vt 0.326171875 0.393066406
vn -0.394631654 0.891867518 0.220993727
vt 0.304931641 0.335205078
vt 0.338378906 0.304931641
v 0.002929697 0.095703155 -0.002929678
vt 0.439941406 0.444091797
vn -0.000000044 1.000000000 -0.000000044
v -0.116210878 0.095703170 0.407226592
vt 0.379150391 0.284423828
vn -0.181689024 0.679359198 0.710957289
v -0.307617188 0.089843765 -0.002929637
vt 0.316162109 0.454345703
vt 0.294433594 0.541503906
v 0.002929752 0.095703170 0.416992188
vt 0.426269531 0.276611328
vn 0.000000065 0.691222727 0.722641766
v 0.122070372 0.095703170 0.407226533
vt 0.474121094 0.276611328
vn 0.181689128 0.679359138 0.710957229
v -0.297851562 0.089843765 -0.090820268
vt 0.322998047 0.489013672
vt 0.324218750 0.572753906
v -0.264648438 0.091796890 -0.163085893
vt 0.338623047 0.516601562
vn -0.407833785 0.886254072 -0.219602764
vt 0.362304688 0.597167969
v -0.116210982 0.095703140 -0.409179658
vt 0.405761719 0.610107422
vn -0.173056886 0.676494539 -0.715825737
v 0.002929643 0.095703140 -0.416992188
vt 0.453613281 0.609375000
vn -0.000000125 0.691222608 -0.722641885
v 0.122070268 0.095703140 -0.409179717
vt 0.500976562 0.602294922
vn 0.173056662 0.676494598 -0.715825796
v 0.227539018 0.091796905 -0.368164092
vt 0.541503906 0.582519531
vn 0.378410459 0.670102000 -0.638567865
v 0.225585997 0.091796935 0.364257783
vt 0.516845703 0.290283203
vn 0.378293067 0.677774966 0.630488276
v 0.270507812 0.091796920 -0.163085952
vt 0.552001953 0.499267578
vn 0.407833666 0.886254072 -0.219602883
v 0.317382783 0.087890655 -0.299804717
vt 0.575195312 0.552246094
vn 0.534770250 0.660598695 -0.526906192
v 0.301757812 0.089843795 -0.090820342
vt 0.562255859 0.469482422
vn 0.031480409 0.999504447 -0.000000048
v 0.385742158 0.085937530 -0.215820342
vt 0.599609375 0.516357422
vn 0.707499921 0.636749983 -0.306583434
v 0.276367217 0.091796920 0.147460923
vt 0.544189453 0.375244141
vn 0.401263952 0.889075100 0.220301688
v 0.317382872 0.087890685 0.295898408
vt 0.555664062 0.314697266
vn 0.526353061 0.667761266 0.526352942
v 0.313476562 0.089843795 -0.002929719
vt 0.563964844 0.433837891
v 0.434570342 0.083984420 0.104492135
vt 0.608642578 0.387207031
vn 0.771199524 0.629550636 0.094432458
v 0.303710967 0.089843795 0.071289033
vt 0.557617188 0.404541016
v 0.389648467 0.085937560 0.209960908
vt 0.587402344 0.346435547
vn 0.644630969 0.660353720 0.385206223
vt 0.506347656 0.226074219
vt 0.477539062 0.226074219
vt 0.507324219 0.182861328
vt 0.476806641 0.182861328
vt 0.507568359 0.135253906
vt 0.477050781 0.135009766
vt 0.507324219 0.087890625
vt 0.476806641 0.087646484
vt 0.506347656 0.046630859
vt 0.477539062 0.046630859
vt 0.273437500 0.346923828
vt 0.273437500 0.375732422
vt 0.231933594 0.377929688
vt 0.231933594 0.347656250
vt 0.184570312 0.378662109
vt 0.184570312 0.348388672
vt 0.136718750 0.378662109
vt 0.136718750 0.348144531
vt 0.094726562 0.376953125
vt 0.094482422 0.348144531
vt 0.056640625 0.374023438
vt 0.056640625 0.346923828
vt 0.265380859 0.600585938
vt 0.240234375 0.602050781
vt 0.266845703 0.555908203
vt 0.243164062 0.557617188
vt 0.263183594 0.512939453
vt 0.240234375 0.514404297
vt 0.028808594 0.361816406
vt 0.028808594 0.397949219
vt 0.001464844 0.361572266
vt 0.002441406 0.397949219
vt 0.028808594 0.441406250
vt 0.002929688 0.441162109
vt 0.001464844 0.567871094
vt 0.028076172 0.567871094
v 0.219726592 0.160156310 0.208007783
vt 0.534423828 0.944824219
vn 0.486937791 0.691137433 0.534060597
v 0.219726592 0.093750060 0.208007798
vt 0.555419922 0.945068359
vn 0.675013602 0.000000062 0.737805367
vt 0.556152344 0.978271484
v 0.276367217 0.160156295 0.147460908
vt 0.534423828 0.977783203
vn 0.640001416 0.663705111 0.387161225
vt 0.825683594 0.864257812
vt 0.852050781 0.863037109
v 0.157226607 0.095703170 0.256835908
vt 0.825683594 0.890136719
vn 0.502893686 0.000000060 0.864348292
v 0.157226607 0.160156295 0.256835908
vt 0.851074219 0.888916016
vn 0.371509671 0.679783523 0.632356703
v 0.083007857 0.095703170 0.288085938
vt 0.825927734 0.920410156
vn 0.386294246 0.000000057 0.922375679
v 0.083007857 0.160156295 0.288085938
vt 0.851318359 0.918945312
vn 0.189499959 0.868541420 0.457958132
vt 0.622802734 0.185302734
vt 0.622802734 0.157958984
v 0.303710967 0.095703170 0.071289033
vt 0.654052734 0.159423828
vn 0.969677031 0.000000053 0.244389996
v 0.303710967 0.160156295 0.071289033
vt 0.654052734 0.185302734
vn 0.708134830 0.684530318 0.173099503
v 0.315429688 0.160156295 -0.008789097
vt 0.686279297 0.185302734
vn 0.737805426 0.675013542 -0.000000126
v 0.315429688 0.095703170 -0.008789094
vt 0.686279297 0.159423828
vn 1.000000000 0.000000044 -0.000000131
v 0.303710938 0.160156295 -0.086914092
vt 0.717285156 0.185302734
vn 0.707718611 0.676264524 -0.204452157
v 0.303710938 0.095703170 -0.086914092
vt 0.717285156 0.159423828
vn 0.961226046 0.000000030 -0.275761694
v 0.270507812 0.160156295 -0.163085967
vt 0.746826172 0.185302734
vn 0.628966570 0.684001207 -0.369518012
vt 0.746826172 0.157958984
vt 0.587646484 0.762207031
vt 0.562255859 0.742919922
v 0.157226533 0.160156265 -0.272460967
vt 0.584960938 0.550537109
vn 0.354045361 0.684487879 -0.637281954
v 0.223632783 0.160156280 -0.225585967
vt 0.558593750 0.569580078
vn 0.512112677 0.677564561 -0.527870178
v 0.083007783 0.160156265 -0.303710938
vt 0.614501953 0.537597656
vn 0.180671513 0.675554693 -0.714831233
vt 0.539306641 0.718994141
vt 0.617431641 0.774414062
vt 0.540283203 0.594726562
v 0.002929654 0.160156265 -0.311523438
vt 0.646484375 0.533935547
vn -0.000000125 0.687087119 -0.726575077
vt 0.528076172 0.688720703
vt 0.527343750 0.625488281
vt 0.522949219 0.656738281
v -0.077148467 0.160156265 -0.303710938
vt 0.678710938 0.536865234
vn -0.180671737 0.675554693 -0.714831233
v -0.077148393 0.160156295 0.290039062
vt 0.681640625 0.774414062
vn -0.204654649 0.865846634 0.456537306
v -0.151367143 0.160156295 0.256835967
vt 0.711181641 0.760742188
v -0.151367217 0.160156265 -0.272460908
vt 0.708496094 0.548828125
vn -0.354045600 0.684487879 -0.637281835
v -0.213867158 0.160156280 0.208007842
vt 0.735839844 0.740966797
vn -0.486937732 0.691137433 0.534060717
v -0.217773467 0.160156250 -0.225585908
vt 0.735351562 0.567382812
vn -0.512112856 0.677564502 -0.527869999
v -0.270507783 0.160156265 0.147460967
vt 0.758300781 0.716308594
vn -0.640001297 0.663705051 0.387161344
v -0.264648438 0.160156265 -0.163085908
vt 0.754394531 0.592041016
vn -0.628966630 0.684001148 -0.369517803
v -0.297851533 0.160156265 0.071289107
vt 0.768798828 0.685791016
vn -0.708134830 0.684530199 0.173099682
v -0.297851562 0.160156265 -0.086914018
vt 0.768066406 0.622558594
vn -0.707718730 0.676264405 -0.204451978
v -0.309570312 0.160156265 -0.008789015
vt 0.773193359 0.653564453
vn -0.737805486 0.675013483 0.000000067
vt 0.622070312 0.803955078
vt 0.593261719 0.804687500
v 0.157226533 0.095703140 -0.272460967
vt 0.593261719 0.778808594
vn 0.487645000 -0.000000017 -0.873042107
v 0.083007783 0.095703140 -0.303710938
vt 0.622070312 0.778076172
vn 0.244389996 -0.000000032 -0.969677031
vt 0.653808594 0.803710938
v 0.002929656 0.095703140 -0.311523438
vt 0.653808594 0.777832031
vn -0.000000131 -0.000000044 -1.000000000
vt 0.686035156 0.803955078
v -0.077148467 0.095703140 -0.303710938
vt 0.686035156 0.778076172
vn -0.244390294 -0.000000053 -0.969677031
vt 0.716552734 0.804687500
v -0.151367217 0.095703140 -0.272460908
vt 0.716552734 0.778808594
vn -0.487645239 -0.000000059 -0.873041987
vt 0.861328125 0.073730469
vt 0.883544922 0.072753906
v 0.223632798 0.093750030 -0.225585952
vt 0.858154297 0.105712891
vn 0.699206769 -0.000000001 -0.714919508
vt 0.881103516 0.104492188
vt 0.859863281 0.136718750
vt 0.883544922 0.135742188
vt 0.815917969 0.499511719
vt 0.815917969 0.470214844
v -0.077148393 0.095703170 0.290039062
vt 0.841552734 0.500976562
vn -0.409055799 0.000000022 0.912509441
v -0.151367143 0.095703170 0.256835967
vt 0.841552734 0.471679688
vn -0.517953694 0.000000015 0.855408669
vt 0.680419922 0.944091797
vt 0.700683594 0.941650391
vt 0.700683594 0.973144531
v -0.213867158 0.093750030 0.208007857
vt 0.679687500 0.975585938
vn -0.675013363 0.000000003 0.737805486
vt 0.791259766 0.141113281
vt 0.817871094 0.141113281
vt 0.790283203 0.168457031
vt 0.817626953 0.168457031
v -0.297851533 0.095703140 0.071289107
vt 0.791748047 0.200439453
vn -0.969677031 -0.000000032 0.244390294
vt 0.817626953 0.200439453
vt 0.817626953 0.232666016
v -0.309570312 0.095703140 -0.008789012
vt 0.791748047 0.232666016
vn -1.000000000 -0.000000044 0.000000131
v -0.297851562 0.095703140 -0.086914018
vt 0.791992188 0.262939453
vn -0.961226165 -0.000000054 -0.275761455
vt 0.817871094 0.262939453
vt 0.563232422 0.087646484
vt 0.586669922 0.088134766
vt 0.567138672 0.118652344
v -0.217773452 0.093750000 -0.225585893
vt 0.591308594 0.119140625
vn -0.699207008 -0.000000062 -0.714919269
vt 0.566894531 0.149902344
vt 0.591552734 0.150390625
vt 0.586669922 0.182861328
vt 0.563232422 0.182373047
v -0.385742188 0.162109390 0.032226622
vt 0.111572266 0.864746094
vn -0.997498453 -0.000000047 -0.070688725
v -0.381835938 0.083984390 0.018554747
vt 0.116210938 0.895996094
vn -0.715648532 -0.692055821 -0.094371110
v -0.381835908 0.082031265 0.036132872
vt 0.109130859 0.896728516
vn -0.613488913 -0.660680413 0.432588518
v -0.385742188 0.162109390 0.049804747
vt 0.104492188 0.864501953
vn -0.698861778 0.031409524 0.714566767
v -0.383789062 0.199218765 0.040039118
vt 0.108642578 0.849853516
vn -0.677774906 0.378293008 0.630488396
v -0.366210938 0.107421890 -0.088867135
vt 0.157958984 0.887207031
vn -0.949435890 0.007846521 -0.313862950
v -0.366210938 0.083984390 -0.090820260
vt 0.158447266 0.896484375
vn -0.708573580 -0.692827582 -0.133841544
v -0.360351562 0.083984390 -0.116210885
vt 0.168212891 0.896728516
vn -0.157202855 -0.542349577 -0.825314581
v -0.360351562 0.103515640 -0.116210885
vt 0.168212891 0.888916016
vn -0.165905684 0.466115564 -0.869029105
v -0.366210938 0.128906265 -0.096679635
vt 0.161132812 0.878662109
vn -0.985076845 -0.047283739 -0.165492773
v -0.362304688 0.121093765 -0.114257760
vt 0.167724609 0.881835938
vn -0.505317450 -0.465839505 -0.726393700
v -0.366210938 0.158203140 -0.102539010
vt 0.163574219 0.866943359
vn -0.969556510 -0.015765199 -0.244359612
v -0.383789062 0.189453140 0.024414118
vt 0.114746094 0.853759766
vn -0.995713115 0.031609893 -0.086927213
v -0.368164062 0.187500015 -0.096679635
vt 0.161621094 0.855224609
vn -0.966319621 0.054993741 -0.251400083
v -0.370117188 0.210937515 -0.077148378
vt 0.154052734 0.845703125
vn -0.976256967 0.070857301 -0.204698890
v -0.381835938 0.212890640 0.004882867
vt 0.122314453 0.844482422
vn -0.994224131 0.031562623 -0.102578551
v -0.381835938 0.226562515 0.014648492
vt 0.118652344 0.838867188
vn -0.706910491 0.612655699 0.353455305
v -0.375976562 0.242187515 -0.018554635
vt 0.131591797 0.832763672
vn -0.622491241 0.780084014 0.063037135
v -0.377929688 0.224609390 -0.022460883
vt 0.133056641 0.839843750
vn -0.989919007 0.078564942 -0.117847376
v -0.372070312 0.240234390 -0.055664010
vt 0.145996094 0.833740234
vn -0.599784136 0.741838157 -0.299891979
v -0.374023438 0.224609390 -0.051757760
vt 0.144531250 0.840087891
vn -0.987872362 0.039514840 -0.150156468
v -0.366210938 0.222656250 -0.086914010
vt 0.157958984 0.841064453
vn -0.545305550 0.592723370 -0.592723310
v -0.362304688 0.193359375 -0.110351510
vt 0.166748047 0.852783203
vn -0.466057599 0.347568244 -0.813625753
vt 0.057617188 0.486083984
vt 0.056640625 0.479248047
v -0.356445312 0.083984390 0.022460993
vt 0.066894531 0.479492188
vn 0.722285509 -0.690881670 0.031403650
v -0.358398408 0.080078140 0.040039122
vt 0.067138672 0.486572266
vn 0.480911732 -0.693774223 0.536098182
vt 0.056884766 0.435058594
v -0.340820312 0.083984390 -0.088867135
vt 0.067138672 0.434326172
vn 0.757009387 -0.622955561 -0.197137937
vt 0.057861328 0.424560547
vt 0.854736328 0.724853516
vt 0.845458984 0.725830078
v -0.360351562 0.162109390 0.051757868
vt 0.847167969 0.693603516
vn 0.574233949 0.031464931 0.818086445
vt 0.857177734 0.693603516
v -0.358398438 0.197265640 0.041992240
vt 0.846435547 0.679199219
vn 0.607335687 0.323386580 0.725647748
vt 0.856689453 0.678466797
v -0.356445312 0.226562515 0.018554738
vt 0.845458984 0.666503906
vn 0.584127724 0.615702093 0.528872252
vt 0.855712891 0.666503906
vt 0.217285156 0.896728516
vt 0.184326172 0.892822266
vt 0.185546875 0.885742188
v -0.340820312 0.109375015 -0.086914010
vt 0.194580078 0.841308594
vn 0.978046954 -0.102537133 -0.181412071
vt 0.184326172 0.840820312
vt 0.231201172 0.892333984
v -0.336914062 0.121093765 -0.112304635
vt 0.198730469 0.831054688
vn 0.688354850 -0.458903253 -0.561760962
v -0.336914062 0.158203140 -0.116210885
vt 0.213623047 0.829101562
vn 0.747267365 0.070793755 -0.660741866
v -0.338867188 0.193359375 -0.106445260
vt 0.227783203 0.832519531
vn 0.757032752 0.323316097 -0.567774713
v -0.342773438 0.222656265 -0.084960885
vt 0.239746094 0.840820312
vn 0.700396597 0.590221941 -0.401351005
vt 0.242675781 0.882568359
v -0.352539062 0.242187515 -0.014648387
vt 0.248535156 0.868896484
vn 0.622471988 0.748542249 0.228502274
v -0.346679688 0.240234390 -0.051757764
vt 0.247314453 0.854003906
vn 0.715648532 0.692055881 -0.094371378
vt 0.339111328 0.584716797
vt 0.339111328 0.598144531
vt 0.330078125 0.583740234
vt 0.332519531 0.597900391
vt 0.353515625 0.283447266
vt 0.354980469 0.294433594
vt 0.344726562 0.294433594
vt 0.168701172 0.461425781
vt 0.168701172 0.451171875
vt 0.178710938 0.460693359
vt 0.178710938 0.450439453
vt 0.671142578 0.957031250
vt 0.671875000 0.942382812
v -0.360351562 0.158203140 -0.118164010
vt 0.677734375 0.945312500
vn -0.486907780 0.054973386 -0.871721745
vt 0.673828125 0.931396484
vt 0.679687500 0.931884766
vt 0.671142578 0.919433594
vt 0.970458984 0.304931641
vt 0.971435547 0.290283203
vt 0.980712891 0.304931641
vt 0.980712891 0.290283203
vt 0.979736328 0.275878906
vt 0.970458984 0.276123047
vt 0.600830078 0.521728516
vt 0.600830078 0.536376953
vt 0.593017578 0.536376953
vt 0.105224609 0.001464844
vt 0.105224609 0.015869141
vt 0.097167969 0.006347656
vt 0.943359375 0.112548828
vt 0.944091797 0.125244141
vt 0.933837891 0.112060547
vt 0.933593750 0.125244141
vt 0.934082031 0.140380859
vt 0.943603516 0.140136719
vt 0.944091797 0.153564453
vt 0.933593750 0.153808594
v -0.303710908 0.183593765 0.131835982
vt 0.975585938 0.628662109
vn -0.479572088 -0.338059098 0.809769511
v -0.276367158 0.179687515 0.137695342
vt 0.966552734 0.635009766
vn -0.243581444 -0.440018296 0.864321768
v -0.299804658 0.228515655 0.135742232
vt 0.966552734 0.613281250
vn -0.377065271 0.204243779 0.903385937
v -0.313476533 0.226562530 0.129882857
vt 0.971679688 0.611572266
vn -0.596725702 0.227697998 0.769462228
v -0.311523408 0.242187530 0.114257850
vt 0.967773438 0.605712891
vn -0.291972846 0.797006965 0.528707623
v -0.327148408 0.238281280 0.112304732
vt 0.973876953 0.604248047
vn -0.706997633 0.463476211 0.534176111
vt 0.521728516 0.228759766
vt 0.522460938 0.217529297
v -0.282226533 0.164062515 0.120117232
vt 0.531250000 0.226318359
vn -0.236837924 -0.852616847 0.465781480
v -0.313476533 0.169921890 0.114257865
vt 0.531250000 0.213378906
vn -0.600345135 -0.671438694 0.434460461
vt 0.513183594 0.850585938
vt 0.520751953 0.856201172
vt 0.519287109 0.873291016
vt 0.511474609 0.877929688
v -0.327148408 0.169921890 0.081054740
vt 0.499267578 0.850585938
vn -0.723177493 -0.676013827 0.141491368
v -0.340820312 0.246093765 0.081054732
vt 0.498291016 0.880859375
vn -0.794291317 0.566227376 0.220199645
v -0.327148438 0.169921890 0.043945365
vt 0.484375000 0.850341797
vn -0.907398403 -0.268274367 0.323507398
v -0.342773438 0.246093765 -0.002929640
vt 0.464843750 0.880859375
vn -0.848816395 0.526580453 -0.047156379
v -0.333007812 0.214843765 -0.055664014
vt 0.444580078 0.868408203
vn -0.977226615 -0.078808650 -0.197021350
v -0.329101562 0.246093750 -0.086914018
vt 0.432373047 0.880859375
vn -0.801066399 0.565458536 -0.196339726
v -0.342773408 0.082031265 0.041992243
vt 0.482910156 0.815185547
vn -0.804747760 0.047338102 0.591726482
v -0.327148438 0.082031265 -0.090820260
vt 0.431152344 0.815185547
vn -0.674930394 0.015695993 -0.737714469
vt 0.739013672 0.976806641
vt 0.726806641 0.973144531
vt 0.722900391 0.959228516
v -0.290039033 0.164062515 0.083007857
vt 0.737548828 0.961669922
vn -0.157970756 -0.987317502 0.015797144
v -0.290039062 0.164062515 0.051757857
vt 0.739013672 0.949218750
vn -0.244306535 -0.693515658 0.677753985
vt 0.724365234 0.944580078
vt 0.486572266 0.272460938
vt 0.486328125 0.278808594
v -0.323242188 0.248046890 0.083007857
vt 0.474609375 0.272216797
vn -0.150119096 0.971823514 0.181723058
vt 0.474853516 0.265136719
v -0.327148438 0.250000000 -0.000976517
vt 0.441650391 0.265380859
vn -0.227662936 0.973455131 -0.023551347
vt 0.441894531 0.259033203
v -0.307617188 0.250000000 -0.084960900
vt 0.407226562 0.268066406
vn -0.157813385 0.986333430 -0.047344029
vt 0.407714844 0.259277344
v -0.317382812 0.246093750 -0.133789018
vt 0.388427734 0.260986328
vn -0.678027749 0.599187315 -0.425738305
v -0.284179688 0.248046875 -0.133789018
vt 0.386474609 0.274169922
vn -0.055009186 0.880145371 -0.471506476
v -0.309570342 0.234375000 -0.147460893
vt 0.382568359 0.263427734
vn -0.796734214 0.354980528 -0.489084274
v -0.276367217 0.238281250 -0.145507783
vt 0.381347656 0.276611328
vn -0.086902961 0.995433331 -0.039501354
v -0.303710967 0.242187500 -0.163085893
vt 0.375976562 0.264648438
v -0.268554717 0.244140625 -0.161132783
vt 0.374755859 0.278808594
vn -0.007885641 0.662383080 -0.749123812
vt 0.952636719 0.293457031
vt 0.967773438 0.293212891
vt 0.967773438 0.328613281
v -0.290039033 0.082031265 0.051757861
vt 0.947021484 0.325439453
vn -0.180962056 0.000000035 0.983490169
vt 0.733154297 0.075927734
vt 0.746826172 0.065185547
v -0.311523438 0.169921890 -0.090820268
vt 0.746826172 0.093261719
vn -0.727642357 -0.245183870 -0.640641451
vt 0.071044922 0.434082031
vt 0.082763672 0.454345703
vt 0.071044922 0.486572266
vt 0.630615234 0.983154297
vt 0.630615234 0.952880859
vt 0.648437500 0.953125000
v -0.299804688 0.169921890 -0.143554643
vt 0.650878906 0.983398438
vn -0.614325643 -0.700961351 -0.362294495
vt 0.881347656 0.971679688
vt 0.887695312 0.936523438
v -0.272460938 0.164062515 -0.092773393
vt 0.903320312 0.938720703
vn -0.551934540 -0.536164939 -0.638666987
v -0.272460938 0.082031265 -0.092773393
vt 0.903320312 0.971679688
vn -0.628520072 -0.000000061 -0.777793467
vt 0.180419922 0.980712891
vt 0.180419922 0.947998047
v -0.258789062 0.164062515 -0.147460908
vt 0.201171875 0.947753906
vn -0.560307145 -0.710248530 -0.426149040
v -0.258789062 0.082031265 -0.147460893
vt 0.201171875 0.980712891
vn -0.969677031 -0.000000053 -0.244389996
vt 0.982910156 0.742675781
vt 0.967773438 0.746826172
vt 0.967773438 0.725097656
vt 0.983398438 0.719970703
vt 0.467529297 0.144531250
vt 0.474609375 0.133056641
v -0.254882842 0.177734390 -0.165039033
vt 0.474609375 0.149902344
vn -0.094714642 -0.457787007 -0.884002447
vt 0.760742188 0.715087891
vt 0.765869141 0.720214844
vt 0.760742188 0.742919922
v -0.290039092 0.183593765 -0.165039018
vt 0.770996094 0.740478516
vn -0.401115060 -0.361790061 -0.841554940
vt 0.773193359 0.718750000
vt 0.958984375 0.602050781
vt 0.958984375 0.582275391
vt 0.965087891 0.589355469
vt 0.754638672 0.979492188
vt 0.741455078 0.974365234
vt 0.754638672 0.952392578
vt 0.740722656 0.950195312
v -0.252929658 0.158203140 0.157226592
vt 0.102539062 0.673339844
vn -0.764324665 -0.346704006 0.543695033
v -0.282226533 0.250000030 0.172851592
vt 0.107177734 0.709960938
vn -0.794635355 -0.196691945 0.574340582
v -0.329101562 0.250000000 0.084960982
vt 0.069580078 0.709960938
vn -0.930635273 -0.220828757 0.291809499
v -0.286132783 0.154296890 0.084960982
vt 0.072021484 0.671875000
vn -0.877038896 -0.387161374 0.284445196
v -0.340820312 0.250000000 -0.000976515
vt 0.034912109 0.710205078
vn -0.973245323 -0.227613866 -0.031394873
v -0.299804688 0.154296890 -0.000976516
vt 0.037109375 0.672119141
vn -0.919097006 -0.392776549 -0.031421985
v -0.344726562 0.330078125 -0.000976518
vt 0.034667969 0.742187500
vn -0.994998753 0.094761744 -0.031587135
v -0.323242188 0.250000000 -0.086914018
vt 0.001953125 0.710449219
vn -0.924446404 -0.213333830 -0.316049904
v -0.327148438 0.330078125 -0.086914018
vt 0.001708984 0.742431641
vn -0.939428210 0.086837851 -0.331562757
v -0.303710967 0.433593750 -0.084960908
vt 0.004150391 0.783935547
vn -0.891284764 0.347048879 -0.291836500
v -0.317382812 0.431640625 -0.000976526
vt 0.036621094 0.782958984
vn -0.928903520 0.369986981 -0.015744023
v -0.333007812 0.330078155 0.084960982
vt 0.069335938 0.741943359
vn -0.949816048 0.094196603 0.298289478
v -0.307617188 0.431640625 0.083007842
vt 0.070312500 0.782714844
vn -0.892813563 0.355545193 0.276535243
v -0.262695312 0.531250000 -0.000976537
vt 0.040039062 0.822998047
vn -0.867649317 -0.496926457 -0.015775306
v -0.254882812 0.531250000 0.075195335
vt 0.070556641 0.822998047
vn -0.810395777 -0.542886615 0.220301926
v -0.284179658 0.328125030 0.178710982
vt 0.109375000 0.741210938
vn -0.810094893 0.070784979 0.582010150
v -0.260742158 0.431640655 0.172851592
vt 0.108642578 0.782714844
vn -0.772252202 0.315205008 0.551608860
v -0.217773423 0.529296875 0.155273452
vt 0.104492188 0.822021484
vn -0.694033027 -0.528411567 0.488977969
v -0.200195283 0.328125030 0.264648467
vt 0.148681641 0.741455078
vn -0.600795150 0.039526012 0.798425317
v -0.202148408 0.250000030 0.254882842
vt 0.144531250 0.710205078
vn -0.576072395 -0.213067919 0.789140463
v -0.182617158 0.431640655 0.256835967
vt 0.146728516 0.782958984
vn -0.588185489 0.274486572 0.760720015
v -0.151367173 0.531250060 0.227539062
vt 0.137207031 0.822998047
vn -0.503313184 -0.566227436 0.652734518
vt 0.005615234 0.570312500
vt 0.041992188 0.574218750
vt 0.001220703 0.614501953
v -0.192382783 0.162109405 0.221679717
vt 0.036865234 0.608154297
vn -0.566648066 -0.346285015 0.747660875
v -0.104492143 0.250000030 0.303710938
vt 0.005615234 0.657958984
vn -0.252163887 -0.267924219 0.929854810
v -0.100585893 0.160156295 0.266601562
vt 0.041992188 0.648925781
vn -0.290546924 -0.376925856 0.879493833
v -0.000976519 0.250000060 0.307617188
vt 0.020019531 0.694091797
vn -0.015755711 -0.275727302 0.961106777
vt 0.854736328 0.880859375
vt 0.878173828 0.900634766
vt 0.854736328 0.930908203
vt 0.473388672 0.187744141
vt 0.434814453 0.198486328
v -0.280273438 0.154296890 -0.086914018
vt 0.464843750 0.154541016
vn -0.877038836 -0.387161314 -0.284444869
vt 0.426025391 0.165771484
v -0.250976562 0.154296890 -0.155273408
vt 0.460937500 0.125244141
vn -0.780399084 -0.346844077 -0.520265877
v -0.278320342 0.250000000 -0.174804658
vt 0.422119141 0.126464844
vn -0.803448617 -0.181169853 -0.567140043
v -0.188476592 0.156250000 -0.225585908
vt 0.462402344 0.088134766
vn -0.596891463 -0.314153403 -0.738260329
v -0.198242217 0.251953125 -0.256835908
vt 0.425537109 0.081542969
vn -0.597075641 -0.196406469 -0.777769327
v -0.098632842 0.154296890 -0.276367188
vt 0.473388672 0.051757812
vn -0.307201028 -0.315077901 -0.897971928
vt 0.735107422 0.413330078
vt 0.735351562 0.441894531
v -0.278320342 0.332031250 -0.180664033
vt 0.693359375 0.439208984
vn -0.813321412 0.078963175 -0.576431513
vt 0.696044922 0.409912109
vt 0.650634766 0.412597656
v -0.196289092 0.335937500 -0.268554658
vt 0.645751953 0.442138672
vn -0.605605125 0.047189940 -0.794364929
vt 0.729492188 0.482666016
v -0.256835967 0.433593750 -0.174804658
vt 0.689453125 0.479492188
vn -0.778731406 0.314638883 -0.542752028
v -0.178710982 0.439453125 -0.256835908
vt 0.644531250 0.483154297
vn -0.600345314 0.276474684 -0.750431418
vt 0.760009766 0.489013672
vt 0.746093750 0.532470703
v -0.250976592 0.531250000 -0.079101540
vt 0.718261719 0.525634766
vn -0.818694711 -0.503812194 -0.275522113
v -0.213867217 0.533203125 -0.157226548
vt 0.684082031 0.522949219
vn -0.691137433 -0.534060717 -0.486937582
v -0.149414107 0.537109375 -0.231445312
vt 0.645019531 0.525146484
vn -0.504672945 -0.544100463 -0.670268595
v -0.086914107 0.441406250 -0.309570312
vt 0.605712891 0.490478516
vn -0.307267785 0.236359701 -0.921802938
v -0.067382857 0.541015625 -0.278320312
vt 0.610351562 0.532470703
vn -0.236550778 -0.567721725 -0.788502276
vt 0.270263672 0.639892578
vt 0.309570312 0.599609375
v -0.102539100 0.253906250 -0.309570312
vt 0.309082031 0.639160156
vn -0.299510002 -0.212809697 -0.930056870
v 0.002929657 0.156250015 -0.290039062
vt 0.270751953 0.680664062
vn -0.031527463 -0.323155403 -0.945820630
v -0.098632857 0.337890625 -0.321289062
vt 0.342529297 0.641113281
vn -0.299584448 0.015767543 -0.953939557
vt 0.342773438 0.600830078
vt 0.384521484 0.607421875
vt 0.384033203 0.645507812
v 0.002929648 0.255859375 -0.323242188
vt 0.309814453 0.681640625
vn -0.031555910 -0.205112681 -0.978229523
v -0.000976607 0.339843750 -0.331054688
vt 0.343017578 0.680419922
vn -0.039338518 0.007867632 -0.999195039
v 0.100585900 0.253906280 -0.317382812
vt 0.309082031 0.720458984
vn 0.260611057 -0.221124664 -0.939779758
v 0.092773408 0.154296890 -0.282226562
vt 0.270263672 0.716308594
vn 0.268057346 -0.346897900 -0.898780882
v 0.098632768 0.339843780 -0.329101562
vt 0.343261719 0.719970703
vn 0.244359612 0.015765114 -0.969556510
v 0.088867143 0.443359375 -0.315429688
vt 0.384765625 0.715820312
vn 0.260586649 0.252690166 -0.931795180
v 0.000976515 0.443359375 -0.319335938
vt 0.384765625 0.680908203
vn -0.031450413 0.220151886 -0.974958539
vt 0.424560547 0.652587891
v 0.073242143 0.541015625 -0.282226562
vt 0.424560547 0.708984375
vn 0.212697268 -0.567192972 -0.795645595
v 0.002929640 0.541015625 -0.286132812
vt 0.424560547 0.680908203
vn -0.023556503 -0.541797578 -0.840178847
vt 0.202148438 0.581298828
vt 0.210693359 0.620849609
v 0.202148408 0.253906280 -0.264648467
vt 0.166503906 0.628906250
vn 0.590075731 -0.212427288 -0.778900087
vt 0.215576172 0.650634766
v 0.200195283 0.335937530 -0.276367217
vt 0.171386719 0.657470703
vn 0.605811059 0.039338380 -0.794635475
v 0.284179658 0.332031280 -0.186523482
vt 0.122314453 0.655273438
vn 0.820552588 0.063119456 -0.568075061
v 0.186523408 0.156250030 -0.231445342
vt 0.160888672 0.588867188
vn 0.580539465 -0.345185637 -0.737442136
v 0.282226533 0.250000030 -0.178710967
vt 0.119628906 0.626708984
vn 0.802031577 -0.212302506 -0.558277011
v 0.252929688 0.154296920 -0.159179717
vt 0.121826172 0.587402344
vn 0.771916747 -0.354451597 -0.527739167
v 0.327148438 0.250000030 -0.088867232
vt 0.082031250 0.619628906
vn 0.925139666 -0.221400946 -0.308380038
v 0.284179688 0.154296920 -0.088867217
vt 0.093505859 0.581298828
vn 0.872367680 -0.392958373 -0.290789306
vt 0.093505859 0.487060547
vt 0.074218750 0.515869141
v -0.286132842 0.535156250 -0.090820283
vt 0.060791016 0.509033203
vn -0.762834251 -0.613413155 -0.204470903
v -0.256835967 0.537109375 -0.172851548
vt 0.077392578 0.478271484
vn -0.677775025 -0.630488396 -0.378292948
v -0.299804688 0.535156250 -0.000976533
vt 0.050048828 0.543701172
vn -0.801783681 -0.597407520 -0.015721116
vt 0.123535156 0.461669922
vt 0.064697266 0.545898438
v -0.211914107 0.541015625 -0.229492173
vt 0.098632812 0.458496094
vn -0.544083595 -0.638706803 -0.544083476
vt 0.063232422 0.576660156
v -0.153320357 0.544921875 -0.282226533
vt 0.125000000 0.441162109
vn -0.408752561 -0.613128781 -0.676013708
v -0.290039062 0.533203125 0.088867217
vt 0.048583984 0.579833984
vn -0.763661087 -0.621950924 0.173201635
vt 0.158691406 0.447998047
vt 0.073242188 0.610595703
v -0.081054740 0.546875000 -0.313476562
vt 0.155517578 0.433349609
vn -0.221221268 -0.632060647 -0.742671192
v -0.258789062 0.533203125 0.170898452
vt 0.055908203 0.614257812
vn -0.684001088 -0.628966630 0.369517982
vt 0.187011719 0.449218750
vt 0.094970703 0.643066406
v 0.002929635 0.546875000 -0.327148438
vt 0.189453125 0.432861328
vn -0.015711134 -0.628442466 -0.777697504
v -0.215820298 0.533203125 0.227539077
vt 0.069580078 0.639160156
vn -0.536348224 -0.670435429 0.512686014
v 0.084960885 0.546875000 -0.317382812
vt 0.221435547 0.441650391
vn 0.197137758 -0.622955620 -0.757009268
v -0.155273408 0.535156310 0.278320342
vt 0.090576172 0.662841797
vn -0.402549237 -0.655129373 0.639343143
vt 0.214599609 0.454833984
v -0.069335908 0.531250060 0.276367188
vt 0.124511719 0.667236328
vn -0.236220345 -0.590551138 0.771653593
v 0.157226518 0.544921875 -0.286132842
vt 0.248046875 0.458496094
vn 0.402474105 -0.631331980 -0.662898660
v -0.083007783 0.535156310 0.311523438
vt 0.116943359 0.680419922
vn -0.220417693 -0.653381288 0.724229932
v 0.155273393 0.539062500 -0.235351592
vt 0.244384766 0.478271484
vn 0.505144179 -0.552501500 -0.663001895
v 0.002929715 0.531250060 0.282226562
vt 0.152832031 0.674072266
vn -0.007889060 -0.560132682 0.828365386
v 0.217773393 0.542968750 -0.235351607
vt 0.269042969 0.482177734
vn 0.552690864 -0.623751223 -0.552690983
v 0.002929721 0.535156310 0.325195312
vt 0.150146484 0.690917969
vn -0.007872668 -0.645569205 0.763661265
v 0.262695283 0.539062500 -0.176757857
vt 0.283203125 0.508056641
vn 0.682400227 -0.611807048 -0.400027812
v 0.088867217 0.535156310 0.313476562
vt 0.185058594 0.691650391
vn 0.212908983 -0.654497564 0.725467265
v 0.221679658 0.533203185 -0.161132857
vt 0.266113281 0.511718750
vn 0.694292247 -0.504939735 -0.512829602
v 0.075195342 0.531250060 0.278320312
vt 0.181640625 0.676757812
vn 0.212427422 -0.590075791 0.778900027
v 0.293945283 0.535156310 -0.092773482
vt 0.290527344 0.543212891
vn 0.762834251 -0.613413036 -0.204471096
v 0.161132842 0.535156310 0.280273408
vt 0.215576172 0.682861328
vn 0.402549475 -0.655129373 0.639343023
v 0.258789033 0.531250060 -0.081054732
vt 0.275878906 0.545654297
vn 0.817202032 -0.518608928 -0.251446873
v 0.159179702 0.531250060 0.231445283
vt 0.217773438 0.663330078
vn 0.506186068 -0.577368379 0.640641510
v 0.307617188 0.535156310 -0.002929737
vt 0.290527344 0.579589844
vn 0.801659942 -0.597315192 -0.023578314
v 0.221679702 0.533203185 0.231445268
vt 0.242431641 0.666992188
vn 0.545390725 -0.656049609 0.521677971
v 0.268554688 0.531250060 -0.002929732
vt 0.275146484 0.577148438
vn 0.863921702 -0.502645314 -0.031415425
v 0.266601562 0.533203185 0.170898393
vt 0.263916016 0.645751953
vn 0.678344071 -0.638905406 0.362835109
v 0.262695312 0.529296935 0.075195268
vt 0.268066406 0.607666016
vn 0.819915056 -0.528214395 0.220746279
v 0.223632827 0.529296935 0.155273393
vt 0.247802734 0.636962891
vn 0.700744033 -0.527526259 0.480285138
v 0.297851562 0.533203185 0.086914018
vt 0.281250000 0.614501953
vn 0.770627141 -0.613356173 0.172997832
vt 0.059082031 0.953125000
vt 0.041748047 0.924316406
v -0.280273467 0.589843750 -0.090820290
vt 0.059082031 0.913085938
vn -0.675242364 0.722352266 -0.149181396
vt 0.560058594 0.190185547
vt 0.538085938 0.190673828
vt 0.538085938 0.156005859
v -0.293945312 0.587890625 -0.000976536
vt 0.559082031 0.155517578
vn -0.699185371 0.714897275 -0.007855954
v -0.284179688 0.587890625 0.088867210
vt 0.559082031 0.119384766
vn -0.678259611 0.717693329 0.157734856
vt 0.537109375 0.119873047
vt 0.537353516 0.085449219
v -0.256835938 0.587890625 0.170898452
vt 0.559082031 0.085205078
vn -0.651667297 0.683072925 0.329759419
v -0.213867173 0.589843750 0.229492202
vt 0.560058594 0.059570312
vn -0.528411508 0.694033146 0.488977939
vt 0.537353516 0.060546875
vt 0.277343750 0.830810547
vt 0.276367188 0.859863281
v -0.254882842 0.591796875 -0.174804673
vt 0.256591797 0.856689453
vn -0.667534769 0.667534709 -0.329840630
v -0.209960982 0.595703125 -0.231445298
vt 0.257812500 0.827636719
vn -0.535167754 0.700440049 -0.472206742
vt 0.276611328 0.799804688
v -0.151367232 0.599609375 -0.282226533
vt 0.256591797 0.797119141
vn -0.400978655 0.707609236 -0.581812024
vt 0.976806641 0.241943359
vt 0.955078125 0.240478516
vt 0.976806641 0.210205078
vt 0.309570312 0.028564453
vt 0.310546875 0.006835938
vt 0.339355469 0.028564453
v -0.081054740 0.601562500 -0.315429688
vt 0.339355469 0.006835938
vn -0.219501644 0.689861894 -0.689862013
vt 0.373291016 0.028808594
v 0.002929632 0.601562500 -0.327148438
vt 0.373291016 0.007080078
vn -0.007856139 0.699185252 -0.714897394
v 0.086914010 0.601562500 -0.317382812
vt 0.406494141 0.006835938
vn 0.196935788 0.701091766 -0.685336947
vt 0.405761719 0.028564453
v 0.157226518 0.599609375 -0.286132842
vt 0.433837891 0.006835938
vn 0.401674300 0.693085313 -0.598573804
vt 0.433837891 0.028808594
vt 0.408935547 0.218994141
vt 0.393554688 0.194335938
v -0.165039092 0.593750000 -0.170898438
vt 0.429443359 0.197021484
vn 0.472206861 0.700440168 0.535167575
v -0.208007842 0.591796875 -0.129882798
vt 0.414306641 0.178710938
vn 0.522020578 0.775121510 0.355923057
v -0.120117225 0.593750000 -0.209960938
vt 0.445556641 0.214599609
vn 0.355157495 0.710314870 0.607713699
vt 0.387451172 0.159912109
vt 0.429687500 0.241943359
v -0.227539077 0.589843750 -0.067382798
vt 0.409423828 0.152832031
vn 0.668380320 0.723423481 0.172992453
v -0.065429732 0.595703125 -0.233398438
vt 0.466308594 0.226318359
vn 0.165410817 0.716779947 0.677396357
v -0.235351577 0.587890625 -0.000976544
vt 0.409423828 0.126220703
vn 0.699120581 0.714831233 0.015710453
vt 0.456298828 0.258300781
vt 0.385986328 0.123535156
vt 0.489013672 0.266845703
vt 0.394042969 0.088134766
v 0.002929644 0.597656250 -0.241210952
vt 0.492919922 0.232666016
vn 0.007856561 0.707085013 0.707084894
v -0.229492188 0.587890625 0.063476577
vt 0.414794922 0.100830078
vn 0.680613160 0.720183790 -0.134539947
v 0.069335893 0.595703125 -0.235351592
vt 0.519775391 0.233398438
vn -0.156921834 0.706148565 0.690456271
v -0.209960938 0.587890625 0.125976577
vt 0.425292969 0.076904297
vn 0.564831793 0.753109217 -0.337330222
vt 0.522949219 0.266845703
vt 0.408691406 0.056884766
vt 0.552246094 0.257812500
v -0.168945298 0.587890625 0.168945312
vt 0.443603516 0.061767578
vn 0.479601771 0.707609296 -0.518913567
v 0.125976518 0.595703125 -0.211914092
vt 0.543212891 0.226806641
vn -0.339594781 0.710779905 0.616009235
vt 0.428466797 0.035644531
v 0.215820268 0.595703125 -0.235351607
vt 0.577880859 0.240234375
vn 0.533173323 0.697830021 -0.478288054
v -0.122070298 0.587890625 0.208007812
vt 0.464111328 0.048339844
vn 0.345952868 0.723356247 -0.597555280
v 0.172851533 0.593750000 -0.174804732
vt 0.563720703 0.214111328
vn -0.463476241 0.706997752 0.534176052
v -0.155273408 0.589843750 0.280273467
vt 0.454101562 0.018066406
vn -0.402348816 0.670581460 0.623246372
v 0.260742158 0.593750000 -0.176757857
vt 0.598388672 0.218994141
vn 0.651446342 0.690690219 -0.313950211
v -0.065429673 0.589843750 0.231445312
vt 0.487792969 0.041503906
vn 0.157597482 0.732828915 -0.661909997
v 0.213867158 0.591796875 -0.131835982
vt 0.582031250 0.198974609
vn -0.551095724 0.747915626 0.370021462
v -0.083007783 0.589843750 0.313476562
vt 0.484375000 0.008300781
vn -0.220527068 0.661581457 0.716713190
v 0.288085908 0.589843750 -0.092773490
vt 0.613281250 0.186767578
vn 0.679083705 0.718565404 -0.150030255
v 0.002929718 0.591796875 0.325195312
vt 0.519287109 0.007568359
vn -0.007854496 0.691201448 0.722619534
v 0.235351548 0.589843750 -0.069335982
vt 0.593261719 0.175048828
vn -0.663063765 0.726212740 0.181553245
v 0.002929707 0.589843750 0.239257798
vt 0.515136719 0.041748047
vn 0.007854438 0.722619534 -0.691201448
v 0.243164048 0.587890625 -0.002929731
vt 0.599609375 0.148925781
vn -0.699120641 0.714831173 0.015710635
v 0.071289085 0.589843750 0.233398408
vt 0.542236328 0.047119141
vn -0.157499954 0.740249276 -0.653624356
v 0.301757812 0.587890625 -0.002929739
vt 0.622802734 0.151855469
vn 0.699185252 0.714897394 -0.007856138
v 0.088867217 0.589843750 0.315429688
vt 0.552978516 0.015380859
vn 0.211811990 0.658970475 0.721729577
v 0.291992188 0.587890625 0.088867135
vt 0.623291016 0.114746094
vn 0.678259611 0.717693329 0.157734677
v 0.161132842 0.589843750 0.282226533
vt 0.580078125 0.031982422
vn 0.400372773 0.667287827 0.628035545
v 0.237304688 0.587890625 0.063476518
vt 0.600341797 0.122314453
vn -0.676013768 0.723177493 -0.141491190
v 0.129882827 0.589843750 0.209960908
vt 0.564453125 0.059082031
vn -0.331821591 0.758449078 -0.560936272
v 0.217773438 0.587890625 0.127929643
vt 0.595458984 0.095947266
vn -0.543307126 0.771653533 -0.330708623
v 0.219726577 0.589843750 0.231445268
vt 0.601074219 0.054687500
vn 0.525526643 0.698087573 0.486308098
v 0.264648438 0.587890625 0.172851518
vt 0.616210938 0.080078125
vn 0.653442085 0.677060485 0.338530123
v 0.174804702 0.587890625 0.170898393
vt 0.580322266 0.076660156
vn -0.471564710 0.707346916 -0.526580453
vt 0.154785156 0.708984375
vt 0.190917969 0.714355469
vt 0.150878906 0.749755859
v 0.184570268 0.439453155 -0.264648467
vt 0.191650391 0.757080078
vn 0.590404689 0.283394277 -0.755718172
vt 0.230712891 0.714843750
vt 0.194091797 0.796630859
vt 0.150878906 0.788818359
v 0.262695283 0.435546905 -0.180664092
vt 0.237548828 0.757080078
vn 0.790322423 0.308225781 -0.529516160
vt 0.264404297 0.708984375
vt 0.243164062 0.796630859
v 0.307617158 0.433593780 -0.086914107
vt 0.277343750 0.750488281
vn 0.899284124 0.339203715 -0.276096135
v 0.333007812 0.330078155 -0.088867232
vt 0.285400391 0.790039062
vn 0.945732474 0.078811072 -0.315244287
vt 0.865722656 0.033691406
vt 0.867187500 0.002197266
vt 0.884277344 0.032226562
vt 0.886230469 0.001220703
vt 0.886230469 0.061523438
vt 0.866943359 0.062988281
vt 0.511962891 0.047607422
vt 0.533691406 0.047363281
vt 0.532470703 0.080322266
vt 0.510498047 0.080322266
vt 0.510742188 0.115722656
vt 0.531982422 0.115722656
vt 0.532226562 0.152587891
vt 0.510498047 0.151855469
vt 0.510742188 0.186279297
vt 0.532714844 0.187011719
vt 0.533691406 0.211425781
vt 0.511230469 0.211669922
vt 0.732421875 0.845214844
vt 0.731201172 0.822998047
v 0.127929643 0.539062500 -0.213867217
vt 0.754882812 0.845947266
vn -0.504751205 -0.078867376 0.859654665
v 0.163085908 0.277343780 -0.227539077
vt 0.858642578 0.859863281
vn -0.439083964 0.619422138 0.650785327
v 0.084960908 0.277343780 -0.262695312
vt 0.856689453 0.829101562
vn -0.189541206 0.623906791 0.758165121
v 0.069335900 0.539062500 -0.237304717
vt 0.753662109 0.822753906
vn -0.228900462 -0.071038075 0.970854342
v -0.000976596 0.277343780 -0.268554688
vt 0.856201172 0.794921875
vn 0.023589237 0.636907458 0.770579338
v 0.002929646 0.539062500 -0.243164077
vt 0.753173828 0.796386719
vn 0.023568906 -0.062850013 0.997744679
vt 0.729980469 0.796386719
vt 0.730957031 0.769042969
v -0.065429725 0.539062500 -0.233398438
vt 0.753417969 0.768798828
vn 0.260708869 -0.055301804 0.963832319
v -0.084960967 0.277343750 -0.256835938
vt 0.856445312 0.761230469
vn 0.212433919 0.629433692 0.747452438
v -0.122070350 0.537109375 -0.209960938
vt 0.755126953 0.745849609
vn 0.520136833 -0.070927672 0.851132810
vt 0.732666016 0.746826172
v -0.161132842 0.275390625 -0.221679673
vt 0.858642578 0.729980469
vn 0.441328198 0.622587919 0.646230400
vt 0.255126953 0.823486328
vt 0.236572266 0.826171875
vt 0.253417969 0.800048828
v 0.172851533 0.537109375 -0.176757857
vt 0.235107422 0.803222656
vn -0.689501822 -0.070517235 0.720843017
vt 0.145751953 0.830810547
v 0.225585923 0.275390655 -0.166992217
vt 0.145751953 0.797119141
vn -0.604763806 0.636180162 0.479098707
vt 0.842773438 0.012695312
vt 0.862060547 0.012451172
v 0.213867158 0.535156310 -0.131835982
vt 0.842285156 0.035156250
vn -0.850630999 -0.078762144 0.519830167
vt 0.862548828 0.034912109
vt 0.853515625 0.139404297
vt 0.816650391 0.012695312
v 0.272460938 0.277343780 -0.086914100
vt 0.818847656 0.137695312
vn -0.741376638 0.615184784 0.268157542
v 0.237304673 0.533203185 -0.069335975
vt 0.816162109 0.035400391
vn -0.967185557 -0.094359607 0.235899076
v 0.290039062 0.277343780 -0.002929724
vt 0.784667969 0.136962891
vn -0.801486731 0.597186148 0.031430930
v 0.245117173 0.533203185 -0.002929729
vt 0.789306641 0.034912109
vn -0.994595706 -0.102617063 0.015787369
vt 0.789794922 0.013183594
vt 0.763916016 0.012695312
v 0.239257812 0.531250060 0.063476525
vt 0.763427734 0.035400391
vn -0.973605216 -0.102071561 -0.204142883
v 0.278320312 0.275390685 0.081054650
vt 0.752197266 0.137451172
vn -0.761211812 0.604260802 -0.235426247
v 0.217773438 0.533203185 0.125976518
vt 0.739990234 0.034179688
vn -0.856728792 -0.070739120 -0.510893166
vt 0.739746094 0.012451172
vt 0.604248047 0.216796875
vt 0.632812500 0.197509766
v 0.002929689 0.271484405 -0.002929686
vt 0.686767578 0.296875000
vn -0.000000042 0.999876022 0.015746037
vt 0.668457031 0.187500000
vt 0.584228516 0.244140625
vt 0.703369141 0.187500000
v 0.231445342 0.271484435 0.161132783
vt 0.575439453 0.280273438
vn -0.614230394 0.637854576 -0.464610040
vt 0.735595703 0.199218750
v 0.166992217 0.269531310 0.221679673
vt 0.577148438 0.315673828
vn -0.441383064 0.630547106 -0.638428867
vt 0.761962891 0.221435547
v 0.088867225 0.267578185 0.254882812
vt 0.590332031 0.346923828
vn -0.196509689 0.644551277 -0.738875926
vt 0.782714844 0.248291016
v -0.000976526 0.267578155 0.262695312
vt 0.614013672 0.374267578
vn 0.007838974 0.658484399 -0.752553701
vt 0.794921875 0.279541016
v -0.086914025 0.267578155 0.252929688
vt 0.641357422 0.395263672
vn 0.212776512 0.646210372 -0.732897222
v -0.221679702 0.275390625 -0.161132783
vt 0.795410156 0.313964844
vn 0.607033670 0.638567805 0.473013103
v -0.163085908 0.269531280 0.217773452
vt 0.673095703 0.406494141
vn 0.441382825 0.638428926 -0.630547166
v -0.268554688 0.277343750 -0.084960900
vt 0.787597656 0.348876953
vn 0.746874750 0.605361700 0.275164247
v -0.227539033 0.271484405 0.159179717
vt 0.708007812 0.407470703
vn 0.604763746 0.636180162 -0.479098767
v -0.286132812 0.277343780 -0.000976523
vt 0.769287109 0.377929688
vn 0.805249214 0.592095137 0.031578273
v -0.274414062 0.275390655 0.083007850
vt 0.742675781 0.398681641
vn 0.763377249 0.598110139 -0.243966088
vt 0.627685547 0.807373047
vt 0.720214844 0.807373047
vt 0.629638672 0.833496094
vt 0.720458984 0.844726562
v 0.176757827 0.531250060 0.170898393
vt 0.626708984 0.857177734
vn -0.676829875 -0.078701198 -0.731920481
vt 0.841552734 0.356445312
vt 0.841552734 0.374755859
vt 0.817626953 0.373779297
v -0.166992217 0.535156250 -0.172851562
vt 0.818115234 0.354736328
vn 0.688419640 -0.087041497 0.720070958
v -0.208007842 0.535156250 -0.127929673
vt 0.793945312 0.355468750
vn 0.850631177 -0.078762084 0.519829988
vt 0.835693359 0.265136719
vt 0.801513672 0.265380859
vt 0.704833984 0.979492188
vt 0.704833984 0.949462891
vt 0.719238281 0.968261719
vt 0.545654297 0.815185547
vt 0.440917969 0.812255859
vt 0.541748047 0.783691406
v -0.229492202 0.533203125 -0.067382790
vt 0.439208984 0.787597656
vn 0.968203962 -0.102330439 0.228275567
vt 0.538574219 0.749755859
vt 0.416748047 0.789794922
vt 0.418457031 0.815185547
v -0.237304702 0.533203125 -0.000976541
vt 0.436767578 0.760986328
vn 0.993852854 -0.110428050 0.007887595
vt 0.415039062 0.762939453
vt 0.412597656 0.737548828
v -0.231445312 0.531250000 0.063476585
vt 0.435058594 0.735351562
vn 0.974326193 -0.110004529 -0.196436852
vt 0.536132812 0.716796875
v -0.211914062 0.531250000 0.125976577
vt 0.432861328 0.710937500
vn 0.852935851 -0.094770640 -0.513341129
vt 0.410400391 0.713134766
vt 0.430908203 0.637695312
vt 0.519531250 0.659423828
vt 0.427001953 0.672607422
v -0.170898423 0.531250000 0.168945327
vt 0.520507812 0.683105469
vn 0.676829636 -0.078701138 -0.731920660
vt 0.429443359 0.707275391
v -0.124023423 0.531250060 0.208007812
vt 0.523193359 0.707275391
vn 0.511161625 -0.062912233 -0.857178986
vt 0.918701172 0.062500000
vt 0.937988281 0.062011719
vt 0.938720703 0.085693359
vt 0.919433594 0.086181641
vt 0.918701172 0.110351562
vt 0.937988281 0.109863281
vt 0.232421875 0.504394531
vt 0.239257812 0.545898438
v -0.088867150 0.431640655 0.307617188
vt 0.195800781 0.506347656
vn -0.283543557 0.236286461 0.929393291
vt 0.219970703 0.463378906
v -0.100585893 0.330078155 0.319335938
vt 0.200439453 0.547363281
vn -0.275727212 -0.015755817 0.961106837
vt 0.187744141 0.465332031
v 0.000976605 0.328125030 0.325195312
vt 0.159912109 0.548095703
vn -0.015722087 -0.055027731 0.998361051
vt 0.201416016 0.578613281
vt 0.160156250 0.578613281
v 0.000976599 0.431640685 0.315429688
vt 0.159912109 0.506591797
vn -0.023671880 0.205157369 0.978442669
vt 0.158935547 0.465576172
vt 0.130126953 0.465087891
v 0.104492232 0.250000060 0.307617188
vt 0.117919922 0.578369141
vn 0.220192894 -0.275240898 0.935819209
v 0.092773475 0.431640685 0.311523438
vt 0.123291016 0.506347656
vn 0.252313018 0.236543417 0.938288510
v 0.102539107 0.328125060 0.321289062
vt 0.119140625 0.547851562
vn 0.244321972 -0.023643995 0.969405949
v 0.206054717 0.328125060 0.270507783
vt 0.076904297 0.545410156
vn 0.597186267 0.031430908 0.801486552
v 0.188476592 0.431640685 0.258789033
vt 0.084228516 0.503662109
vn 0.599019825 0.283746243 0.748774588
v 0.208007842 0.250000060 0.258789033
vt 0.075683594 0.575927734
vn 0.567721784 -0.236550644 0.788502276
vt 0.681152344 0.939941406
vt 0.689208984 0.895263672
vt 0.709960938 0.939941406
vt 0.095214844 0.976806641
vt 0.095458984 0.945556641
vt 0.113037109 0.973144531
vt 0.113037109 0.942626953
vt 0.234619141 0.440429688
vt 0.260253906 0.410644531
v 0.104492232 0.160156295 0.268554688
vt 0.260253906 0.468017578
vn 0.290547192 -0.376925915 0.879493833
vt 0.774902344 0.372314453
vt 0.809814453 0.384521484
v 0.196289092 0.162109435 0.223632783
vt 0.800537109 0.423583984
vn 0.561427236 -0.363741457 0.743297815
vt 0.764648438 0.415771484
v 0.256835967 0.158203170 0.157226533
vt 0.802001953 0.459472656
vn 0.764301121 -0.370331377 0.527919173
v 0.288085967 0.250000060 0.174804643
vt 0.764404297 0.462158203
vn 0.802031696 -0.212302446 0.558276772
vt 0.738281250 0.410644531
v 0.290039092 0.328125060 0.180664018
vt 0.738525391 0.459716797
vn 0.819634914 0.078811102 0.567439377
v 0.334960938 0.250000060 0.083007768
vt 0.771728516 0.500976562
vn 0.934174299 -0.227655858 0.274756998
v 0.290039092 0.154296920 0.083007783
vt 0.809814453 0.489501953
vn 0.872610331 -0.408790350 0.267285913
vt 0.732177734 0.030517578
vt 0.751953125 0.054687500
vt 0.724853516 0.081054688
v 0.338867188 0.328125060 0.083007768
vt 0.703125000 0.058593750
vn 0.953436077 0.102435328 0.283666760
v 0.311523438 0.431640685 0.081054643
vt 0.674316406 0.028564453
vn 0.900658369 0.347622573 0.260716736
v 0.266601592 0.429687560 0.174804658
vt 0.702636719 0.002441406
vn 0.782053113 0.315981060 0.537167609
v 0.348632812 0.330078185 -0.002929734
vt 0.677490234 0.082031250
vn 0.994224012 0.102578707 -0.031562801
vt 0.623291016 0.022216797
vt 0.646484375 0.000976562
v 0.321289062 0.431640685 -0.002929735
vt 0.649902344 0.052001953
vn 0.931591868 0.363162965 -0.015789829
vt 0.625488281 0.074462891
vt 0.653076172 0.105224609
v 0.344726562 0.250000060 -0.002929730
vt 0.699707031 0.104980469
vn 0.972975552 -0.227550685 -0.039232999
vt 0.751953125 0.107666016
v 0.301757812 0.154296920 -0.002929720
vt 0.727050781 0.131835938
vn 0.912057996 -0.408853531 -0.031450376
vt 0.702636719 0.155029297
vt 0.675292969 0.128417969
vt 0.625244141 0.130859375
vt 0.650146484 0.152343750
vt 0.061767578 0.909423828
vt 0.036376953 0.925537109
vt 0.036376953 0.872558594
vt 0.604736328 0.001708984
vt 0.604736328 0.053955078
vt 0.581542969 0.022216797
vt 0.795654297 0.496093750
vt 0.836181641 0.508056641
vt 0.787353516 0.535888672
vt 0.829833984 0.542236328
vt 0.787597656 0.581787109
vt 0.829101562 0.582031250
vt 0.749755859 0.580078125
vt 0.749755859 0.530761719
vt 0.795898438 0.623291016
vt 0.836181641 0.618652344
vt 0.955078125 0.533447266
vt 0.971679688 0.518310547
vt 0.971679688 0.552246094
vt 0.386230469 0.614746094
vt 0.414550781 0.613281250
vt 0.385986328 0.636230469
vt 0.414550781 0.634765625
vt 0.448730469 0.612548828
vt 0.448730469 0.635253906
vt 0.483154297 0.634765625
vt 0.483398438 0.613281250
vt 0.512695312 0.636230469
vt 0.512695312 0.614746094
vt 0.055175781 0.952636719
vt 0.039794922 0.961181641
vt 0.039794922 0.925781250
vt 0.294677734 0.747558594
vt 0.295654297 0.725097656
vt 0.317626953 0.723632812
v -0.067382790 0.531250060 0.231445312
vt 0.316894531 0.747070312
vn 0.251400113 -0.054993831 -0.966319740
vt 0.344726562 0.723632812
vt 0.308105469 0.851806641
vt 0.278564453 0.852050781
v 0.002929710 0.531250060 0.239257798
vt 0.344726562 0.746826172
vn 0.015728412 -0.047185671 -0.998762369
vt 0.342041016 0.851806641
vt 0.378173828 0.852050781
v 0.071289085 0.531250060 0.233398408
vt 0.372070312 0.747070312
vn -0.244117305 -0.047248539 -0.968593955
vt 0.372314453 0.723632812
v 0.129882827 0.531250060 0.208007783
vt 0.396240234 0.747802734
vn -0.511399150 -0.055073801 -0.857576787
vt 0.410156250 0.852050781
vt 0.396240234 0.724365234
vt 0.049072266 0.094726562
vt 0.049072266 0.001220703
vt 0.071044922 0.007324219
vt 0.407470703 0.032226562
vt 0.379394531 0.120849609
vt 0.372558594 0.032226562
vt 0.560058594 0.895263672
vt 0.560302734 0.919433594
vt 0.540039062 0.918457031
vt 0.540039062 0.894531250
vt 0.561279297 0.942626953
vt 0.540039062 0.941894531
v -0.350585938 0.130859390 0.018554742
vt 0.970947266 0.566406250
vn -0.715892076 -0.385480374 0.582154214
v -0.323242188 0.103515640 0.004882864
vt 0.960693359 0.579345703
vn 0.473381132 -0.757409632 0.449711949
v -0.325195312 0.126953140 0.028320363
vt 0.959960938 0.566162109
vn 0.463762701 -0.408739835 0.786038220
v -0.348632812 0.113281265 -0.000976508
vt 0.971679688 0.576904297
vn -0.729013801 -0.627108753 0.274360150
v -0.338867188 0.099609390 -0.026367133
vt 0.970458984 0.587646484
vn -0.434040755 -0.899648130 -0.047349807
v -0.350585938 0.158203140 0.026367242
vt 0.971679688 0.555908203
vn -0.711023688 -0.007900264 0.703123689
v -0.327148438 0.158203140 0.036132865
vt 0.961669922 0.554199219
vn 0.440890342 0.007873098 0.897526443
vt 0.949951172 0.556152344
vt 0.942871094 0.548583984
v -0.358398438 0.142578140 -0.004882758
vt 0.953125000 0.544677734
vn -0.717938900 -0.402361423 0.568039715
v -0.354492188 0.128906265 -0.020507758
vt 0.958496094 0.550781250
vn -0.678090870 -0.725399613 0.118271798
v -0.358398438 0.160156265 -0.000976509
vt 0.952148438 0.537597656
vn -0.714897215 0.007856013 0.699185431
vt 0.940917969 0.537353516
v -0.358398438 0.175781265 -0.004882759
vt 0.954345703 0.531494141
vn -0.701461792 0.346790135 0.622646034
v -0.350585938 0.187500015 0.018554740
vt 0.945068359 0.525878906
vn -0.722708702 0.361354381 0.589164913
v -0.356445312 0.189453140 -0.014648385
vt 0.958496094 0.526367188
vn -0.700700581 0.661335289 0.267683417
v -0.346679688 0.208984390 -0.000976512
vt 0.953125000 0.518066406
vn -0.655170143 0.678851008 0.331531942
vt 0.338134766 0.961425781
vt 0.348144531 0.963623047
vt 0.338623047 0.972656250
v -0.352539062 0.128906265 -0.038085885
vt 0.351806641 0.969238281
vn -0.630782247 -0.701745272 -0.331160575
v -0.342773438 0.113281265 -0.053710885
vt 0.349609375 0.977783203
vn -0.652472258 -0.605305552 -0.455944300
v -0.315429688 0.103515640 -0.053710885
vt 0.343261719 0.986083984
vn 0.589073896 -0.730451584 -0.345590085
v -0.313476562 0.126953140 -0.075195260
vt 0.354980469 0.989990234
vn 0.623653948 -0.426295161 -0.655231476
v -0.338867188 0.130859390 -0.073242135
vt 0.358886719 0.982421875
vn -0.545527041 -0.387403280 -0.743181646
v -0.350585938 0.142578140 -0.051757760
vt 0.358886719 0.971923828
vn -0.557673812 -0.408437192 -0.722619534
vt 0.420654297 0.174804688
vt 0.412841797 0.163330078
vt 0.420654297 0.151123047
vt 0.201171875 0.909912109
vt 0.201171875 0.933593750
vt 0.191894531 0.942138672
vt 0.191894531 0.900390625
v -0.311523438 0.158203140 -0.083007768
vt 0.179199219 0.945312500
vn 0.683135927 -0.007852140 -0.730249047
vt 0.179199219 0.897216797
v -0.313476562 0.191406265 -0.075195260
vt 0.166015625 0.942138672
vn 0.661663413 0.393847346 -0.638032794
v -0.327148438 0.191406265 0.028320361
vt 0.166015625 0.900390625
vn 0.425196946 0.417322904 0.803149521
v -0.323242188 0.214843765 0.004882860
vt 0.156494141 0.909912109
vn 0.511177659 0.707784355 0.487584710
v -0.319335938 0.222656265 -0.024414018
vt 0.153564453 0.921630859
vn 0.568570673 0.821268797 0.047380783
v -0.315429688 0.214843765 -0.053710893
vt 0.156494141 0.933593750
vn 0.607619166 0.718095422 -0.339319915
vt 0.962402344 0.024414062
vt 0.961425781 0.036865234
vt 0.951171875 0.035156250
v -0.336914062 0.158203140 -0.081054635
vt 0.952148438 0.024414062
vn -0.487404048 -0.031445473 -0.872610211
vt 0.961425781 0.010986328
v -0.338867188 0.187500015 -0.075195260
vt 0.951171875 0.012695312
vn -0.517380714 0.360598534 -0.776070833
vt 0.959960938 0.001220703
vt 0.623291016 0.386474609
vt 0.613525391 0.387939453
vt 0.613525391 0.376953125
vt 0.871582031 0.959472656
vt 0.862548828 0.959716797
vt 0.871582031 0.947509766
vt 0.862548828 0.946289062
vt 0.869873047 0.937988281
vt 0.114501953 0.703369141
vt 0.114990234 0.696533203
v -0.389648438 0.160156265 -0.006835879
vt 0.127197266 0.696777344
vn -0.741630316 0.015779367 0.670623302
v -0.389648438 0.144531265 -0.010742129
vt 0.126953125 0.702880859
vn -0.739973962 -0.385731131 0.551044583
v -0.389648438 0.173828140 -0.010742130
vt 0.127441406 0.691162109
vn -0.754573345 0.369426548 0.542349696
vt 0.115234375 0.690185547
v -0.387695312 0.183593765 -0.020507757
vt 0.126708984 0.687011719
vn -0.722174168 0.612278044 0.321838558
vt 0.114501953 0.684326172
vt 0.409912109 0.042968750
vt 0.409912109 0.030517578
vt 0.418212891 0.043457031
v -0.387695312 0.132812515 -0.024414005
vt 0.416992188 0.030273438
vn -0.687387288 -0.703189492 0.181723222
vt 0.059570312 0.663085938
vt 0.056884766 0.658203125
v -0.387695312 0.158203140 -0.034179628
vt 0.067871094 0.656250000
vn -0.992957532 -0.007880664 -0.118209109
vt 0.056884766 0.652587891
vt 0.064941406 0.666503906
v -0.387695312 0.187500015 -0.034179628
vt 0.059814453 0.647705078
vn -0.707871914 0.700006545 -0.094382852
vt 0.072021484 0.666259766
v -0.385742188 0.183593765 -0.045898378
vt 0.063964844 0.645751953
vn -0.653199196 0.598110080 -0.464322209
v -0.385742188 0.132812515 -0.041992128
vt 0.076904297 0.661621094
vn -0.624354780 -0.695483863 -0.355645031
v -0.383789062 0.173828140 -0.055664003
vt 0.069580078 0.645996094
vn -0.573489189 0.337808549 -0.746321321
v -0.383789062 0.144531265 -0.055664003
vt 0.077636719 0.654541016
vn -0.559020519 -0.417297035 -0.716490984
v -0.383789062 0.158203140 -0.059570253
vt 0.074951172 0.649414062
vn -0.569139004 -0.015809475 -0.822089434
vt 0.282226562 0.763916016
vt 0.282226562 0.750488281
vt 0.289306641 0.763916016
vt 0.289306641 0.750488281
vt 0.692871094 0.525634766
vt 0.692382812 0.536865234
vt 0.685058594 0.526123047
vt 0.685058594 0.537841797
vt 0.735351562 0.019775391
vt 0.722167969 0.018310547
vt 0.722656250 0.012939453
v -0.350585938 0.160156265 -0.057617135
vt 0.735839844 0.012939453
vn -0.541881204 -0.015706761 -0.840308309
v -0.350585938 0.177734390 -0.051757760
vt 0.736328125 0.005615234
vn -0.550976276 0.354198903 -0.755624413
vt 0.722900391 0.006591797
v -0.352539062 0.189453140 -0.043945260
vt 0.735595703 0.000732422
vn -0.631469727 0.607789516 -0.481495500
vt 0.722167969 0.002441406
vt 0.529785156 0.713867188
vt 0.524902344 0.709472656
vt 0.529785156 0.699951172
vt 0.291992188 0.748046875
vt 0.281250000 0.745361328
vt 0.291259766 0.737060547
vt 0.280517578 0.738281250
v -0.342773438 0.207031265 -0.053710889
vt 0.284667969 0.727294922
vn -0.606205344 0.645569205 -0.464494854
vt 0.291992188 0.721679688
vt 0.278320312 0.733154297
v -0.344726562 0.216796890 -0.026367139
vt 0.276123047 0.719970703
vn -0.608548403 0.790322483 -0.071128972
v -0.354492188 0.191406265 -0.028320260
vt 0.272949219 0.730224609
vn -0.631115913 0.773116887 -0.063111536
vt 0.963378906 0.033691406
vt 0.974121094 0.035156250
vt 0.963378906 0.045654297
vt 0.973632812 0.046142578
vt 0.963378906 0.057373047
vt 0.972900391 0.056396484
vt 0.963623047 0.067138672
vt 0.751953125 0.037109375
vt 0.751953125 0.047363281
vt 0.741699219 0.038818359
vt 0.097412109 0.637207031
vt 0.101318359 0.627929688
vt 0.101318359 0.640380859
vt 0.836181641 0.604736328
vt 0.837158203 0.591552734
vt 0.842529297 0.604736328
vt 0.841796875 0.591308594
vt 0.847900391 0.604736328
vt 0.847167969 0.592041016
v -0.334960938 0.291015655 0.040039107
vt 0.568115234 0.302490234
vn 0.486682683 -0.871318877 0.062797725
v -0.331054688 0.296875030 0.083007857
vt 0.570556641 0.319580078
vn 0.417258292 -0.606205285 0.677060306
v -0.356445312 0.304687530 0.073242232
vt 0.560302734 0.316162109
vn -0.748356283 -0.401749194 0.527788281
v -0.360351562 0.300781280 0.038085986
vt 0.557861328 0.302246094
vn -0.848816395 -0.518721163 0.102172479
v -0.362304688 0.298828125 -0.002929639
vt 0.556152344 0.285888672
vn -0.860618711 -0.505317450 -0.063164540
v -0.336914062 0.289062500 -0.000976517
vt 0.566406250 0.286132812
vn 0.434514642 -0.900630236 0.007900247
v -0.329101562 0.292968750 -0.043945268
vt 0.568359375 0.268798828
vn 0.502753913 -0.864108264 -0.023566617
v -0.354492188 0.302734375 -0.041992143
vt 0.558349609 0.270019531
vn -0.828623295 -0.520848989 -0.205182776
v -0.348632812 0.306640625 -0.077148393
vt 0.559814453 0.255859375
vn -0.700396776 -0.401351005 -0.590221822
v -0.321289062 0.298828125 -0.084960893
vt 0.570556641 0.252197266
vn 0.481195837 -0.591634274 -0.646853507
vt 0.888427734 0.219238281
vt 0.890625000 0.236328125
v -0.327148438 0.349609405 0.083007857
vt 0.867431641 0.219238281
vn 0.502134681 -0.054920908 0.863043725
v -0.313476562 0.416015625 0.043945350
vt 0.840820312 0.235107422
vn 0.717046857 0.685528338 0.126074046
v -0.311523438 0.406250000 0.081054717
vt 0.844726562 0.220458984
vn 0.623246372 0.402348936 0.670581400
v -0.313476562 0.419921875 -0.000976526
vt 0.839111328 0.252929688
vn 0.709630013 0.701745272 0.063078098
vt 0.891357422 0.252685547
vt 0.889648438 0.270019531
v -0.307617188 0.417968750 -0.045898400
vt 0.839843750 0.271240234
vn 0.730181396 0.683072984 -0.015702954
v -0.317382812 0.353515625 -0.084960893
vt 0.865478516 0.286621094
vn 0.575642467 -0.094626188 -0.812207997
v -0.303710967 0.410156250 -0.083007783
vt 0.842773438 0.286132812
vn 0.630546987 0.441382945 -0.638428986
vt 0.887451172 0.286621094
vt 0.926269531 0.045898438
vt 0.928466797 0.025146484
vt 0.936767578 0.044189453
v -0.352539062 0.353515655 0.071289107
vt 0.938720703 0.024658203
vn -0.815667391 0.156859130 0.556850016
vt 0.926269531 0.001708984
v -0.338867188 0.406250000 0.073242225
vt 0.937011719 0.003173828
vn -0.582550764 0.566806138 0.582550883
vt 0.783935547 0.202392578
vt 0.772949219 0.205078125
vt 0.774414062 0.190185547
v -0.340820312 0.414062500 0.040039103
vt 0.785400391 0.189208984
vn -0.659640670 0.738169312 0.141351625
v -0.340820312 0.417968750 -0.000976522
vt 0.786132812 0.172851562
vn -0.653847456 0.756257236 -0.023632986
vt 0.775390625 0.172363281
vt 0.773681641 0.154296875
v -0.334960938 0.416015625 -0.041992147
vt 0.784667969 0.156250000
vn -0.623576283 0.765656888 -0.157867357
v -0.331054688 0.410156250 -0.075195275
vt 0.783691406 0.143066406
vn -0.550686359 0.605754912 -0.574287057
vt 0.772949219 0.139404297
vt 0.818115234 0.917724609
vt 0.798583984 0.916259766
v -0.358398438 0.333984375 0.020507859
vt 0.807128906 0.896240234
vn -0.842519641 -0.330708653 0.425196975
vt 0.820312500 0.903564453
v -0.354492188 0.355468750 0.030273482
vt 0.798339844 0.899902344
vn -0.785238087 0.133490473 0.604633451
v -0.358398438 0.324218750 -0.002929641
vt 0.811523438 0.887207031
vn -0.891063094 -0.449474335 -0.063083969
v -0.348632812 0.380859375 0.022460982
vt 0.788330078 0.896728516
vn -0.757244885 0.520605743 0.394398421
vt 0.821777344 0.887451172
vt 0.777343750 0.916992188
v -0.354492188 0.333984375 -0.026367141
vt 0.808105469 0.877929688
vn -0.826234043 -0.267542481 -0.495740265
vt 0.774658203 0.903564453
vt 0.820800781 0.872314453
v -0.346679688 0.390625000 -0.000976520
vt 0.784912109 0.887451172
vn -0.733992100 0.678745210 -0.023677094
vt 0.819824219 0.858642578
vt 0.773925781 0.887207031
v -0.350585938 0.357421875 -0.036132768
vt 0.798828125 0.873779297
vn -0.772324383 0.126093701 -0.622587860
v -0.346679688 0.380859375 -0.026367145
vt 0.789306641 0.877685547
vn -0.718498290 0.536899686 -0.442152709
v -0.344726562 0.357421875 -0.075195268
vt 0.799316406 0.858886719
vn -0.771534145 0.133837476 -0.621950805
vt 0.775390625 0.871582031
vt 0.778076172 0.858642578
vt 0.202392578 0.666259766
vt 0.191894531 0.667968750
v -0.375976562 0.380859375 0.020507859
vt 0.192626953 0.656982422
vn 0.463462055 0.573436022 0.675554693
v -0.379882812 0.357421875 0.028320361
vt 0.202392578 0.656250000
vn 0.362970829 -0.126250625 0.923207998
vt 0.928222656 0.994873047
vt 0.917236328 0.995361328
vt 0.916992188 0.985839844
v -0.372070312 0.388671875 -0.002929642
vt 0.927001953 0.985595703
vn 0.487629980 0.873014987 -0.007865102
v -0.374023438 0.380859375 -0.024414016
vt 0.928222656 0.977050781
vn 0.526434124 0.589292109 -0.612863839
vt 0.917236328 0.975830078
vt 0.828369141 0.227050781
vt 0.819091797 0.227539062
v -0.381835938 0.337890625 0.018554738
vt 0.827636719 0.217773438
vn 0.275933027 -0.725309372 0.630703807
vt 0.819091797 0.217529297
vt 0.334472656 0.884765625
vt 0.335205078 0.894042969
vt 0.325927734 0.894042969
v -0.383789062 0.330078125 -0.002929638
vt 0.324462891 0.885498047
vn 0.299537808 -0.953791440 -0.023647720
v -0.379882812 0.339843750 -0.024414014
vt 0.325195312 0.876708984
vn 0.260351449 -0.702160120 -0.662712872
vt 0.335205078 0.875244141
vt 0.788818359 0.605957031
vt 0.788330078 0.615234375
vt 0.777832031 0.614501953
v -0.375976562 0.359375000 -0.032226514
vt 0.778564453 0.606689453
vn 0.354726702 -0.094593845 -0.930172622
vt 0.777832031 0.597900391
vt 0.788818359 0.596191406
vt 0.936035156 0.433837891
vt 0.924560547 0.432373047
vt 0.922851562 0.412109375
vt 0.934326172 0.412109375
vt 0.925048828 0.390380859
vt 0.936035156 0.388671875
vt 0.255126953 0.829589844
vt 0.252441406 0.837890625
v -0.379882812 0.402343750 -0.002929641
vt 0.250000000 0.825927734
vn 0.465941161 0.884498537 0.023691826
v -0.381835938 0.386718750 -0.036132768
vt 0.247070312 0.839843750
vn 0.425473839 0.520023644 -0.740639925
vt 0.255126953 0.846191406
v -0.385742188 0.359375000 -0.041992135
vt 0.250488281 0.849365234
vn 0.314308375 -0.110008001 -0.942925572
vt 0.846679688 0.972167969
vt 0.852050781 0.969238281
vt 0.849121094 0.981689453
v -0.385742188 0.384765625 0.032226611
vt 0.854492188 0.984863281
vn 0.306592882 0.487403959 0.817580700
vt 0.846679688 0.989990234
vt 0.531250000 0.594482422
vt 0.529296875 0.602539062
v -0.389648438 0.341796875 -0.036132760
vt 0.523925781 0.599609375
vn 0.228233218 -0.550907969 -0.802751660
vt 0.526123047 0.592529297
v -0.391601562 0.328125000 -0.020507760
vt 0.524902344 0.607666016
vn 0.244382516 -0.859280527 -0.449348509
vt 0.531250000 0.611083984
v -0.393554688 0.322265625 -0.002929636
vt 0.527099609 0.614013672
vn 0.205157399 -0.978442788 -0.023671987
vt 0.222167969 0.979492188
vt 0.211181641 0.980712891
v -0.399414062 0.388671875 -0.034179639
vt 0.221435547 0.972412109
vn 0.031523310 0.583183646 -0.811728597
v -0.405273438 0.365234375 -0.040039014
vt 0.211669922 0.972656250
vn -0.062865712 -0.007858244 -0.997991085
v -0.409179688 0.396484375 -0.030273387
vt 0.223388672 0.967773438
vn 0.567562759 0.417789400 -0.709453702
v -0.426757812 0.376953125 -0.041992135
vt 0.214111328 0.963134766
vn 0.149181336 -0.172736466 -0.973605216
v -0.413085938 0.345703125 -0.034179632
vt 0.203369141 0.971191406
vn -0.196255162 -0.478862435 -0.855672121
vt 0.204101562 0.980712891
v -0.448242188 0.357421875 -0.030273380
vt 0.204589844 0.956542969
vn -0.331531942 -0.655170202 -0.678850949
v -0.461914062 0.384765625 -0.045898382
vt 0.213623047 0.948974609
vn -0.456127793 0.047185566 -0.888662517
v -0.440429688 0.398437500 -0.049804632
vt 0.220947266 0.956054688
vn -0.007846715 0.313863039 -0.949435830
vt 0.137451172 0.949707031
vt 0.144531250 0.949951172
vt 0.137451172 0.962890625
v -0.393554688 0.402343750 -0.002929640
vt 0.142822266 0.962646484
vn 0.110400580 0.993605554 0.023657218
v -0.401367188 0.404296875 -0.002929639
vt 0.145996094 0.962402344
vn 0.694963098 0.718655050 0.023691799
v -0.399414062 0.386718750 0.028320361
vt 0.145751953 0.975097656
vn -0.015738195 0.574447215 0.818390369
vt 0.140380859 0.976806641
vt 0.512695312 0.606689453
vt 0.507080078 0.612792969
vt 0.507080078 0.600830078
vt 0.782226562 0.240478516
vt 0.790283203 0.232421875
v -0.416992188 0.332031250 -0.020507758
vt 0.790283203 0.240478516
vn -0.292246014 -0.821448147 -0.489709437
vt 0.317382812 0.984863281
vt 0.310058594 0.987304688
vt 0.314208984 0.971923828
v -0.458007812 0.349609375 -0.002929629
vt 0.302246094 0.970458984
vn -0.536214888 -0.843750060 -0.023656435
v -0.418945312 0.328125000 -0.002929633
vt 0.302978516 0.987304688
vn -0.353695363 -0.935327768 -0.007859810
v -0.477539062 0.375000000 -0.030273376
vt 0.313720703 0.958740234
vn -0.758449137 -0.331821531 -0.560936153
vt 0.322021484 0.960693359
v -0.485351562 0.369140625 -0.002929626
vt 0.302001953 0.957275391
vn -0.886199594 -0.462706000 -0.023527285
vt 0.333984375 0.984863281
vt 0.326904297 0.984375000
vt 0.333496094 0.974609375
vt 0.326416016 0.974121094
v -0.418945312 0.332031250 0.012695367
vt 0.320068359 0.974609375
vn -0.337662697 -0.848083377 0.408336490
vt 0.325439453 0.958496094
v -0.393554688 0.326171875 0.014648489
vt 0.319824219 0.984863281
vn 0.189446896 -0.891978681 0.410468072
vt 0.757080078 0.986328125
vt 0.759033203 0.978027344
vt 0.763916016 0.982666016
vt 0.761474609 0.988769531
v -0.391601562 0.339843750 0.030273488
vt 0.763916016 0.974365234
vn 0.228233427 -0.550907850 0.802751541
vt 0.757080078 0.969726562
v -0.389648438 0.357421875 0.036132865
vt 0.761718750 0.967773438
vn 0.244763270 -0.110538140 0.963261366
vt 0.947265625 0.510498047
vt 0.945800781 0.520751953
v -0.415039062 0.343750000 0.028320365
vt 0.939208984 0.510498047
vn -0.227690846 -0.518193185 0.824398518
vt 0.937500000 0.519531250
v -0.448242188 0.355468750 0.024414120
vt 0.940429688 0.496337891
vn -0.322494775 -0.700049937 0.637124181
vt 0.950683594 0.492675781
v -0.477539062 0.373046875 0.026367249
vt 0.937988281 0.482910156
vn -0.762221575 -0.353608012 0.542199016
vt 0.947998047 0.479492188
v -0.461914062 0.380859375 0.041992243
vt 0.929931641 0.487792969
vn -0.409043133 -0.007866194 0.912481129
v -0.428710938 0.375000000 0.036132865
vt 0.929931641 0.500488281
vn 0.166014522 -0.205541596 0.964464605
v -0.407226562 0.363281250 0.034179736
vt 0.931640625 0.510253906
vn -0.070686541 -0.007854035 0.997467637
vt 0.978027344 0.713623047
vt 0.971435547 0.720458984
vt 0.967041016 0.715332031
vt 0.963623047 0.717529297
vt 0.959228516 0.707275391
vt 0.963134766 0.703369141
vt 0.971435547 0.709228516
vt 0.986083984 0.702148438
v -0.409179688 0.394531250 0.024414113
vt 0.964355469 0.698486328
vn 0.537974060 0.411391944 0.735758543
vt 0.975585938 0.700683594
v -0.416992188 0.412109375 0.028320363
vt 0.962890625 0.691162109
vn 0.464610219 0.614230394 0.637854576
v -0.438476562 0.396484375 0.043945365
vt 0.974121094 0.691650391
vn 0.086608917 0.291320562 0.952696860
vt 0.985351562 0.691162109
vt 0.988525391 0.019775391
vt 0.984863281 0.006103516
vt 0.987792969 0.005615234
vt 0.992675781 0.016601562
v -0.407226562 0.419921875 -0.002929639
vt 0.992675781 0.001708984
vn 0.645509243 0.763590276 0.015744012
vt 0.798583984 0.963623047
vt 0.804687500 0.975585938
vt 0.799804688 0.975097656
vt 0.792236328 0.962890625
v -0.416992188 0.414062500 -0.034179635
vt 0.792236328 0.975830078
vn 0.441328019 0.646230459 -0.622587979
vt 0.802246094 0.984863281
vt 0.792236328 0.987304688
vt 0.110351562 0.447021484
vt 0.103271484 0.447021484
vt 0.110351562 0.433837891
vt 0.975585938 0.087890625
vt 0.980224609 0.096435547
v -0.477539062 0.386718750 -0.026367128
vt 0.976074219 0.105468750
vn -0.827130795 0.055141982 -0.559297740
v -0.452148438 0.402343750 -0.040039007
vt 0.972656250 0.093017578
vn -0.322814792 0.275573462 -0.905455709
vt 0.980712891 0.106201172
v -0.485351562 0.382812500 -0.002929627
vt 0.972656250 0.114501953
vn -0.995215952 -0.094782516 -0.023695482
vt 0.467041016 0.936279297
vt 0.476562500 0.930175781
vt 0.481201172 0.934082031
v -0.428710938 0.416015625 -0.028320260
vt 0.471923828 0.938720703
vn 0.329657614 0.643617451 -0.690711558
vt 0.463134766 0.948730469
v -0.418945312 0.421875000 -0.002929637
vt 0.468017578 0.948730469
vn 0.687065721 0.726552427 0.007897187
v -0.428710938 0.414062500 0.024414115
vt 0.471923828 0.959716797
vn 0.363027245 0.584000349 0.726054311
vt 0.467041016 0.961425781
v -0.452148438 0.400390625 0.036132868
vt 0.481201172 0.964599609
vn -0.276483238 0.157990515 0.947943032
vt 0.475830078 0.967773438
vt 0.616699219 0.976318359
vt 0.606201172 0.978271484
vt 0.606445312 0.972656250
vt 0.594238281 0.975830078
v -0.477539062 0.384765625 0.022460997
vt 0.595947266 0.971191406
vn -0.823485076 0.054898996 0.564675570
vt 0.587402344 0.972167969
v -0.491210938 0.408203125 -0.000976502
vt 0.606689453 0.962646484
vn -0.990898073 -0.133692637 0.015728677
v -0.483398438 0.408203125 0.022460997
vt 0.596923828 0.961914062
vn -0.753109097 -0.094138652 0.651125729
v -0.483398438 0.449218750 0.022460995
vt 0.597900391 0.945556641
vn -0.638349533 -0.567421913 0.520136833
v -0.493164062 0.451171875 -0.000976504
vt 0.607910156 0.945312500
vn -0.884746850 -0.466072023 0.000000136
v -0.485351562 0.451171875 -0.024414005
vt 0.616699219 0.945800781
vn -0.670435488 -0.512685955 -0.536348283
v -0.483398438 0.410156250 -0.026367128
vt 0.616210938 0.962402344
vn -0.749683499 -0.094696909 -0.654986441
vt 0.092041016 0.306884766
vt 0.088134766 0.315429688
vt 0.088134766 0.297851562
vt 0.803222656 0.375976562
vt 0.793945312 0.375976562
vt 0.802978516 0.365966797
vt 0.794189453 0.365478516
vt 0.979736328 0.993896484
vt 0.964355469 0.990234375
vt 0.969726562 0.988281250
vt 0.982177734 0.984619141
v -0.454101562 0.447265625 0.036132865
vt 0.970703125 0.969726562
vn -0.007884401 -0.583455443 0.812106907
vt 0.982177734 0.968261719
vt 0.960205078 0.982421875
v -0.428710938 0.447265625 0.022460988
vt 0.960205078 0.969238281
vn 0.654416263 -0.583455443 0.480956435
vt 0.742675781 0.483886719
vt 0.745361328 0.472656250
v -0.422851562 0.447265625 -0.002929638
vt 0.755615234 0.472167969
vn 0.857179046 -0.511161745 -0.062912315
vt 0.755859375 0.482666016
vt 0.742675781 0.462646484
v -0.432617188 0.449218750 -0.026367137
vt 0.756103516 0.463134766
vn 0.573223770 -0.526109517 -0.628190517
vt 0.334472656 0.030761719
vt 0.336669922 0.041992188
v -0.424804688 0.453125000 0.034179736
vt 0.331542969 0.041992188
vn 0.582605064 -0.503874540 0.637716115
vt 0.095947266 0.625976562
vt 0.095947266 0.638916016
v -0.475585938 0.455078125 0.041992243
vt 0.090332031 0.632080078
vn -0.400681376 -0.471390009 0.785650015
vt 0.026123047 0.785400391
vt 0.030273438 0.793212891
v -0.450195312 0.453125000 0.045898490
vt 0.026123047 0.795410156
vn 0.110521100 -0.497344315 0.860484660
vt 0.546875000 0.770507812
vt 0.542480469 0.770507812
vt 0.545410156 0.759521484
vt 0.785888672 0.251220703
vt 0.788085938 0.243164062
v -0.491210938 0.455078125 0.028320372
vt 0.790283203 0.251220703
vn -0.763164639 -0.432722270 0.479928464
vt 0.890625000 0.357666016
vt 0.891357422 0.367919922
v -0.471679688 0.490234375 0.043945368
vt 0.876708984 0.358886719
vn -0.352759421 0.486024201 0.799588263
v -0.448242188 0.488281250 0.047851615
vt 0.877441406 0.368164062
vn 0.173589379 0.418192387 0.891617656
vt 0.890625000 0.378173828
v -0.422851562 0.488281250 0.034179736
vt 0.876708984 0.378662109
vn 0.595918119 0.470461667 0.650805175
vt 0.667480469 0.980712891
vt 0.653320312 0.980712891
vt 0.667968750 0.974365234
v -0.487304688 0.492187500 0.028320368
vt 0.653076172 0.973632812
vn -0.693774223 0.536098182 0.480911762
v -0.497070312 0.494140625 0.000976620
vt 0.653076172 0.962158203
vn -0.810898006 0.582586884 0.055109657
v -0.499023438 0.457031250 -0.000976503
vt 0.667968750 0.962402344
vn -0.940454364 -0.339828074 0.007903117
v -0.493164062 0.458984375 -0.030273378
vt 0.667724609 0.950927734
vn -0.802627325 -0.354100347 -0.480002463
v -0.489257812 0.494140625 -0.028320257
vt 0.653564453 0.951171875
vn -0.739974082 0.551044405 -0.385731071
vt 0.066406250 0.568115234
vt 0.069580078 0.577636719
vt 0.066406250 0.579833984
vt 0.149902344 0.712890625
vt 0.150146484 0.723144531
vt 0.146728516 0.713378906
vt 0.146728516 0.701660156
vt 0.151123047 0.703369141
v -0.477539062 0.458984375 -0.043945257
vt 0.150146484 0.694335938
vn -0.393639922 -0.433003873 -0.810897946
vt 0.770019531 0.989990234
vt 0.768066406 0.980468750
vt 0.780761719 0.984619141
v -0.456054688 0.451171875 -0.038085885
vt 0.780273438 0.965087891
vn -0.023557223 -0.565371394 -0.824499965
vt 0.768066406 0.964111328
vt 0.790283203 0.979248047
vt 0.789306641 0.965820312
vt 0.960205078 0.359619141
vt 0.954345703 0.366210938
v -0.475585938 0.498046875 0.024414117
vt 0.955566406 0.358154297
vn -0.566858828 0.645589292 0.511747658
v -0.450195312 0.496093750 0.036132865
vt 0.945556641 0.363281250
vn 0.102245085 0.542685032 0.833689988
vt 0.945068359 0.368164062
vt 0.963623047 0.348632812
v -0.483398438 0.498046875 -0.000976507
vt 0.958251953 0.347900391
vn -0.690456331 0.721840620 0.047076628
v -0.477539062 0.500000000 -0.024414007
vt 0.955566406 0.338623047
vn -0.590039372 0.676578343 -0.440562606
vt 0.960205078 0.336914062
v -0.475585938 0.494140625 -0.043945257
vt 0.954345703 0.331054688
vn -0.370021552 0.551095665 -0.747915566
v -0.452148438 0.498046875 -0.036132760
vt 0.945068359 0.334472656
vn 0.102460600 0.606882751 -0.788159430
v -0.452148438 0.492187500 -0.047851510
vt 0.945068359 0.329833984
vn 0.157032967 0.478950948 -0.863682091
vt 0.558349609 0.001708984
vt 0.563964844 0.007812500
vt 0.558349609 0.014648438
v -0.454101562 0.457031250 -0.047851510
vt 0.561523438 0.017089844
vn 0.086568467 -0.464322299 -0.881425381
vt 0.708251953 0.541748047
vt 0.708251953 0.528320312
vt 0.716552734 0.527587891
vt 0.716308594 0.540771484
vt 0.262939453 0.988037109
vt 0.263427734 0.978515625
vt 0.277343750 0.978515625
vt 0.277099609 0.988037109
v -0.428710938 0.455078125 -0.036132764
vt 0.263183594 0.997802734
vn 0.511177480 -0.487584740 -0.707784355
v -0.426757812 0.490234375 -0.036132764
vt 0.277099609 0.997802734
vn 0.565092623 0.463062137 -0.682820499
vt 0.763916016 0.474365234
vt 0.759765625 0.475830078
vt 0.759765625 0.465087891
vt 0.749511719 0.126220703
vt 0.746093750 0.122314453
v -0.430664062 0.496093750 -0.024414014
vt 0.749511719 0.113525391
vn 0.635964334 0.541747510 -0.549598992
vt 0.743896484 0.407714844
vt 0.748046875 0.397460938
vt 0.748046875 0.410156250
vt 0.510253906 0.229980469
vt 0.510253906 0.218017578
v -0.415039062 0.490234375 -0.020507766
vt 0.518066406 0.217529297
vn 0.802950442 0.495940059 -0.330626816
vt 0.512451172 0.213867188
v -0.416992188 0.453125000 -0.020507764
vt 0.518066406 0.229980469
vn 0.757787228 -0.536765873 -0.371000051
vt 0.283935547 0.614013672
vt 0.287841797 0.604248047
vt 0.287841797 0.615234375
vt 0.255126953 0.014404297
vt 0.250732422 0.014404297
vt 0.254638672 0.007812500
vt 0.129638672 0.001464844
vt 0.135742188 0.004150391
vt 0.132812500 0.010986328
v -0.413085938 0.453125000 -0.000976514
vt 0.136718750 0.012207031
vn 0.867325604 -0.496740997 -0.031539202
v -0.415039062 0.453125000 0.016601611
vt 0.135498047 0.019042969
vn 0.820527256 -0.512829423 0.252469808
vt 0.129638672 0.020996094
vt 0.837402344 0.988769531
vt 0.837402344 0.996582031
vt 0.822753906 0.996582031
v -0.411132812 0.488281250 -0.000976516
vt 0.823486328 0.988769531
vn 0.897304058 0.440780967 -0.023613401
v -0.413085938 0.488281250 0.018554734
vt 0.823486328 0.980957031
vn 0.843042672 0.456976414 0.283640355
vt 0.837402344 0.981689453
vt 0.837402344 0.974609375
vt 0.823486328 0.974609375
vt 0.248535156 0.006835938
vt 0.247802734 0.013183594
vt 0.243408203 0.006835938
vt 0.971191406 0.317382812
vt 0.972167969 0.309326172
v -0.420898438 0.494140625 -0.000976515
vt 0.975097656 0.316894531
vn 0.849341154 0.526906133 -0.031457212
vt 0.978271484 0.307128906
vt 0.972656250 0.324951172
v -0.426757812 0.494140625 0.022460986
vt 0.978271484 0.326171875
vn 0.677438498 0.535649002 0.504140198
vt 0.728271484 0.757324219
vt 0.724121094 0.752929688
vt 0.728271484 0.750000000
vt 0.408935547 0.729736328
vt 0.404541016 0.718994141
vt 0.408935547 0.716308594
vt 0.723144531 0.540527344
vt 0.718994141 0.544189453
vt 0.718994141 0.530761719
v -0.416992188 0.527343750 -0.000976517
vt 0.434326172 0.981933594
vn 0.945233583 -0.307200879 -0.110277362
vt 0.444335938 0.994873047
vt 0.434814453 0.995361328
v -0.420898438 0.531250000 0.024414109
vt 0.444335938 0.979980469
vn 0.746805608 -0.322305471 0.581722081
v -0.407226562 0.544921875 -0.000976519
vt 0.433593750 0.975097656
vn 0.605829954 -0.786792099 -0.118018866
vt 0.425781250 0.994873047
v -0.426757812 0.533203125 -0.026367141
vt 0.424316406 0.979980469
vn 0.681980610 -0.243004620 -0.689819694
vt 0.965087891 0.841552734
vt 0.957519531 0.835449219
vt 0.965087891 0.822753906
vt 0.554199219 0.804687500
vt 0.545898438 0.798828125
v -0.442382812 0.544921875 0.040039111
vt 0.556884766 0.782714844
vn -0.055007249 -0.031432748 0.997991085
v -0.465820312 0.556640625 0.026367238
vt 0.567138672 0.785156250
vn -0.739996850 0.236169249 0.629784703
v -0.426757812 0.570312500 0.040039107
vt 0.559082031 0.770996094
vn -0.031455979 0.039320178 0.998731434
v -0.409179688 0.552734375 0.028320355
vt 0.549560547 0.770751953
vn 0.440276772 -0.542483628 0.715449512
v -0.452148438 0.583984375 0.026367236
vt 0.570556641 0.773437500
vn -0.631489277 0.449936152 0.631489396
v -0.436523438 0.599609375 0.026367232
vt 0.570312500 0.764648438
vn -0.464494914 0.606205344 0.645569324
v -0.405273438 0.615234375 0.028320353
vt 0.565429688 0.751708984
vn -0.126074120 0.717046976 0.685528278
v -0.397460938 0.587890625 0.038085978
vt 0.555419922 0.757812500
vn 0.086797461 0.063125387 0.994224012
v -0.370117188 0.582031250 0.032226600
vt 0.545898438 0.751953125
vn -0.371080786 -0.094744034 0.923754632
v -0.377929688 0.617187500 0.022460975
vt 0.557861328 0.743408203
vn -0.401749104 0.527788222 0.748356402
v -0.372070312 0.605468750 0.030273473
vt 0.552978516 0.745605469
vn -0.393213421 0.235928163 0.888662636
vt 0.824462891 0.722656250
vt 0.810791016 0.733642578
vt 0.815185547 0.716064453
vt 0.821777344 0.708740234
vt 0.810791016 0.706054688
vt 0.081542969 0.947998047
vt 0.081542969 0.955810547
vt 0.070800781 0.955078125
vt 0.075195312 0.967529297
vt 0.066406250 0.971679688
v -0.444335967 0.544921875 -0.038085889
vt 0.061767578 0.955322266
vn -0.023612663 -0.015741734 -0.999597251
v -0.416992188 0.554687500 -0.028320270
vt 0.069580078 0.946044922
vn 0.432722121 -0.479928285 -0.763164639
v -0.399414062 0.560546875 -0.028320272
vt 0.072753906 0.939697266
vn -0.557949305 -0.660108984 -0.502940118
v -0.428710967 0.570312500 -0.038085893
vt 0.062011719 0.943603516
vn -0.023597321 0.039328605 -0.998947680
v -0.403320342 0.580078125 -0.036132772
vt 0.067138672 0.934326172
vn -0.640321314 -0.118578061 -0.758899093
vt 0.908203125 0.093505859
vt 0.915039062 0.111328125
vt 0.905517578 0.115722656
v -0.467773438 0.554687500 -0.026367137
vt 0.897949219 0.094970703
vn -0.735000014 0.244999915 -0.632257879
vt 0.908447266 0.081542969
v -0.452148467 0.582031250 -0.026367139
vt 0.897705078 0.082275391
vn -0.604335427 0.447365016 -0.659274757
v -0.436523467 0.597656250 -0.026367143
vt 0.899658203 0.073730469
vn -0.439855516 0.573382914 -0.691201329
v -0.418945342 0.607421875 -0.026367147
vt 0.903808594 0.066894531
vn -0.322315603 0.628908217 -0.707521796
vt 0.915039062 0.072998047
v -0.405273467 0.597656250 -0.034179647
vt 0.910644531 0.067382812
vn -0.742000103 0.142085031 -0.655170083
v -0.403320342 0.615234375 -0.026367148
vt 0.907470703 0.060791016
vt 0.584960938 0.919433594
vt 0.583251953 0.941162109
vt 0.574218750 0.941406250
v -0.473632812 0.560546875 -0.000976511
vt 0.575683594 0.916259766
vn -0.946291149 0.323316097 0.000000110
vt 0.564208984 0.916992188
vt 0.563720703 0.940429688
vt 0.564208984 0.906005859
v -0.458007812 0.589843750 -0.000976514
vt 0.575439453 0.904541016
vn -0.811728597 0.583183646 -0.031523358
vt 0.563720703 0.899658203
v -0.442382812 0.607421875 -0.000976517
vt 0.575195312 0.897216797
vn -0.623420954 0.781248927 -0.031565566
vt 0.410156250 0.256103516
vt 0.399902344 0.256347656
vt 0.408691406 0.243408203
vt 0.397949219 0.243164062
vt 0.408935547 0.234863281
vt 0.397949219 0.233886719
vt 0.410156250 0.227783203
v -0.418945312 0.621093750 -0.000976521
vt 0.399658203 0.224365234
vn -0.346274316 0.936514437 -0.055089083
vt 0.484375000 0.995361328
vt 0.480957031 0.983154297
vt 0.495605469 0.995361328
vt 0.493652344 0.986083984
v -0.393554688 0.625000000 -0.002929649
vt 0.492431641 0.976074219
vn -0.551934481 0.812132120 0.189234719
vt 0.480957031 0.971923828
vt 0.503662109 0.983886719
vt 0.502197266 0.977783203
vt 0.661376953 0.144042969
vt 0.661376953 0.157714844
vt 0.651855469 0.155517578
vt 0.420654297 0.101562500
vt 0.420654297 0.120849609
v -0.375976562 0.560546875 0.022460975
vt 0.414794922 0.108886719
vn -0.449809909 -0.418244451 0.789140463
vt 0.728271484 0.987304688
vt 0.714843750 0.987304688
v -0.389648438 0.548828125 -0.002929647
vt 0.724853516 0.976318359
vn -0.557330012 -0.800671399 0.219792247
vt 0.717773438 0.976074219
vt 0.722656250 0.965820312
vt 0.958496094 0.689453125
vt 0.951904297 0.696533203
v -0.366210938 0.566406250 0.036132850
vt 0.952148438 0.689941406
vn -0.290573835 -0.267013878 0.918842018
v -0.362304688 0.585937500 0.040039100
vt 0.958740234 0.685546875
vn -0.086927213 0.031609982 0.995713115
vt 0.967773438 0.687255859
v -0.374023438 0.548828125 0.024414102
vt 0.947265625 0.697265625
vn -0.519346952 -0.511478126 0.684593916
vt 0.951171875 0.708251953
v -0.387695312 0.541015625 -0.002929647
vt 0.948242188 0.709228516
vn -0.715360999 -0.668194413 0.204388991
v -0.395507812 0.550781250 -0.034179647
vt 0.956298828 0.719970703
vn -0.622182369 -0.630058050 -0.464667708
vt 0.959228516 0.716552734
v -0.399414092 0.576171875 -0.047851522
vt 0.967773438 0.721679688
vn -0.582876086 -0.228424415 -0.779793441
vt 0.276123047 0.012939453
vt 0.271240234 0.018310547
vt 0.271240234 0.006835938
vt 0.177490234 0.981933594
vt 0.174560547 0.990478516
v -0.364257812 0.611328125 0.036132850
vt 0.174316406 0.980224609
vn -0.023592710 0.408942103 0.912255406
v -0.342773438 0.609375000 0.022460969
vt 0.165527344 0.981201172
vn 0.650625348 0.533042431 0.540881217
v -0.338867188 0.568359375 0.028320346
vt 0.165771484 0.997802734
vn 0.595753431 -0.258682281 0.760369301
vt 0.176757812 0.997802734
vt 0.062988281 0.265625000
vt 0.059570312 0.265380859
vt 0.062988281 0.259765625
vt 0.781005859 0.620849609
vt 0.777587891 0.625732422
v -0.374023438 0.628906250 0.020507848
vt 0.777587891 0.617187500
vn -0.156748250 0.799416304 0.579968631
vt 0.980957031 0.853759766
vt 0.987304688 0.861572266
vt 0.979736328 0.868164062
v -0.364257812 0.630859375 -0.004882778
vt 0.970458984 0.855957031
vn 0.362598330 0.922261059 -0.134003833
v -0.340820312 0.617187500 -0.006835906
vt 0.968505859 0.866699219
vn 0.669270515 0.724386990 -0.165349320
v -0.323242188 0.589843750 -0.008789032
vt 0.969238281 0.879150391
vn 0.948150158 0.260741323 -0.181728929
v -0.325195312 0.583984375 0.014648468
vt 0.978271484 0.880371094
vn 0.912001550 0.086482964 0.400966048
vt 0.987304688 0.880859375
vt 0.978515625 0.204589844
vt 0.983398438 0.204833984
vt 0.982177734 0.215332031
v -0.387695312 0.634765625 -0.004882776
vt 0.986083984 0.215820312
vn -0.376508266 0.925582707 0.039219614
v -0.399414092 0.621093750 -0.032226525
vt 0.980957031 0.227539062
vn -0.541697443 0.706561804 -0.455339760
vt 0.978515625 0.225585938
vt 0.080078125 0.590576172
vt 0.079101562 0.602050781
vt 0.071533203 0.594238281
v -0.377929717 0.617187500 -0.038085904
vt 0.071289062 0.580078125
vn 0.165410638 0.677396357 -0.716779947
vt 0.080078125 0.578857422
vt 0.749023438 0.102050781
vt 0.750000000 0.094482422
vt 0.753417969 0.093750000
v -0.401367217 0.599609375 -0.045898397
vt 0.753417969 0.103759766
vn -0.589437723 0.243634149 -0.770198405
vt 0.781738281 0.513183594
vt 0.786132812 0.512451172
vt 0.781982422 0.520019531
vt 0.786132812 0.521972656
vt 0.208496094 0.689208984
vt 0.216308594 0.684814453
vt 0.219482422 0.693115234
v -0.374023467 0.585937500 -0.049804650
vt 0.209716797 0.701416016
vn 0.102093406 0.102093503 -0.989522040
v -0.358398467 0.603515625 -0.040039025
vt 0.218994141 0.702636719
vn 0.425566286 0.496494144 -0.756562591
v -0.340820342 0.583984375 -0.038085904
vt 0.216308594 0.712646484
vn 0.653847337 0.189064324 -0.732624352
vt 0.200927734 0.694824219
v -0.354492217 0.566406250 -0.045898404
vt 0.207275391 0.711914062
vn 0.337693900 -0.290573955 -0.895281851
vt 0.193359375 0.700927734
v -0.368164062 0.539062500 -0.030273398
vt 0.195312500 0.712646484
vn 0.062853903 -0.832814693 -0.549971879
vt 0.751953125 0.078369141
vt 0.756103516 0.075439453
vt 0.756103516 0.085449219
vt 0.763671875 0.512207031
vt 0.763671875 0.503173828
vt 0.779052734 0.503662109
vt 0.779541016 0.513916016
vt 0.777099609 0.526611328
vt 0.763671875 0.522949219
v -0.331054688 0.566406250 -0.024414031
vt 0.766601562 0.531250000
vn 0.706126630 0.188300461 -0.682589293
vt 0.624511719 0.814697266
vt 0.624267578 0.824462891
v -0.329101562 0.568359375 0.010742219
vt 0.617919922 0.824462891
vn 0.847639263 0.070636652 0.525850117
v -0.325195312 0.574218750 -0.006835906
vt 0.618652344 0.816894531
vn 0.985474706 0.157675996 -0.063070513
vt 0.614013672 0.810791016
vt 0.983154297 0.482666016
vt 0.988769531 0.479736328
vt 0.987792969 0.488769531
v -0.338867188 0.556640625 0.016601596
vt 0.980957031 0.488281250
vn 0.376415730 -0.243101701 0.893987000
v -0.358398438 0.544921875 0.022460975
vt 0.979003906 0.497558594
vn 0.197334364 -0.749870121 0.631469667
vt 0.988769531 0.499511719
v -0.352539062 0.542968750 0.012695349
vt 0.975830078 0.494140625
vn 0.007844524 -0.745218396 0.666774392
vt 0.977539062 0.459960938
vt 0.979736328 0.451416016
v -0.344726562 0.556640625 -0.032226529
vt 0.985351562 0.460449219
vn 0.315440059 -0.346984208 -0.883232534
vt 0.988769531 0.453857422
v -0.354492188 0.542968750 -0.022460900
vt 0.988769531 0.467285156
vn -0.031527415 -0.748774707 -0.662074447
vt 0.984375000 0.471923828
vt 0.560546875 0.197753906
vt 0.562011719 0.191162109
v -0.321289062 0.556640625 -0.024414031
vt 0.567382812 0.191894531
vn 0.094371133 0.715648532 -0.692055881
v -0.333007812 0.541015625 -0.030273404
vt 0.567871094 0.199707031
vn -0.442442566 0.221221164 -0.869083345
vt 0.560546875 0.204345703
v -0.342773438 0.527343750 -0.022460902
vt 0.567871094 0.206298828
vn -0.864321768 0.007857409 -0.502877951
vt 0.278564453 0.801757812
vt 0.278320312 0.793701172
v -0.317382812 0.562500000 -0.004882782
vt 0.283935547 0.793945312
vn 0.339668930 0.940014243 -0.031597205
vt 0.283935547 0.802001953
vt 0.767578125 0.695312500
vt 0.773193359 0.693603516
v -0.321289062 0.556640625 0.014648469
vt 0.767578125 0.703369141
vn -0.039445922 0.781030178 0.623246253
vt 0.772949219 0.701171875
vt 0.976806641 0.667968750
vt 0.973388672 0.675048828
v -0.307617188 0.564453125 -0.002929658
vt 0.969482422 0.674804688
vn 0.446869910 0.893739820 0.039199017
v -0.313476562 0.556640625 -0.028320283
vt 0.974121094 0.665771484
vn 0.283825427 0.678027689 -0.678027749
v -0.313476562 0.556640625 0.020507842
vt 0.969238281 0.684570312
vn 0.283666968 0.701287687 0.654009700
vt 0.972900391 0.683105469
v -0.331054688 0.539062500 0.030273471
vt 0.975097656 0.690185547
vn -0.392837018 0.314269692 0.864241719
v -0.333007812 0.542968750 0.020507846
vt 0.976806641 0.686523438
vn -0.636042833 0.400471419 0.659600079
vt 0.699218750 0.768310547
vt 0.704589844 0.766601562
vt 0.699218750 0.775634766
vt 0.704589844 0.772949219
vt 0.668701172 0.001220703
vt 0.678466797 0.003662109
v -0.305664062 0.539062500 0.020507844
vt 0.678466797 0.010986328
vn 0.638984919 0.331325531 0.694205761
v -0.297851562 0.546875000 -0.002929658
vt 0.668212891 0.008789062
vn 0.892395854 0.450146616 0.031589098
v -0.286132812 0.521484375 -0.000976534
vt 0.668701172 0.019775391
vn 0.999690175 0.007871621 0.023614598
v -0.291992188 0.513671875 0.022460967
vt 0.678466797 0.022460938
vn 0.816874444 -0.062836431 0.573382914
vt 0.262207031 0.452392578
vt 0.272216797 0.455322266
v -0.319335938 0.519531250 0.030273469
vt 0.271972656 0.464355469
vn -0.054991972 -0.039280035 0.997713923
vt 0.262939453 0.460205078
v -0.305664062 0.494140625 0.030273471
vt 0.272216797 0.475830078
vn 0.402161360 -0.465245277 0.788551390
vt 0.263183594 0.471679688
vt 0.188964844 0.413085938
vt 0.197265625 0.410888672
v -0.331054688 0.503906250 0.018554723
vt 0.188720703 0.421875000
vn -0.662898481 -0.402474165 0.631332040
vt 0.178466797 0.416015625
v -0.319335938 0.476562500 0.020507846
vt 0.178466797 0.425048828
vn -0.070826508 -0.826310694 0.558743417
v -0.344726562 0.519531250 0.018554723
vt 0.196777344 0.421142578
vn -0.834128618 -0.133775353 0.535101533
v -0.334960938 0.498046875 -0.002929651
vt 0.187744141 0.429931641
vn -0.843959868 -0.536348343 -0.007887341
v -0.348632812 0.513671875 -0.002929650
vt 0.195800781 0.428955078
vn -0.958848178 -0.282938808 0.023578374
vt 0.978027344 0.580322266
vt 0.980712891 0.583496094
vt 0.972412109 0.588134766
v -0.342773438 0.527343750 0.012695348
vt 0.976074219 0.589111328
vn -0.909698963 0.078422308 0.407796204
vt 0.973144531 0.597167969
v -0.346679688 0.521484375 -0.004882776
vt 0.976318359 0.596679688
vn -0.994719684 -0.102629848 0.000000135
v -0.344726562 0.519531250 -0.026367152
vt 0.978515625 0.604736328
vn -0.803050160 -0.157460868 -0.574731827
vt 0.980712891 0.602050781
vt 0.727294922 0.134277344
vt 0.730957031 0.130615234
vt 0.730957031 0.140625000
vt 0.057128906 0.264160156
vt 0.057128906 0.252685547
vt 0.061767578 0.258544922
vt 0.031494141 0.976806641
vt 0.039550781 0.969482422
vt 0.037597656 0.978027344
v -0.370117188 0.533203125 -0.002929649
vt 0.031982422 0.988525391
vn -0.078762092 -0.992402971 0.094514623
vt 0.039550781 0.989990234
vt 0.512939453 0.841552734
vt 0.508789062 0.831054688
vt 0.515380859 0.837646484
v -0.358398438 0.537109375 -0.004882775
vt 0.513427734 0.830566406
vn -0.220254019 -0.975410879 0.007866288
vt 0.510009766 0.820068359
vt 0.515380859 0.823486328
vt 0.112060547 0.447021484
vt 0.112060547 0.434082031
vt 0.122314453 0.438232422
vt 0.748046875 0.563720703
vt 0.748046875 0.577148438
vt 0.742431641 0.567871094
vt 0.797363281 0.001708984
vt 0.804687500 0.002929688
vt 0.804687500 0.010498047
vt 0.797851562 0.008789062
vt 0.787841797 0.002685547
vt 0.795410156 0.001708984
vt 0.795410156 0.009521484
vt 0.787841797 0.010498047
vt 0.025390625 0.700439453
vt 0.027832031 0.693603516
v -0.329101562 0.537109375 -0.038085904
vt 0.031494141 0.693603516
vn -0.266865909 0.204073772 -0.941879272
vt 0.027587891 0.703369141
vt 0.028076172 0.684082031
vt 0.025390625 0.686035156
vt 0.413574219 0.962158203
vt 0.422851562 0.957275391
vt 0.425292969 0.964843750
v -0.303710938 0.539062500 -0.026367158
vt 0.416503906 0.969482422
vn 0.685868979 0.283807904 -0.670102119
vt 0.428710938 0.975341797
v -0.291992188 0.513671875 -0.024414033
vt 0.419921875 0.979980469
vn 0.877586842 -0.110686623 -0.466465205
v -0.303710938 0.494140625 -0.034179654
vt 0.413574219 0.986083984
vn 0.464898437 -0.472778201 -0.748565495
vt 0.980712891 0.155029297
vt 0.989990234 0.151367188
vt 0.989501953 0.159423828
v -0.317382812 0.519531250 -0.034179654
vt 0.980712891 0.163330078
vn 0.023677036 -0.102601074 -0.994440794
vt 0.971435547 0.157226562
vt 0.979980469 0.174804688
v -0.331054688 0.501953125 -0.022460902
vt 0.972412109 0.166015625
vn -0.637065053 -0.456170052 -0.621334910
v -0.317382812 0.476562500 -0.024414029
vt 0.971435547 0.177490234
vn -0.000000033 -0.843986154 -0.536364973
vt 0.114990234 0.636962891
vt 0.106201172 0.629638672
vt 0.115722656 0.628173828
vt 0.106933594 0.637939453
vt 0.115722656 0.648437500
v -0.323242188 0.470703125 -0.000976527
vt 0.105957031 0.649414062
vn -0.188550130 -0.982032180 0.007856325
vt 0.372070312 0.265625000
vt 0.368652344 0.257324219
vt 0.372070312 0.248046875
vt 0.515869141 0.996093750
vt 0.507568359 0.990722656
vt 0.511718750 0.976562500
vt 0.521240234 0.976562500
vt 0.524658203 0.996582031
vt 0.149902344 0.659423828
vt 0.149902344 0.670410156
vt 0.140869141 0.658447266
vt 0.140869141 0.669433594
vt 0.114501953 0.335937500
vt 0.108886719 0.343261719
vt 0.108886719 0.319335938
vt 0.268310547 0.394531250
vt 0.268310547 0.377441406
vt 0.272216797 0.386718750
v -0.020507753 0.095703170 0.383789062
vt 0.139160156 0.001953125
vn -0.574642777 -0.566771030 0.590386629
v -0.018554630 0.119140670 0.379882812
vt 0.148681641 0.003417969
vn -0.550907850 0.653219402 0.519427538
v -0.030273380 0.095703170 0.360351562
vt 0.139160156 0.011718750
vn -0.822166502 -0.569192231 0.007905580
v -0.026367132 0.119140670 0.360351562
vt 0.148681641 0.011474609
vn -0.756445110 0.654009759 0.007879706
vt 0.886718750 0.895751953
vt 0.896240234 0.895019531
v 0.002929749 0.095703170 0.393554688
vt 0.896728516 0.904296875
vn 0.000000133 -0.560150146 0.828391194
v 0.002929747 0.119140670 0.389648438
vt 0.887207031 0.904296875
vn 0.000000072 0.645589292 0.763684809
v 0.024414120 0.119140670 0.379882812
vt 0.886718750 0.913085938
vn 0.550907969 0.653219402 0.519427419
v 0.026367247 0.095703170 0.383789062
vt 0.896240234 0.913818359
vn 0.569192290 -0.561286747 0.600813985
vt 0.460449219 0.969970703
vt 0.470703125 0.969970703
v 0.026367242 0.095703170 0.334960938
vt 0.471435547 0.994873047
vn 0.566665649 -0.566665709 -0.598147273
vt 0.453369141 0.977050781
vt 0.453369141 0.987304688
v 0.038085993 0.095703170 0.360351562
vt 0.460205078 0.995361328
vn 0.843566477 -0.536098182 0.031535104
v 0.002929740 0.095703170 0.325195312
vt 0.478515625 0.987792969
vn -0.000000083 -0.565528393 -0.824728906
v -0.020507758 0.095703170 0.334960938
vt 0.478515625 0.977539062
vn -0.590386629 -0.566771030 -0.574642837
vt 0.992675781 0.592529297
vt 0.992431641 0.602050781
v 0.002929739 0.119140670 0.329101562
vt 0.983154297 0.592529297
vn -0.000000128 0.654030085 -0.756468594
v -0.018554633 0.119140670 0.338867188
vt 0.982910156 0.601562500
vn -0.566227555 0.652734458 -0.503313243
vt 0.992431641 0.583496094
v 0.024414117 0.119140670 0.338867188
vt 0.982910156 0.584228516
vn 0.544778228 0.663208425 -0.513197064
vt 0.564208984 0.803222656
vt 0.564208984 0.792724609
vt 0.573242188 0.792724609
vt 0.573242188 0.801513672
vt 0.067871094 0.975341797
vt 0.076904297 0.976074219
v -0.008789008 0.121093795 0.348632812
vt 0.069824219 0.980712891
vn -0.440712780 0.794856787 -0.417103052
vt 0.060791016 0.981689453
v -0.012695257 0.121093795 0.360351562
vt 0.074707031 0.981201172
vn -0.637005925 0.770698428 0.015728589
v 0.002929741 0.121093795 0.344726562
vt 0.066406250 0.984130859
vn -0.007894476 0.734174967 -0.678914487
vt 0.082763672 0.982177734
vt 0.060791016 0.991210938
v -0.008789006 0.121093795 0.370117188
vt 0.077636719 0.984130859
vn -0.479928315 0.763164759 0.432722300
v 0.014648492 0.121093795 0.348632812
vt 0.065917969 0.989257812
vn 0.464898437 0.748565435 -0.472778291
v 0.002929745 0.121093795 0.375976562
vt 0.077880859 0.989501953
vn -0.007864949 0.770769954 0.637064934
v 0.018554743 0.121093795 0.360351562
vt 0.069580078 0.992431641
vn 0.699012756 0.714720964 0.023562105
vt 0.082763672 0.991699219
v 0.032226618 0.119140670 0.360351562
vt 0.067382812 0.997558594
vn 0.737442076 0.674681067 0.031380385
v 0.014648494 0.121093795 0.370117188
vt 0.073730469 0.992675781
vn 0.503453493 0.723714292 0.471987516
vt 0.075683594 0.997802734
vt 0.416503906 0.152587891
vt 0.411865234 0.152099609
v -0.000976511 0.183593795 0.348632812
vt 0.416748047 0.128662109
vn -0.502940297 0.660108984 -0.557949185
v -0.006835884 0.183593795 0.360351562
vt 0.411621094 0.128662109
vn -0.756257296 0.653847396 0.023633111
vt 0.632080078 0.011718750
vt 0.623535156 0.009765625
vt 0.632324219 0.000976562
vt 0.623291016 0.000976562
vt 0.218994141 0.436279297
vt 0.214111328 0.436523438
v 0.008789114 0.183593795 0.344726562
vt 0.219726562 0.411132812
vn 0.023707327 0.632198751 -0.774443567
vt 0.215820312 0.411376953
v 0.018554740 0.183593795 0.348632812
vt 0.223388672 0.410888672
vn 0.582009912 0.605605006 -0.542685032
vt 0.223388672 0.435791016
vt 0.750732422 0.010498047
vt 0.741210938 0.010253906
vt 0.750732422 0.000732422
vt 0.741455078 0.002441406
vt 0.489990234 0.276855469
vt 0.489990234 0.272705078
v 0.022460992 0.183593795 0.360351562
vt 0.493896484 0.280029297
vn 0.788281858 0.614859879 0.023648327
vt 0.492919922 0.269531250
v 0.018554742 0.183593795 0.370117188
vt 0.498046875 0.280029297
vn 0.566245019 0.613432050 0.550515890
v 0.008789117 0.183593795 0.374023438
vt 0.500976562 0.277099609
v -0.000976508 0.183593795 0.370117188
vt 0.500976562 0.272705078
vn -0.471695751 0.676097274 0.566034973
vt 0.498046875 0.269042969
vt 0.972167969 0.748046875
vt 0.976806641 0.748046875
vt 0.972167969 0.772949219
vt 0.976806641 0.772949219
vt 0.980712891 0.748046875
vt 0.980712891 0.773193359
vt 0.203613281 0.575439453
vt 0.203613281 0.550537109
vt 0.207519531 0.550781250
vt 0.208496094 0.575927734
vt 0.211425781 0.550781250
vt 0.212890625 0.575927734
vt 0.089355469 0.971435547
vt 0.089111328 0.946533203
vt 0.093261719 0.946533203
vt 0.093261719 0.971679688
v -0.010742133 0.173828170 0.362304688
vt 0.734863281 0.187500000
vn -0.330955058 -0.709189355 -0.622510493
v -0.010742131 0.173828170 0.381835938
vt 0.734863281 0.194580078
vn -0.330954850 -0.709189236 0.622510672
v -0.020507757 0.185546920 0.381835938
vt 0.728759766 0.194580078
vn -0.724746466 -0.259963453 0.638092220
v -0.020507758 0.185546920 0.362304688
vt 0.728759766 0.187500000
vn -0.724746644 -0.259963512 -0.638091981
vt 0.778320312 0.584228516
vt 0.786132812 0.584228516
v 0.014648492 0.173828170 0.362304688
vt 0.786132812 0.594238281
vn 0.299249679 -0.716624379 -0.629999399
v 0.014648494 0.173828170 0.381835938
vt 0.778320312 0.594238281
vn 0.299249858 -0.716624320 0.629999399
vt 0.972656250 0.273437500
vt 0.968750000 0.268798828
vt 0.982666016 0.273437500
v 0.026367242 0.185546920 0.362304688
vt 0.987304688 0.268798828
vn 0.716624260 -0.299249738 -0.629999518
v -0.020507762 0.234375045 0.362304688
vt 0.968750000 0.249267578
vn -0.730361640 0.204187021 -0.651827872
v 0.026367238 0.234375045 0.362304688
vt 0.987304688 0.249267578
vn 0.730361402 0.204187080 -0.651828110
v -0.014648387 0.244140670 0.362304688
vt 0.970947266 0.245361328
vn -0.519814074 0.559193790 -0.645829439
v 0.020507863 0.244140670 0.362304688
vt 0.985107422 0.245361328
vn 0.495448947 0.581956029 -0.644870222
v -0.006835887 0.248046920 0.362304688
vt 0.974121094 0.243896484
vn -0.172907174 0.730925202 -0.660190582
v 0.010742238 0.248046920 0.362304688
vt 0.981201172 0.243896484
vn 0.141429961 0.730722129 -0.667864323
vt 0.983398438 0.357666016
vt 0.973388672 0.357666016
v 0.026367243 0.185546920 0.381835938
vt 0.968750000 0.353027344
vn 0.716624439 -0.299249649 0.629999220
vt 0.987304688 0.352783203
v 0.026367242 0.234375045 0.381835938
vt 0.968750000 0.333496094
vn 0.730361640 0.204187155 0.651827931
v -0.020507758 0.234375045 0.381835938
vt 0.987304688 0.333496094
vn -0.730361462 0.204187080 0.651828110
v 0.020507867 0.244140670 0.381835938
vt 0.970947266 0.329589844
vn 0.495449126 0.581956029 0.644870102
v -0.014648384 0.244140670 0.381835938
vt 0.985107422 0.329589844
vn -0.519813895 0.559193790 0.645829558
v 0.010742241 0.248046920 0.381835938
vt 0.974853516 0.328125000
vn 0.141430154 0.730722189 0.667864263
v -0.006835884 0.248046920 0.381835938
vt 0.981933594 0.328125000
vn -0.172906995 0.730925262 0.660190463
vt 0.159179688 0.000976562
vt 0.159179688 0.007568359
vt 0.152832031 0.007812500
vt 0.152832031 0.001220703
vt 0.235595703 0.483886719
vt 0.242919922 0.503662109
vt 0.235107422 0.503417969
vt 0.243164062 0.484130859
vt 0.242919922 0.479980469
vt 0.235107422 0.479980469
vt 0.579833984 0.024902344
vt 0.572021484 0.024902344
vt 0.571777344 0.005371094
vt 0.579589844 0.005371094
vt 0.579833984 0.001464844
vt 0.572021484 0.001464844
vt 0.164306641 0.694580078
vt 0.172119141 0.694580078
vt 0.164306641 0.697753906
vt 0.172119141 0.697753906
vt 0.172119141 0.704833984
vt 0.164306641 0.704833984
vt 0.164306641 0.708740234
vt 0.172119141 0.708740234
v -0.008789007 0.181640670 0.383789062
vt 0.761230469 0.009521484
vn -0.486982644 -0.651928544 0.581237555
v -0.018554632 0.195312545 0.383789062
vt 0.754638672 0.010498047
vn -0.867973268 -0.149922699 0.473440140
v -0.006835884 0.177734420 0.360351562
vt 0.761230469 0.000732422
vn -0.582099974 -0.739424348 0.338247418
v -0.012695259 0.191406295 0.360351562
vt 0.755615234 0.001220703
vn -0.997221589 -0.023556454 0.070669375
vt 0.109130859 0.490478516
vt 0.109130859 0.497070312
v 0.002929744 0.199218795 0.389648438
vt 0.101562500 0.494384766
vn 0.007873659 -0.007873484 0.999938011
v 0.004882869 0.177734420 0.383789062
vt 0.105712891 0.501464844
vn 0.094511740 -0.795472860 0.598573744
v -0.016601507 0.208984420 0.383789062
vt 0.105224609 0.486328125
vn -0.811199605 0.417413443 0.409537762
v 0.018554743 0.185546920 0.383789062
vt 0.099365234 0.502197266
vn 0.622781396 -0.512414992 0.591248035
v -0.004882758 0.220703170 0.383789062
vt 0.098876953 0.485351562
vn -0.329972982 0.872071505 0.361398995
v 0.022460993 0.195312545 0.383789062
vt 0.095947266 0.500000000
vn 0.825442135 -0.125781581 0.550294578
v 0.004882867 0.220703170 0.383789062
vt 0.095703125 0.487548828
vn 0.189117163 0.906186342 0.378234237
v 0.022460993 0.207031295 0.383789062
vt 0.093017578 0.496093750
vn 0.828288078 0.323426783 0.457530379
v 0.016601617 0.214843795 0.383789062
vt 0.093261719 0.492187500
vn 0.569423616 0.711779535 0.411250293
vt 0.471923828 0.637207031
vt 0.481201172 0.637939453
vt 0.471923828 0.642822266
v 0.006835991 0.175781295 0.360351562
vt 0.481201172 0.643554688
vn 0.158128798 -0.901333570 0.403228164
v 0.018554742 0.181640670 0.360351562
vt 0.481201172 0.648193359
vn 0.737873733 -0.565179706 0.368936777
vt 0.781250000 0.524169922
vt 0.787597656 0.524169922
vt 0.781494141 0.532470703
vt 0.955078125 0.827392578
vt 0.958496094 0.829589844
vt 0.954589844 0.838134766
v 0.020507865 0.191406295 0.360351562
vt 0.951171875 0.836181641
vn 0.977621377 0.047304310 0.204984993
v 0.030273488 0.167968795 0.336914062
vt 0.953613281 0.849365234
vn 0.583455563 -0.480956435 0.654416144
vt 0.951171875 0.824951172
vt 0.625976562 0.036132812
vt 0.630371094 0.033691406
vt 0.629882812 0.047363281
v 0.008789114 0.156250045 0.336914062
vt 0.638427734 0.042968750
vn 0.086568683 -0.716158032 0.692548573
v 0.041992236 0.156250045 0.319335938
vt 0.632568359 0.056640625
vn 0.732419729 -0.590661049 -0.338645726
v 0.018554738 0.140625045 0.319335938
vt 0.642822266 0.052001953
vn 0.298519373 -0.895558119 -0.329942435
v 0.036132861 0.185546920 0.336914062
vt 0.623046875 0.047363281
vn 0.795029223 0.023614790 0.606111228
v 0.049804736 0.183593795 0.319335938
vt 0.622558594 0.056152344
vn 0.922347009 -0.007883285 -0.386282235
vt 0.622558594 0.035888672
vt 0.003417969 0.992675781
vt 0.001953125 0.987548828
vt 0.015380859 0.990966797
v -0.014648386 0.164062545 0.336914062
vt 0.011474609 0.981933594
vn -0.504140139 -0.535649002 0.677438498
v -0.008789013 0.140625045 0.319335938
vt 0.023437500 0.982666016
vn -0.291338593 -0.897637784 -0.330708593
vt 0.024902344 0.992675781
v -0.032226514 0.156250045 0.319335938
vt 0.017333984 0.973144531
vn -0.772924542 -0.520541072 -0.362801194
v -0.022460887 0.185546920 0.336914062
vt 0.004394531 0.977783203
vn -0.788502276 -0.000000008 0.615031958
v -0.040039014 0.183593795 0.321289062
vt 0.007812500 0.969238281
vn -0.958996236 -0.015721304 -0.282982349
vt 0.455322266 0.942871094
vt 0.461425781 0.952148438
vt 0.444335938 0.939697266
v 0.041992236 0.208984420 0.319335938
vt 0.434082031 0.942626953
vn 0.755554199 0.535184324 -0.377777249
v 0.018554734 0.226562545 0.319335938
vt 0.427246094 0.952148438
vn 0.291401744 0.882081211 -0.370159149
vt 0.461425781 0.963134766
v -0.008789017 0.226562545 0.319335938
vt 0.427246094 0.962890625
vn -0.363242269 0.876519144 -0.315862715
v -0.032226514 0.208984420 0.321289062
vt 0.434082031 0.972412109
vn -0.789165080 0.544523776 -0.284099340
vt 0.444335938 0.975585938
vt 0.455322266 0.972412109
vt 0.050781250 0.983398438
vt 0.042724609 0.987304688
vt 0.040771484 0.977783203
v 0.028320361 0.203125045 0.336914062
vt 0.049804688 0.976318359
vn 0.641444683 0.546415746 0.538496614
vt 0.060546875 0.978027344
vt 0.042236328 0.966308594
v 0.016601615 0.203125045 0.360351562
vt 0.059570312 0.973632812
vn 0.770770013 0.637065053 -0.007865129
v 0.010742236 0.212890670 0.336914062
vt 0.051269531 0.968505859
vn 0.141225368 0.870889664 0.470751107
vt 0.046875000 0.958740234
v 0.006835990 0.208984420 0.360351562
vt 0.060546875 0.969238281
vn 0.196697965 0.967754304 -0.157358497
vt 0.745361328 0.201171875
vt 0.741455078 0.198486328
vt 0.745361328 0.189941406
vt 0.741943359 0.188476562
vt 0.737304688 0.197509766
vt 0.737060547 0.187744141
vt 0.979492188 0.082519531
vt 0.975830078 0.084228516
vt 0.971435547 0.075927734
v -0.006835885 0.207031295 0.360351562
vt 0.976562500 0.073730469
vn -0.614955366 0.772636175 -0.157680809
v -0.010742138 0.208984420 0.338867188
vt 0.974365234 0.065185547
vn -0.478995264 0.816647589 0.321947664
vt 0.966308594 0.067871094
vt 0.979492188 0.055419922
vt 0.235351562 0.675048828
vt 0.234863281 0.685546875
vt 0.229248047 0.677246094
vt 0.229248047 0.688964844
vt 0.325683594 0.034179688
vt 0.330078125 0.030761719
vt 0.330078125 0.041992188
vt 0.983642578 0.968750000
vt 0.992431641 0.968017578
vt 0.993896484 0.977539062
vt 0.984130859 0.975097656
vt 0.993408203 0.986083984
vt 0.983642578 0.980468750
vt 0.762939453 0.708251953
vt 0.770507812 0.704589844
vt 0.770507812 0.715332031
vt 0.236572266 0.427246094
vt 0.236572266 0.410400391
vt 0.243164062 0.417480469
vt 0.107910156 0.035400391
vt 0.100585938 0.035400391
vt 0.106201172 0.025390625
v -0.092773400 0.251953155 0.272460938
vt 0.770507812 0.142333984
vn -0.897304058 0.377812207 0.228261650
v -0.092773393 0.091796920 0.272460938
vt 0.770507812 0.206298828
vn -0.980580688 -0.000000034 0.196116254
v -0.083007760 0.091796920 0.321289062
vt 0.750488281 0.206298828
vn -0.628519893 0.000000007 0.777793527
v -0.083007768 0.246093795 0.321289062
vt 0.750488281 0.144775391
vn -0.520654321 0.496988297 0.694205940
v -0.084960900 0.259765655 0.272460938
vt 0.770019531 0.139160156
vn -0.353804648 0.896305084 0.267319083
vt 0.822265625 0.144287109
vt 0.883544922 0.144531250
v 0.094726615 0.091796920 0.319335938
vt 0.883544922 0.215576172
vn 0.654030204 0.000000062 0.756468475
v 0.094726607 0.246093810 0.319335938
vt 0.822265625 0.215332031
vn 0.543357670 0.496109188 0.677228212
vt 0.215820312 0.548583984
vt 0.235351562 0.549316406
vt 0.235351562 0.620361328
v 0.094726600 0.259765685 0.270507812
vt 0.215820312 0.620605469
vn 0.355257034 0.899984419 0.252627134
vt 0.941406250 0.864990234
vt 0.937500000 0.883544922
v 0.102539100 0.251953185 0.270507812
vt 0.937011719 0.864990234
vn 0.903469682 0.384956688 0.188550070
vt 0.861083984 0.672119141
vt 0.880859375 0.674560547
vt 0.880859375 0.736328125
v 0.102539107 0.091796920 0.270507812
vt 0.861083984 0.736328125
vn 0.987440705 0.000000050 0.157990366
v -0.071289025 0.298828155 0.305664062
vt 0.984863281 0.017089844
vn -0.605380297 -0.731173635 0.314483404
v -0.040039022 0.281250060 0.309570312
vt 0.983886719 0.031494141
vn -0.323507190 -0.860055983 0.394521117
v -0.071289018 0.318359405 0.350585938
vt 0.967285156 0.013916016
vn -0.440780818 -0.401425481 0.802851021
v -0.038085889 0.300781280 0.354492188
vt 0.966064453 0.028808594
vn -0.236066714 -0.511478126 0.826234043
v -0.094726518 0.341796905 0.344726562
vt 0.966064453 0.000976562
vn -0.613868773 -0.275453955 0.739790738
v -0.094726525 0.324218780 0.301757812
vt 0.982666016 0.003906250
vn -0.802751541 -0.550907969 0.228233427
vt 0.833496094 0.952636719
vt 0.845458984 0.938964844
v 0.004882860 0.294921935 0.356445312
vt 0.845458984 0.965087891
vn -0.023656409 -0.536214888 0.843750060
vt 0.482421875 0.936035156
vt 0.482421875 0.962402344
v 0.002929730 0.273437560 0.311523438
vt 0.470458984 0.950195312
vn -0.023606589 -0.904922903 0.424920350
vt 0.949707031 0.757324219
vt 0.931640625 0.754394531
v -0.110351518 0.371093780 0.338867188
vt 0.932128906 0.742187500
vn -0.722174108 -0.109896071 0.682925701
v -0.110351525 0.353515655 0.295898438
vt 0.950195312 0.745117188
vn -0.940278232 -0.316059977 0.126424119
v -0.116210900 0.402343780 0.333007842
vt 0.931884766 0.729492188
vn -0.766588807 0.150156587 0.624335408
v -0.116210900 0.386718780 0.288085967
vt 0.950683594 0.731445312
vn -0.999845147 -0.015745636 0.007872929
v -0.110351525 0.435546905 0.325195312
vt 0.931396484 0.715820312
vn -0.732101858 0.377859056 0.566788673
v -0.110351533 0.423828155 0.278320312
vt 0.950683594 0.716308594
vn -0.953880250 0.291682363 -0.070949651
vt 0.882080078 0.388916016
vt 0.889648438 0.399902344
v -0.084960893 0.380859435 0.340820312
vt 0.874023438 0.395996094
vn 0.267617136 0.283359230 0.920917332
vt 0.872070312 0.380859375
v -0.073242143 0.359375030 0.344726562
vt 0.879638672 0.404296875
vn 0.251913935 0.362126201 0.897442997
v -0.088867150 0.404296905 0.334960938
vt 0.866210938 0.390136719
vn 0.307832003 0.228900671 0.923495531
vt 0.893798828 0.412597656
v -0.084960900 0.427734435 0.329101562
vt 0.856933594 0.387207031
vn 0.252164125 0.110321805 0.961375237
v -0.053710893 0.339843780 0.348632812
vt 0.883056641 0.414794922
vn 0.173632607 0.449866086 0.876054943
vt 0.894042969 0.427734375
v -0.028320266 0.326171935 0.352539062
vt 0.883300781 0.426513672
vn 0.063037187 0.480657876 0.874639630
vt 0.888183594 0.444091797
v 0.004882859 0.322265685 0.354492188
vt 0.878417969 0.438964844
vn -0.039295748 0.487268448 0.872367680
v 0.038085982 0.328125060 0.354492188
vt 0.870117188 0.449462891
vn -0.118308365 0.496895522 0.859708071
vt 0.858886719 0.376708984
v 0.045898486 0.300781310 0.356445312
vt 0.878417969 0.457519531
vn 0.219684005 -0.509980381 0.831660390
v -0.073242150 0.451171935 0.325195312
vt 0.846435547 0.386962891
vn 0.197137952 0.070969671 0.977803648
v -0.094726525 0.464843810 0.317382812
vt 0.845214844 0.376708984
vn -0.637281775 0.590075791 0.495663673
v -0.069335908 0.490234435 0.311523438
vt 0.831298828 0.380859375
vn -0.480881751 0.733147621 0.480881810
v -0.053710900 0.468750060 0.321289062
vt 0.836425781 0.390625000
vn 0.165631965 -0.023661640 0.985903800
v -0.028320279 0.482421935 0.317382812
vt 0.826660156 0.396972656
vn 0.070688993 0.000000047 0.997498453
v -0.038085904 0.507812560 0.309570312
vt 0.819335938 0.388671875
vn -0.244763076 0.836931944 0.489526212
v 0.004882844 0.513671935 0.307617188
vt 0.809082031 0.402832031
vn -0.015687339 0.886335850 0.462777108
v 0.004882846 0.488281310 0.317382812
vt 0.818359375 0.407470703
vn -0.031445280 -0.047168080 0.998391926
v 0.038085971 0.484375060 0.319335938
vt 0.813720703 0.419921875
vn -0.102629676 0.000000039 0.994719684
v 0.045898471 0.507812560 0.309570312
vt 0.803710938 0.418457031
vn 0.228651494 0.859414160 0.457302868
v 0.063476600 0.470703185 0.323242188
vt 0.813964844 0.431640625
vn -0.188550040 -0.007856223 0.982032180
v 0.077148475 0.492187560 0.315429688
vt 0.803466797 0.432373047
vn 0.418231487 0.749660134 0.512925208
v 0.081054725 0.453125060 0.327148438
vt 0.817138672 0.441162109
vn -0.268324316 0.031567611 0.962811291
v 0.102539100 0.468750060 0.321289062
vt 0.807373047 0.445800781
vn 0.620567739 0.581291258 0.526304185
v 0.092773475 0.429687560 0.333007812
vt 0.823242188 0.449707031
vn -0.323145211 0.126105532 0.937909663
v 0.118164100 0.437500060 0.329101533
vt 0.815673828 0.457275391
vn 0.708727419 0.385862708 0.590605974
v 0.096679725 0.406250060 0.338867188
vt 0.831054688 0.455566406
vn -0.368800372 0.188323677 0.910230994
v 0.124023475 0.404296935 0.336914033
vt 0.826660156 0.465576172
vn 0.754340529 0.125723466 0.644332349
v 0.092773482 0.382812560 0.342773438
vt 0.840332031 0.458496094
vn -0.339288026 0.299836040 0.891617715
v 0.118164107 0.373046935 0.342773408
vt 0.838867188 0.469482422
vn 0.700505316 -0.086579233 0.708375931
v 0.102539107 0.343750060 0.348632812
vt 0.852539062 0.469482422
vn 0.589437723 -0.267211646 0.762339234
v 0.081054732 0.361328185 0.348632812
vt 0.850341797 0.458496094
vn -0.297958970 0.392051399 0.870354116
v 0.079101607 0.318359435 0.352539062
vt 0.865966797 0.465820312
vn 0.449810147 -0.418244392 0.789140344
v 0.063476607 0.341796935 0.350585938
vt 0.860595703 0.455810547
vn -0.141325325 0.369016469 0.918615341
v 0.061523482 0.347656310 0.344726562
vt 0.858642578 0.454101562
vn -0.172800243 0.392728060 0.903274477
v 0.077148482 0.363281310 0.340820312
vt 0.849853516 0.456787109
vn -0.322574645 0.432722241 0.841841459
v 0.004882854 0.408203185 0.346679688
vt 0.847900391 0.422851562
vn -0.023592690 0.220199600 0.975169480
v 0.086914107 0.382812560 0.334960938
vt 0.841064453 0.456542969
vn -0.355456352 0.323860288 0.876792610
v 0.036132857 0.332031310 0.344726562
vt 0.868652344 0.447998047
vn -0.189234585 0.551934540 0.812132120
v 0.090820350 0.404296935 0.331054688
vt 0.832519531 0.453857422
vn -0.408752382 0.172933787 0.896111310
v 0.004882857 0.328125060 0.344726562
vt 0.875976562 0.437744141
vn -0.039472912 0.521043658 0.852616847
v 0.086914100 0.425781310 0.327148438
vt 0.825439453 0.448242188
vn -0.337777257 0.109974056 0.934779346
v -0.028320268 0.332031280 0.342773438
vt 0.880615234 0.425292969
vn 0.117687888 0.517826319 0.847352147
v 0.077148475 0.445312560 0.321289062
vt 0.820312500 0.441162109
vn -0.315872490 0.047380920 0.947617948
v -0.053710893 0.345703155 0.340820312
vt 0.880615234 0.413574219
vn 0.251656741 0.463992000 0.849341214
v 0.061523471 0.460937560 0.317382812
vt 0.817382812 0.432617188
vn -0.220151797 -0.031450246 0.974958539
v -0.067382768 0.361328155 0.336914062
vt 0.877441406 0.406005859
vn 0.260611266 0.386968166 0.884498477
v 0.036132846 0.474609435 0.313476562
vt 0.817138672 0.421142578
vn -0.125657335 -0.070682287 0.989552617
v -0.077148400 0.380859435 0.333007812
vt 0.872314453 0.398681641
vn 0.290753424 0.314327925 0.903692663
v 0.004882846 0.478515685 0.311523438
vt 0.821533203 0.409423828
vn -0.007853942 -0.070686631 0.997467637
v -0.081054650 0.402343810 0.327148438
vt 0.865234375 0.393310547
vn 0.315508962 0.220856249 0.922863305
v -0.028320279 0.472656310 0.313476562
vt 0.830078125 0.398681641
vn 0.102617152 -0.015787186 0.994595706
v -0.051757779 0.460937560 0.315429688
vt 0.838623047 0.392578125
vn 0.196893260 -0.086632922 0.976589918
v -0.067382775 0.443359435 0.319335938
vt 0.847900391 0.390380859
vn 0.227473840 0.047063582 0.972646236
v -0.077148400 0.423828185 0.323242188
vt 0.856689453 0.390625000
vn 0.235716939 0.102143995 0.966438890
vt 0.986083984 0.852050781
vt 0.968505859 0.851562500
vt 0.968017578 0.837890625
v -0.094726533 0.455078185 0.270507812
vt 0.985351562 0.837890625
vn -0.823383927 0.556764245 -0.109784424
vt 0.968994141 0.823486328
v -0.069335908 0.482421935 0.264648438
vt 0.986083984 0.822753906
vn -0.612655818 0.777601480 -0.141382039
vt 0.682128906 0.852294922
vt 0.686767578 0.859130859
vt 0.682617188 0.861083984
vt 0.689697266 0.867675781
vt 0.685546875 0.868896484
vt 0.686279297 0.877685547
vt 0.690185547 0.877441406
vt 0.688964844 0.888671875
vt 0.685791016 0.886230469
vt 0.685791016 0.899414062
vt 0.682128906 0.896728516
vt 0.885742188 0.695312500
vt 0.904541016 0.695800781
vt 0.903320312 0.708251953
v -0.038085911 0.498046935 0.260742188
vt 0.883789062 0.707763672
vn -0.313834161 0.933656454 -0.172608763
vt 0.902099609 0.725341797
v 0.004882838 0.505859435 0.258789062
vt 0.882568359 0.724853516
vn -0.015797142 0.987317383 -0.157970831
v 0.045898464 0.500000060 0.262695312
vt 0.883789062 0.741210938
vn 0.314648628 0.936079860 -0.157324433
vt 0.902343750 0.741699219
vt 0.904541016 0.754394531
v 0.079101592 0.482421935 0.266601562
vt 0.885009766 0.754638672
vn 0.607014716 0.780447543 -0.149782971
vt 0.572998047 0.779296875
vt 0.575439453 0.788818359
vt 0.571777344 0.787353516
vt 0.577148438 0.779296875
vt 0.572998047 0.770019531
vt 0.576904297 0.768798828
vt 0.571777344 0.759521484
vt 0.574951172 0.757324219
vt 0.072265625 0.020507812
vt 0.071533203 0.032958984
vt 0.067138672 0.031250000
vt 0.064208984 0.043945312
vt 0.068603516 0.044677734
vt 0.063964844 0.055664062
vt 0.068359375 0.056396484
vt 0.065673828 0.065185547
vt 0.069824219 0.064941406
vt 0.069091797 0.073730469
vt 0.072265625 0.072021484
vt 0.130371094 0.999267578
vt 0.130615234 0.981689453
vt 0.144531250 0.981445312
v 0.102539092 0.457031310 0.274414062
vt 0.144531250 0.999023438
vn 0.825442135 0.550294816 -0.125781789
vt 0.906250000 0.458984375
vt 0.925537109 0.458251953
vt 0.925537109 0.471191406
v 0.120117217 0.425781310 0.282226533
vt 0.906250000 0.471679688
vn 0.950343192 0.306308985 -0.054978672
vt 0.925537109 0.484863281
v 0.124023475 0.390625060 0.291992158
vt 0.906982422 0.486328125
vn 0.999597251 -0.015741644 0.023612402
vt 0.925292969 0.497558594
v 0.120117225 0.357421935 0.297851533
vt 0.906494141 0.499755859
vn 0.954028547 -0.268074095 0.134036958
v 0.104492225 0.326171935 0.305664062
vt 0.907226562 0.512695312
vn 0.795374334 -0.551249444 0.251999706
vt 0.925537109 0.509521484
vt 0.060302734 0.059082031
vt 0.062988281 0.060058594
vt 0.062988281 0.068847656
vt 0.059326172 0.068603516
vt 0.059814453 0.078125000
vt 0.062988281 0.077636719
vt 0.062744141 0.085693359
vt 0.059570312 0.086914062
vt 0.061279297 0.094726562
vt 0.488525391 0.819091797
vt 0.506103516 0.817138672
v 0.079101607 0.300781310 0.309570312
vt 0.487304688 0.833251953
vn 0.606863916 -0.732965410 0.307372540
vt 0.504882812 0.830810547
v 0.047851603 0.281250060 0.311523438
vt 0.487548828 0.847900391
vn 0.323275983 -0.867325604 0.378469348
vt 0.506103516 0.845703125
vt 0.699462891 0.996582031
vt 0.681396484 0.995849609
vt 0.699462891 0.978515625
vt 0.681396484 0.979248047
vt 0.884521484 0.920166016
vt 0.880371094 0.929443359
vt 0.880615234 0.919433594
vt 0.880859375 0.906982422
vt 0.884765625 0.906982422
vt 0.884277344 0.893554688
vt 0.880371094 0.893554688
v -0.329101562 0.441406250 0.049804728
vt 0.728271484 0.796630859
vn -0.943829179 -0.259553075 0.204496458
v -0.307617188 0.427734375 0.055664100
vt 0.718261719 0.794189453
vn 0.157793760 -0.978320897 0.134124666
v -0.321289062 0.449218750 0.073242225
vt 0.728271484 0.787109375
vn -0.788404286 -0.015768094 0.614955485
v -0.299804688 0.435546875 0.083007842
vt 0.718261719 0.783447266
vn 0.196352005 -0.636180103 0.746137261
vt 0.376464844 0.979003906
vt 0.365966797 0.979492188
v -0.256835938 0.503906250 0.079101592
vt 0.365966797 0.947265625
vn 0.748472571 0.149694562 0.646049857
v -0.286132812 0.509765625 0.071289092
vt 0.377441406 0.951171875
vn -0.431521803 0.580593109 0.690435052
vt 0.812255859 0.623291016
vt 0.821777344 0.648925781
vt 0.812255859 0.654785156
vt 0.260986328 0.975341797
vt 0.251708984 0.971679688
vt 0.251953125 0.947021484
v -0.286132812 0.521484375 0.053710967
vt 0.259277344 0.942871094
vn -0.401350886 0.873528421 0.275436908
v -0.333007812 0.441406250 -0.000976524
vt 0.281250000 0.976806641
vn -0.967305303 -0.251656681 -0.031456944
v -0.290039062 0.525390625 -0.000976534
vt 0.281250000 0.942871094
vn -0.456579715 0.889543176 0.015744148
vt 0.069580078 0.339111328
vt 0.057617188 0.341796875
v -0.256835938 0.515625000 0.059570339
vt 0.058105469 0.333984375
vn 0.848292589 0.494837344 0.188509330
vt 0.069824219 0.332031250
vt 0.072265625 0.310302734
v -0.260742188 0.519531250 0.000976588
vt 0.060546875 0.310546875
vn 0.889405429 0.456508994 0.023612395
v -0.254882842 0.517578125 -0.063476540
vt 0.059326172 0.284667969
vn 0.887428582 0.455494344 0.070680007
v -0.286132842 0.523437500 -0.057617158
vt 0.071777344 0.287597656
vn -0.448972076 0.890067339 -0.078766994
v -0.249023452 0.513671875 -0.104492165
vt 0.057617188 0.268310547
vn 0.842180312 0.448638171 -0.299092233
v -0.282226592 0.521484375 -0.100585908
vt 0.070800781 0.270263672
vn -0.377847463 0.826541126 -0.417206436
vt 0.942871094 0.290527344
vt 0.950683594 0.295166016
vt 0.942871094 0.330078125
vt 0.032958984 0.509521484
vt 0.031494141 0.491210938
vt 0.042724609 0.510009766
v -0.311523438 0.427734375 -0.000976526
vt 0.041259766 0.489746094
vn 0.197630063 -0.980244875 -0.007905184
v -0.303710938 0.429687500 -0.057617150
vt 0.041992188 0.467773438
vn 0.212651208 -0.976620197 -0.031503860
v -0.325195312 0.443359375 -0.053710900
vt 0.032226562 0.470703125
vn -0.944794059 -0.267691672 -0.188958675
v -0.315429717 0.447265625 -0.092773400
vt 0.033203125 0.454833984
vn -0.871587455 -0.259120613 -0.416163236
v -0.291992217 0.433593750 -0.102539033
vt 0.043457031 0.449462891
vn 0.173854649 -0.908785701 -0.379319251
v -0.305664092 0.460937500 -0.106445283
vt 0.031494141 0.447265625
vn -0.700505316 0.086579233 -0.708375931
v -0.282226592 0.445312500 -0.116210908
vt 0.042236328 0.442138672
vn 0.368414998 -0.556541920 -0.744668782
vt 0.036621094 0.867675781
vt 0.001708984 0.867675781
vt 0.038085938 0.844482422
vt 0.001464844 0.845214844
vt 0.002197266 0.822509766
vt 0.037109375 0.818603516
vt 0.003662109 0.804199219
vt 0.008300781 0.798339844
v -0.252929717 0.501953125 -0.116210915
vt 0.030761719 0.797363281
vn 0.666466773 0.031363145 -0.744874835
vt 0.035400391 0.802001953
vt 0.768310547 0.921630859
vt 0.805908203 0.921630859
vt 0.770019531 0.940917969
vt 0.805419922 0.941894531
vt 0.805175781 0.957275391
vt 0.772949219 0.955566406
vt 0.779541016 0.960693359
v -0.282226592 0.509765625 -0.108398408
vt 0.801025391 0.961181641
vn -0.409436226 0.385814756 -0.826745987
vt 0.753906250 0.051269531
vt 0.753906250 0.037597656
vt 0.758544922 0.050048828
vt 0.200195312 0.433837891
vt 0.199707031 0.412109375
vt 0.211669922 0.409667969
vt 0.211669922 0.435302734
vt 0.782226562 0.510009766
vt 0.782226562 0.500244141
vt 0.788818359 0.508544922
v -0.454101562 0.025390625 -0.008788990
vt 0.392089844 0.942626953
vn -0.918190837 -0.329607010 0.219738126
v -0.448242188 0.019531250 -0.002929616
vt 0.394531250 0.945312500
vn -0.814006746 -0.482081741 0.324022263
v -0.454101562 0.062500000 -0.008788992
vt 0.377197266 0.942382812
vn -0.949085295 0.101967812 0.298059970
v -0.448242188 0.060546875 -0.002929618
vt 0.377929688 0.945068359
vn -0.698431253 0.047085263 0.714126587
v -0.444335938 0.083984390 -0.002929619
vt 0.368652344 0.945312500
vn -0.502505839 0.486802608 0.714500666
v -0.448242188 0.087890640 -0.008788994
vt 0.367187500 0.942626953
vn -0.708859265 0.645849466 0.283543736
v -0.430664062 0.087890640 -0.116210870
vt 0.367187500 0.901367188
vn -0.645269454 0.574447155 -0.503624797
v -0.436523438 0.062500000 -0.116210870
vt 0.377441406 0.901123047
vn -0.808521152 0.094196573 -0.580879152
v -0.436523438 0.027343750 -0.116210863
vt 0.391601562 0.901123047
vn -0.812789440 -0.276190609 -0.512925208
vt 0.303710938 0.900634766
vt 0.300292969 0.898925781
vt 0.299560547 0.856933594
v -0.428710938 0.019531250 -0.120117113
vt 0.303710938 0.854980469
vn -0.715980828 -0.448471487 -0.535018444
vt 0.286621094 0.944091797
vt 0.283447266 0.940673828
v -0.428710938 0.060546875 -0.120117113
vt 0.286621094 0.927490234
vn -0.456283033 0.039334677 -0.888964891
vt 0.283447266 0.926757812
vt 0.285644531 0.916503906
vt 0.400390625 0.762451172
vt 0.400390625 0.752441406
v -0.426757812 0.083984390 -0.120117120
vt 0.402343750 0.753906250
vn -0.426894307 0.339934170 -0.837977409
vt 0.044921875 0.001953125
vt 0.047363281 0.003417969
v -0.434570312 0.091796890 -0.008788995
vt 0.044921875 0.007324219
vn -0.126250684 0.923208058 0.362970710
v -0.422851562 0.091796890 -0.114257753
vt 0.002685547 0.012451172
vn -0.141264558 0.894675016 -0.423793435
vt 0.001953125 0.009277344
v 0.422851562 0.091796920 -0.116210982
vt 0.004150391 0.350830078
vn 0.150016025 0.884305537 -0.442152828
v 0.438476562 0.091796920 -0.008789110
vt 0.047363281 0.356933594
vn 0.149857372 0.922805905 0.354925305
v 0.430664062 0.087890670 -0.118164115
vt 0.003417969 0.354003906
vn 0.580289483 0.635181785 -0.509713888
v 0.450195312 0.087890670 -0.008789111
vt 0.047363281 0.361572266
vn 0.689819574 0.681980729 0.243004501
vt 0.259033203 0.007080078
vt 0.256835938 0.011718750
v -0.432617188 0.085937515 -0.002929621
vt 0.256347656 0.007080078
vn -0.047085200 0.698431432 0.714126408
vt 0.549560547 0.003662109
vt 0.546386719 0.005371094
vt 0.547851562 0.001953125
v -0.420898438 0.085937515 -0.118164003
vt 0.545654297 0.002929688
vn 0.039242420 0.565092683 -0.824093699
vt 0.208740234 0.004394531
v 0.420898438 0.085937545 -0.120117232
vt 0.209228516 0.001953125
vn 0.015767464 0.583401024 -0.812031209
vt 0.205566406 0.002929688
vt 0.054687500 0.519287109
vt 0.051513672 0.518554688
v 0.434570312 0.085937545 -0.002929735
vt 0.052001953 0.238525391
vn 0.039466918 0.694616675 0.718296647
vt 0.055175781 0.237304688
v 0.448242188 0.083984420 -0.002929736
vt 0.051513672 0.233886719
vn 0.668194413 0.463805586 0.581722140
vt 0.054199219 0.232910156
vt 0.402343750 0.779296875
vt 0.405029297 0.781250000
v 0.426757812 0.083984420 -0.122070365
vt 0.402343750 0.781250000
vn 0.315391004 0.449432343 -0.835786581
v 0.436523438 0.072265670 -0.118164115
vt 0.403320312 0.787597656
vn 0.812207878 0.134053737 -0.567757130
vt 0.071777344 0.038574219
vt 0.073730469 0.040771484
v 0.450195312 0.070312545 -0.002929736
vt 0.071777344 0.045898438
vn 0.715648651 0.094371311 0.692055702
vt 0.950927734 0.184082031
vt 0.957031250 0.184326172
vt 0.957031250 0.227539062
v 0.456054688 0.072265670 -0.008789111
vt 0.950927734 0.227294922
vn 0.938172042 0.173443630 0.299584210
v 0.456054688 0.019531310 -0.008789109
vt 0.929687500 0.227294922
vn 0.750829875 -0.616470754 0.237104088
v 0.436523438 0.019531310 -0.118164107
vt 0.929687500 0.184082031
vn 0.627745450 -0.619898677 -0.470809191
vt 0.070068359 0.535644531
vt 0.073730469 0.540283203
v 0.428710938 0.070312545 -0.122070365
vt 0.070556641 0.541015625
vn 0.440685302 0.031477507 -0.897109687
vt 0.072998047 0.561279297
v 0.428710938 0.019531310 -0.122070357
vt 0.070068359 0.561279297
vn 0.384624273 -0.510216057 -0.769248784
vt 0.320312500 0.934326172
vt 0.322021484 0.940917969
vt 0.318847656 0.940429688
v 0.450195312 0.019531310 -0.002929734
vt 0.322021484 0.957031250
vn 0.604708016 -0.518321037 0.604707837
vt 0.318847656 0.957031250
vt 0.173583984 0.834472656
vt 0.173583984 0.878906250
vt 0.170654297 0.880859375
vt 0.170654297 0.832519531
v -0.358398438 0.000000000 -0.211914003
vt 0.938720703 0.422119141
v -0.360351592 0.093750000 -0.215820253
vt 0.939697266 0.384521484
vn -0.197506532 0.387113035 0.900630236
v -0.395507842 0.000000000 -0.252929628
vt 0.957031250 0.421875000
v -0.395507842 0.099609375 -0.254882753
vt 0.957031250 0.382080078
vn -0.812106907 0.583455443 -0.007884452
vt 0.917724609 0.298339844
vt 0.895751953 0.296630859
v -0.262695342 0.000000030 -0.313476533
vt 0.917724609 0.242675781
vn 0.823485255 -0.564675450 -0.054899096
v -0.307617217 0.000000000 -0.348632783
vt 0.895019531 0.244628906
vn -0.062953189 -0.582316339 -0.810521245
vt 0.925537109 0.184814453
vt 0.925537109 0.240478516
vt 0.894775391 0.184814453
v -0.264648467 0.093750000 -0.315429658
vt 0.895263672 0.240234375
vn 0.889625847 0.370021433 -0.267675191
vt 0.507568359 0.970214844
vt 0.485107422 0.968017578
vt 0.506347656 0.937744141
v -0.307617217 0.099609375 -0.348632783
vt 0.485107422 0.933593750
vn -0.055109706 0.582586884 -0.810898006
vt 0.461425781 0.884521484
vt 0.461425781 0.936035156
vt 0.425537109 0.933593750
vt 0.425537109 0.882568359
vt 0.933593750 0.937011719
vt 0.912597656 0.938720703
v -0.321289092 0.101562500 -0.213867128
vt 0.900634766 0.928466797
vn -0.471739560 0.872718096 0.125797212
v -0.286132812 0.093750000 -0.172851503
vt 0.879150391 0.930908203
vn -0.481240809 -0.875700533 0.039446071
vt 0.933593750 0.885498047
v -0.258789092 0.101562500 -0.276367158
vt 0.899414062 0.893310547
vn 0.109774284 0.862513065 -0.493984759
vt 0.911865234 0.883544922
v -0.215820342 0.093750000 -0.245117143
vt 0.878417969 0.890625000
vn 0.078480236 -0.831890941 -0.549361825
vt 0.253417969 0.914550781
vt 0.250732422 0.859375000
vt 0.286376953 0.904785156
vt 0.284667969 0.864501953
v -0.266601562 0.093750015 -0.157226518
vt 0.296142578 0.903564453
vn 0.494684815 -0.714544594 0.494684696
v -0.297851562 0.093750015 -0.153320253
vt 0.288818359 0.913574219
vn -0.794856846 -0.605980039 0.031479612
v -0.286132812 0.093750015 -0.135742128
vt 0.297119141 0.915039062
vn -0.055141911 -0.559297800 0.827130735
v -0.198242202 0.093750000 -0.223632768
vt 0.295654297 0.865234375
vn 0.449656159 -0.725760639 0.520654380
v -0.194335967 0.093750000 -0.252929658
vt 0.288330078 0.856201172
vn 0.133490399 -0.604633391 -0.785238147
v -0.176757827 0.093750000 -0.239257768
vt 0.297119141 0.854736328
vn 0.834361315 -0.550993204 0.015742581
vt 0.966308594 0.176269531
vt 0.947753906 0.176269531
v -0.290039092 0.187500000 -0.174804643
vt 0.954833984 0.139404297
vn -0.962301910 0.078877181 0.260294914
v -0.295898467 0.189453125 -0.190429643
vt 0.961425781 0.139648438
vn -0.684530258 -0.708134890 -0.173099503
vt 0.971679688 0.967285156
vt 0.936523438 0.967773438
vt 0.937255859 0.929931641
v -0.233398467 0.189453125 -0.250976533
vt 0.971679688 0.929443359
vn -0.165451854 -0.709079266 -0.685443103
vt 0.953125000 0.798095703
vt 0.947265625 0.761474609
v -0.217773467 0.187500000 -0.245117158
vt 0.953125000 0.759521484
vn 0.267782807 0.070883691 -0.960868299
vt 0.085205078 0.340576172
vt 0.098144531 0.308837891
vt 0.106445312 0.340576172
vt 0.941894531 0.605957031
vt 0.941894531 0.640869141
v -0.235351592 0.191406250 -0.264648408
vt 0.937500000 0.602783203
vn 0.102156468 -0.463633657 -0.880118132
vt 0.947998047 0.603271484
v -0.309570342 0.191406250 -0.192382768
vt 0.937500000 0.644287109
vn -0.881999135 -0.464624584 0.078750066
vt 0.947998047 0.643554688
vt 0.949218750 0.824218750
vt 0.949218750 0.864990234
v -0.305664092 0.228515625 -0.200195268
vt 0.936279297 0.860595703
vn -0.863229871 0.494395226 -0.102017976
v -0.245117217 0.228515625 -0.260742158
vt 0.936523438 0.826660156
vn -0.126187980 0.481091142 -0.867541432
vt 0.984863281 0.360107422
vt 0.991210938 0.374023438
vt 0.984863281 0.378662109
vt 0.983398438 0.101806641
vt 0.980957031 0.087158203
vt 0.993896484 0.102539062
v -0.221679717 0.240234390 -0.237304658
vt 0.993896484 0.082519531
vn 0.581955969 0.802155614 -0.133692697
vt 0.899414062 0.067871094
vt 0.894287109 0.086914062
v -0.280273467 0.240234375 -0.176757783
vt 0.887451172 0.066894531
vn -0.094511583 0.795472860 0.598573625
v -0.295898438 0.162109390 -0.151367143
vt 0.889404297 0.099609375
vn -0.977712512 0.118271641 0.173465267
v -0.288085938 0.162109390 -0.135742143
vt 0.883056641 0.101806641
vn -0.173686504 0.205266029 0.963171303
vt 0.899414062 0.125000000
vt 0.892089844 0.127441406
vt 0.971679688 0.503662109
vt 0.957763672 0.502929688
vt 0.971435547 0.469238281
vt 0.958251953 0.469238281
vt 0.075683594 0.298583984
vt 0.074951172 0.277343750
v -0.192382842 0.162109375 -0.249023408
vt 0.085449219 0.309326172
vn 0.227880538 0.117869280 -0.966528475
vt 0.083496094 0.336669922
vt 0.074951172 0.335937500
vt 0.691406250 0.892333984
vt 0.692382812 0.858642578
v -0.176757842 0.162109375 -0.241210908
vt 0.723144531 0.907226562
vn 0.968503952 0.204724446 -0.141732424
vt 0.723144531 0.845947266
vt 0.955810547 0.480712891
vt 0.955810547 0.516601562
vt 0.949951172 0.513427734
vt 0.048339844 0.103271484
vt 0.056640625 0.080810547
vt 0.056640625 0.106445312
vt 0.490722656 0.918945312
vt 0.485595703 0.891845703
vt 0.491699219 0.891845703
vt 0.086669922 0.975585938
vt 0.078613281 0.972167969
vt 0.086669922 0.946289062
vt 0.904296875 0.591552734
vt 0.904541016 0.629638672
vt 0.882568359 0.640380859
vt 0.882568359 0.578857422
vt 0.318603516 0.595703125
vt 0.318603516 0.570312500
vt 0.328613281 0.589843750
vt 0.628417969 0.968994141
vt 0.619384766 0.968994141
vt 0.626953125 0.935791016
v -0.409179688 0.091796890 -0.026367124
vt 0.164062500 0.673095703
vn -0.458401233 -0.616470814 0.640181243
v -0.409179688 0.126953140 -0.026367126
vt 0.164062500 0.659179688
vn -0.458401293 0.616470814 0.640181243
v -0.415039062 0.091796890 -0.038085870
vt 0.168945312 0.673095703
vn -0.755741477 -0.645529270 0.110212438
v -0.415039062 0.126953140 -0.038085874
vt 0.168945312 0.659179688
vn -0.755741656 0.645529211 0.110212393
v -0.413085938 0.126953140 -0.049804624
vt 0.173583984 0.659179688
vn -0.652009010 0.628442347 -0.424198538
v -0.413085938 0.091796890 -0.049804620
vt 0.173583984 0.673095703
vn -0.652009010 -0.628442407 -0.424198538
vt 0.421630859 0.257812500
vt 0.418457031 0.253417969
v -0.395507812 0.091796890 -0.024414001
vt 0.427246094 0.257568359
vn 0.149564713 -0.637617350 0.755694687
v -0.385742188 0.091796890 -0.030273378
vt 0.430664062 0.254638672
vn 0.615031898 -0.630801797 0.473101288
v -0.381835938 0.091796890 -0.043945253
vt 0.431152344 0.249023438
vn 0.773068845 -0.623188138 -0.118326947
vt 0.418457031 0.248779297
v -0.401367188 0.091796890 -0.057617124
vt 0.422607422 0.244873047
vn -0.165724710 -0.631331980 -0.757598341
v -0.389648438 0.091796890 -0.055663999
vt 0.427490234 0.244873047
vn 0.424198598 -0.628442407 -0.652009070
vt 0.189208984 0.657714844
vt 0.189208984 0.671630859
v -0.395507812 0.126953140 -0.024414003
vt 0.183837891 0.657958984
vn 0.149564654 0.637617409 0.755694747
vt 0.183837891 0.671875000
vt 0.179931641 0.671630859
v -0.385742188 0.126953140 -0.030273380
vt 0.179931641 0.657714844
vn 0.615031898 0.630801857 0.473101288
vt 0.117919922 0.422119141
vt 0.112304688 0.421875000
v -0.399414062 0.126953140 -0.041992128
vt 0.114990234 0.415283203
vt 0.108886719 0.418945312
vt 0.120849609 0.417724609
v -0.381835938 0.126953140 -0.043945257
vt 0.108154297 0.413330078
vn 0.773068726 0.623188138 -0.118326992
vt 0.120849609 0.413085938
v -0.389648438 0.126953140 -0.055664003
vt 0.112060547 0.409179688
vn 0.424198538 0.628442407 -0.652009070
v -0.401367188 0.126953140 -0.057617128
vt 0.116943359 0.409179688
vn -0.165724769 0.631331921 -0.757598460
vt 0.545654297 0.729980469
vt 0.545654297 0.744140625
vt 0.540039062 0.744140625
vt 0.540039062 0.729980469
vt 0.131103516 0.705810547
vt 0.131103516 0.691894531
vt 0.135986328 0.706054688
vt 0.135986328 0.691894531
vt 0.140625000 0.691894531
vt 0.140625000 0.706054688
vt 0.759521484 0.583496094
vt 0.765136719 0.583007812
vt 0.765136719 0.595214844
vt 0.759521484 0.595703125
v -0.413085938 0.091796890 -0.083007753
vt 0.700927734 0.541748047
vn -0.773068726 -0.623188138 0.118326992
v -0.413085938 0.126953140 -0.083007753
vt 0.700927734 0.527587891
vn -0.773068845 0.623188138 0.118326947
v -0.409179688 0.126953140 -0.096679628
vt 0.706054688 0.527587891
vn -0.615031898 0.630801797 -0.473101288
v -0.409179688 0.091796890 -0.096679628
vt 0.706054688 0.541748047
vn -0.615031898 -0.630801857 -0.473101288
v -0.405273438 0.126953140 -0.071289003
vt 0.695800781 0.527587891
vn -0.417620689 0.622491241 0.661889493
v -0.405273438 0.091796890 -0.071289003
vt 0.695800781 0.541748047
vn -0.417620629 -0.622491300 0.661889493
vt 0.758544922 0.733398438
vt 0.758544922 0.739013672
v -0.395507812 0.126953140 -0.086914003
vt 0.751953125 0.735839844
v -0.391601562 0.126953140 -0.069335878
vt 0.754394531 0.742675781
vt 0.754394531 0.729492188
v -0.381835938 0.126953140 -0.075195253
vt 0.750000000 0.742919922
v -0.399414062 0.126953140 -0.102539003
vt 0.749755859 0.729736328
vn -0.149564713 0.637617350 -0.755694687
v -0.377929688 0.126953140 -0.088867128
vt 0.745605469 0.739257812
v -0.385742188 0.126953140 -0.100585878
vt 0.745605469 0.733398438
vn 0.417620629 0.622491300 -0.661889493
vt 0.579833984 0.768798828
vt 0.584228516 0.765136719
vt 0.579833984 0.774414062
v -0.391601562 0.091796890 -0.069335878
vt 0.583984375 0.778076172
v -0.399414062 0.091796890 -0.102539003
vt 0.588867188 0.765380859
vn -0.149564654 -0.637617409 -0.755694747
v -0.381835938 0.091796890 -0.075195253
vt 0.588623047 0.778320312
v -0.385742188 0.091796890 -0.100585878
vt 0.593017578 0.769042969
vn 0.417620689 -0.622491241 -0.661889493
v -0.377929688 0.091796890 -0.088867128
vt 0.593017578 0.774658203
vt 0.278564453 0.020996094
vt 0.278564453 0.006835938
vt 0.282470703 0.020996094
vt 0.282470703 0.007080078
vt 0.287841797 0.006835938
vt 0.287841797 0.020996094
vt 0.646972656 0.404052734
vt 0.646972656 0.417968750
vt 0.641357422 0.404052734
vt 0.641357422 0.418212891
vt 0.637451172 0.417968750
vt 0.637451172 0.403808594
vt 0.740234375 0.478515625
vt 0.734619141 0.478515625
vt 0.740234375 0.464599609
vt 0.734619141 0.464599609
vt 0.159179688 0.705566406
vt 0.153564453 0.706054688
vt 0.153564453 0.693847656
vt 0.159179688 0.693603516
v -0.069335975 0.296875000 -0.313476562
vt 0.394287109 0.928222656
vn -0.590826035 -0.724746585 -0.354495496
v -0.067382857 0.314453125 -0.352539062
vt 0.411376953 0.926025391
vn -0.448318958 -0.424723238 -0.786524296
v -0.036132853 0.279296875 -0.317382812
vt 0.395751953 0.942626953
vn -0.322584748 -0.849735379 -0.416999698
v -0.036132857 0.298828125 -0.356445312
vt 0.412841797 0.939453125
vn -0.227431834 -0.494075894 -0.839144707
v -0.090820357 0.339843750 -0.348632812
vt 0.411865234 0.912109375
vn -0.580754101 -0.266832948 -0.769106567
v -0.092773475 0.322265625 -0.309570312
vt 0.394775391 0.914306641
vn -0.805148900 -0.528872371 -0.268382818
v -0.106445357 0.369140625 -0.342773438
vt 0.412841797 0.899169922
vn -0.707871974 -0.094382979 -0.700006604
v -0.108398482 0.353515625 -0.301757812
vt 0.395507812 0.900634766
vn -0.943712413 -0.290978014 -0.157285258
vt 0.527343750 0.979980469
vt 0.542968750 0.980712891
v 0.004882772 0.271484375 -0.319335938
vt 0.527343750 0.996337891
vn -0.007870137 -0.881452739 -0.472206801
v 0.006835891 0.292968750 -0.358398438
vt 0.542968750 0.997802734
vn 0.007857379 -0.502878129 -0.864321709
vt 0.238281250 0.617675781
vt 0.249755859 0.605224609
v 0.047851522 0.279296905 -0.319335938
vt 0.249755859 0.628417969
vn 0.314415276 -0.841060996 -0.440181434
vt 0.568359375 0.894042969
vt 0.554931641 0.889648438
v -0.051757861 0.337890625 -0.352539062
vt 0.559814453 0.879394531
vn 0.149806008 0.394226640 -0.906721354
v -0.069335982 0.357421875 -0.348632812
vt 0.551757812 0.872558594
vn 0.300004035 0.394742280 -0.868433177
v -0.026367234 0.324218750 -0.354492188
vt 0.570556641 0.883300781
vn 0.094723269 0.442042500 -0.891978681
vt 0.544189453 0.880859375
vt 0.585693359 0.894042969
v -0.081054732 0.376953125 -0.344726562
vt 0.545898438 0.865478516
vn 0.252690077 0.260586739 -0.931795180
v 0.004882766 0.318359375 -0.356445312
vt 0.583496094 0.884033203
vn -0.000000137 0.440903842 -0.897554338
vt 0.536132812 0.869873047
v 0.038085889 0.324218780 -0.354492188
vt 0.596191406 0.879638672
vn -0.102460861 0.409842879 -0.906383336
v -0.112304732 0.400390625 -0.336914062
vt 0.531982422 0.857910156
vn -0.773767412 0.110538125 -0.623751104
v 0.047851518 0.298828155 -0.356445312
vt 0.601562500 0.889160156
vn 0.219975114 -0.494944245 -0.840619564
v -0.086914107 0.402343750 -0.340820312
vt 0.541992188 0.855712891
vn 0.268082321 0.181349874 -0.946173489
v 0.063476518 0.339843780 -0.352539062
vt 0.605224609 0.872070312
vn -0.180962309 0.346188486 -0.920546651
v -0.106445365 0.433593750 -0.331054688
vt 0.532226562 0.844238281
vn -0.726756454 0.347579062 -0.592464328
v 0.079101518 0.316406280 -0.354492188
vt 0.612792969 0.880371094
vn 0.418753177 -0.402951241 -0.813803554
v -0.083007865 0.425781250 -0.334960938
vt 0.541992188 0.846191406
vn 0.251937151 0.118095562 -0.960510910
v 0.081054643 0.357421905 -0.350585938
vt 0.611083984 0.864013672
vn -0.236359894 0.307267636 -0.921802938
v -0.092773490 0.464843750 -0.325195312
vt 0.535644531 0.831054688
vn -0.638706863 0.544083476 -0.544083416
v 0.102539018 0.341796905 -0.350585938
vt 0.620605469 0.868896484
vn 0.607922018 -0.260538042 -0.750033855
v -0.071289115 0.449218750 -0.331054688
vt 0.545166016 0.835937500
vn 0.205055103 0.039433666 -0.977955818
v 0.092773393 0.380859405 -0.346679688
vt 0.614257812 0.854003906
vn -0.220363319 0.243973464 -0.944413662
v -0.069335990 0.488281250 -0.319335938
vt 0.543457031 0.820312500
vn -0.480777293 0.717225015 -0.504422009
v 0.116210893 0.371093780 -0.344726592
vt 0.624023438 0.856445312
vn 0.715648472 -0.094371237 -0.692055881
v -0.053710986 0.466796875 -0.327148438
vt 0.551025391 0.828125000
vn 0.157985449 -0.007899316 -0.987409949
v 0.122070268 0.402343780 -0.338867217
vt 0.624511719 0.843750000
vn 0.782199323 0.134317070 -0.608377457
v -0.038085986 0.505859375 -0.317382812
vt 0.554687500 0.811523438
vn -0.252840102 0.829631388 -0.497778803
v 0.096679635 0.404296905 -0.342773438
vt 0.614501953 0.844482422
vn -0.252982348 0.189736605 -0.948683321
v -0.028320363 0.482421875 -0.325195312
vt 0.560302734 0.820312500
vn 0.054951292 -0.054951463 -0.996975780
v 0.090820260 0.427734405 -0.336914062
vt 0.610595703 0.835449219
vn -0.291510463 0.078786515 -0.953317523
v 0.002929638 0.511718750 -0.315429688
vt 0.570556641 0.806640625
vn -0.000000100 0.881479979 -0.472221464
v 0.116210885 0.435546905 -0.333007842
vt 0.620117188 0.830810547
vn 0.731807113 0.354100287 -0.582298338
v 0.002929637 0.486328125 -0.325195312
vt 0.572265625 0.816894531
vn -0.000000129 -0.055034619 -0.998484433
v 0.079101510 0.449218750 -0.333007812
vt 0.604736328 0.827392578
vn -0.259096742 -0.015702881 -0.965723813
v 0.100585885 0.466796875 -0.327148438
vt 0.612060547 0.819091797
vn 0.613128662 0.581686318 -0.534522593
v 0.075195260 0.490234375 -0.321289062
vt 0.600585938 0.811279297
vn 0.448097080 0.738967240 -0.503126740
v 0.036132764 0.482421875 -0.325195312
vt 0.585693359 0.816650391
vn -0.078475572 0.023542585 -0.996638060
v 0.043945264 0.505859375 -0.317382812
vt 0.587158203 0.806640625
vn 0.228310987 0.842389226 -0.488113433
v 0.002929639 0.476562500 -0.319335938
vt 0.572753906 0.820800781
vn -0.015687486 -0.086280532 -0.996147394
v 0.061523389 0.468750000 -0.329101562
vt 0.596679688 0.820556641
vn -0.133605987 0.039295789 -0.990255177
v 0.059570264 0.458984375 -0.325195312
vt 0.596191406 0.824462891
vn -0.180956692 -0.007867726 -0.983459592
v 0.034179639 0.472656250 -0.321289062
vt 0.585449219 0.820556641
vn -0.110428222 -0.007887769 -0.993852854
v 0.004882763 0.406250000 -0.350585938
vt 0.578369141 0.849121094
vn -0.015711198 0.188532680 -0.981941283
v -0.028320361 0.472656250 -0.319335938
vt 0.560546875 0.823974609
vn 0.109855331 -0.102008678 -0.988699138
v 0.075195268 0.443359375 -0.327148438
vt 0.603271484 0.829833984
vn -0.282703251 -0.047117248 -0.958049536
v -0.051757861 0.458984375 -0.323242188
vt 0.552246094 0.830810547
vn 0.188462809 -0.031410530 -0.981577873
v 0.084960893 0.423828125 -0.331054688
vt 0.608398438 0.837158203
vn -0.315244287 0.078810982 -0.945732474
v -0.065429732 0.441406250 -0.325195312
vt 0.547851562 0.838623047
vn 0.205157220 0.023671970 -0.978442788
v 0.088867143 0.402343780 -0.334960938
vt 0.611328125 0.845458984
vn -0.331738800 0.189564899 -0.924129128
v -0.075195357 0.421875000 -0.329101562
vt 0.545166016 0.847167969
vn 0.244969234 0.102729045 -0.964073062
v 0.084960893 0.380859375 -0.340820312
vt 0.611083984 0.854248047
vn -0.259521067 0.267385185 -0.927983940
v -0.079101607 0.400390625 -0.333007812
vt 0.544921875 0.855957031
vn 0.316049904 0.213333741 -0.924446404
v 0.075195268 0.361328155 -0.342773438
vt 0.608398438 0.862548828
vn -0.244946599 0.316059917 -0.916573763
v -0.075195357 0.378906250 -0.338867188
vt 0.547851562 0.864257812
vn 0.276095867 0.268207490 -0.922949493
v 0.061523389 0.345703155 -0.346679688
vt 0.604003906 0.869628906
vn -0.188323781 0.368800461 -0.910230935
v -0.065429732 0.359375000 -0.340820312
vt 0.552734375 0.871337891
vn 0.314027369 0.376832962 -0.871426344
v 0.036132768 0.330078155 -0.346679688
vt 0.594726562 0.877441406
vn -0.141780764 0.433218598 -0.890067339
v -0.049804732 0.343750000 -0.344726562
vt 0.560058594 0.876708984
vn 0.189523444 0.426428020 -0.884443343
v 0.004882766 0.324218750 -0.348632812
vt 0.582763672 0.881591797
vn -0.000000136 0.487645090 -0.873042047
v -0.026367234 0.330078125 -0.346679688
vt 0.570068359 0.880859375
vn 0.126262337 0.465592802 -0.875945866
vt 0.925537109 0.767333984
vt 0.908447266 0.769042969
v -0.114257857 0.386718750 -0.295898408
vt 0.909912109 0.755859375
vn -0.998453617 -0.007861886 -0.055032745
vt 0.927001953 0.754882812
v -0.108398482 0.421875000 -0.286132812
vt 0.909667969 0.741210938
vn -0.953317583 0.299388945 0.039393399
vt 0.927978516 0.741210938
v -0.092773482 0.453125000 -0.278320312
vt 0.909179688 0.728027344
vn -0.845117390 0.521287262 0.118474491
vt 0.928222656 0.728271484
v -0.069335982 0.480468750 -0.272460938
vt 0.908447266 0.716308594
vn -0.629843175 0.763684809 0.141714767
vt 0.522216797 0.853759766
vt 0.521972656 0.843261719
vt 0.525390625 0.843261719
vt 0.522949219 0.833984375
vt 0.525878906 0.852050781
vt 0.526123047 0.834472656
vt 0.525390625 0.864013672
vt 0.529541016 0.826416016
vt 0.528564453 0.861816406
vt 0.533691406 0.870849609
vt 0.530517578 0.873046875
vt 0.525634766 0.824218750
vt 0.530761719 0.817138672
vt 0.533691406 0.820068359
vt 0.245361328 0.422119141
vt 0.245361328 0.408691406
vt 0.248535156 0.408935547
vt 0.248535156 0.421386719
vt 0.467285156 0.929443359
vt 0.464111328 0.927490234
vt 0.468505859 0.917480469
vt 0.471191406 0.919433594
vt 0.469238281 0.909179688
vt 0.473388672 0.910156250
vt 0.473144531 0.899414062
vt 0.469482422 0.900634766
vt 0.467285156 0.891845703
vt 0.471435547 0.890136719
vt 0.467041016 0.882568359
vt 0.464111328 0.884765625
vt 0.979248047 0.666259766
vt 0.989990234 0.678710938
vt 0.979248047 0.688964844
vt 0.544189453 0.298339844
vt 0.528320312 0.294921875
vt 0.529541016 0.280761719
v 0.081054650 0.298828155 -0.315429688
vt 0.545654297 0.283203125
vn 0.620874286 -0.707325161 -0.337944269
vt 0.528320312 0.267089844
v 0.102539018 0.324218780 -0.311523438
vt 0.544433594 0.270019531
vn 0.826233983 -0.511478126 -0.236066937
vt 0.925537109 0.641601562
vt 0.908691406 0.638427734
vt 0.907958984 0.626464844
v 0.118164018 0.355468780 -0.305664092
vt 0.924560547 0.628906250
vn 0.946997941 -0.284099340 -0.149941444
vt 0.907226562 0.614013672
v 0.122070268 0.388671905 -0.297851592
vt 0.924316406 0.615478516
vn 0.999876022 0.015746122 -0.000000132
vt 0.906494141 0.600341797
v 0.116210893 0.423828155 -0.288085967
vt 0.925048828 0.600830078
vn 0.953317583 0.291510373 0.078786433
vt 0.906250000 0.587646484
v 0.100585893 0.455078125 -0.280273438
vt 0.925537109 0.587646484
vn 0.819304109 0.559332669 0.126046658
vt 0.298095703 0.024902344
vt 0.294921875 0.024414062
vt 0.295166016 0.015869141
vt 0.298339844 0.015380859
vt 0.294921875 0.007080078
vt 0.987304688 0.663574219
vt 0.969482422 0.664062500
vt 0.968750000 0.649902344
v 0.075195268 0.482421875 -0.274414062
vt 0.985839844 0.648681641
vn 0.605249465 0.786038280 0.125766024
vt 0.969482422 0.636230469
v 0.043945268 0.498046875 -0.268554688
vt 0.987304688 0.634765625
vn 0.307908595 0.939516068 0.150006682
vt 0.938964844 0.336669922
vt 0.919433594 0.336181641
vt 0.920410156 0.319824219
v 0.002929644 0.503906250 -0.266601562
vt 0.939941406 0.320068359
vn -0.000000022 0.987440705 0.157990456
v -0.038085982 0.498046875 -0.268554688
vt 0.939453125 0.303710938
vn -0.322096646 0.934865773 0.149264291
vt 0.919921875 0.303466797
vt 0.919433594 0.291015625
vt 0.938232422 0.291259766
vt 0.927978516 0.612792969
vt 0.930908203 0.602050781
vt 0.934814453 0.604003906
vt 0.931884766 0.614990234
vt 0.927978516 0.624755859
vt 0.931152344 0.625732422
vt 0.928466797 0.634765625
vt 0.932861328 0.634521484
vt 0.931152344 0.644287109
vt 0.934814453 0.642333984
vt 0.960937500 0.504882812
vt 0.971679688 0.516113281
vt 0.960937500 0.523193359
v 0.219726607 0.187500060 0.243164033
vt 0.817626953 0.943603516
vn -0.275343001 0.055068657 0.959767580
v 0.213867232 0.093750060 0.235351548
vt 0.828369141 0.972900391
vn 0.000000100 -0.881479979 0.472221464
v 0.249023482 0.101562560 0.260742158
vt 0.810546875 0.972900391
vn -0.149768859 0.804022491 0.575427830
vt 0.364257812 0.918945312
vt 0.364257812 0.955810547
v 0.235351607 0.189453185 0.249023408
vt 0.358154297 0.920410156
vn 0.188783482 -0.747267425 0.637143850
vt 0.939208984 0.041992188
vt 0.945312500 0.039306641
v 0.237304732 0.191406310 0.260742158
vt 0.949218750 0.041992188
vn -0.054973312 -0.486907631 0.871721804
v 0.295898467 0.189453185 0.186523393
vt 0.944824219 0.004394531
vn 0.651828051 -0.730361521 0.204187021
v 0.309570342 0.191406310 0.188476518
vt 0.949218750 0.001220703
vn 0.881425381 -0.464322239 -0.086568661
v 0.290039092 0.187500060 0.170898393
vt 0.938720703 0.001708984
vn 0.973455191 0.086354941 -0.211962178
vt 0.001220703 0.931396484
vt 0.033447266 0.932128906
vt 0.001220703 0.966064453
v 0.317382842 0.101562560 0.194335908
vt 0.034179688 0.970214844
vn 0.548804402 0.784006417 -0.290082455
vt 0.842529297 0.923828125
vt 0.845458984 0.929687500
vt 0.814453125 0.942626953
v 0.280273467 0.093750045 0.161132798
vt 0.809814453 0.923339844
vn 0.306536019 -0.951047480 0.039299481
v 0.366210967 0.093750060 0.213867158
vt 0.809814453 0.962402344
vn 0.267683208 0.307048529 -0.913272619
vt 0.947998047 0.884765625
vt 0.947998047 0.925537109
v 0.305664092 0.228515685 0.196289018
vt 0.935546875 0.921875000
vn 0.863895118 0.494776338 0.094242975
v 0.245117232 0.228515685 0.258789033
vt 0.935302734 0.887207031
vn 0.109865710 0.478700221 0.871077359
vt 0.599609375 0.980957031
vt 0.597167969 0.995361328
vt 0.586669922 0.995361328
v 0.280273467 0.240234435 0.172851533
vt 0.586181641 0.975097656
vn 0.094511516 0.795472860 -0.598573744
vt 0.981933594 0.445556641
vt 0.979492188 0.430664062
vt 0.989990234 0.445800781
v 0.221679717 0.240234420 0.233398408
vt 0.989990234 0.424316406
vn -0.583111227 0.803747892 0.118198261
vt 0.956298828 0.120849609
vt 0.956298828 0.086181641
vt 0.970214844 0.086425781
vt 0.970214844 0.120117188
vt 0.045166016 0.622558594
vt 0.050048828 0.601562500
v 0.194335982 0.162109435 0.247070283
vt 0.052490234 0.635009766
vn -0.227880552 0.117869355 0.966528475
v 0.176757857 0.162109435 0.237304658
vt 0.059082031 0.636474609
vn -0.969888031 0.212902203 0.118279152
v 0.194335982 0.093750060 0.249023423
vt 0.045166016 0.661376953
vn -0.023648325 -0.614859760 0.788281858
v 0.176757857 0.093750060 0.237304673
vt 0.052001953 0.662597656
vn -0.827978969 -0.559871495 0.031542186
vt 0.846435547 0.511718750
vt 0.846435547 0.478271484
vt 0.879882812 0.525634766
v 0.288085967 0.162109420 0.131835893
vt 0.878662109 0.465087891
vn 0.157110468 0.204243734 -0.966230273
v 0.266601592 0.093750045 0.153320298
vt 0.903564453 0.478759766
vn -0.496602148 -0.717314184 -0.488719463
v 0.286132842 0.093750045 0.131835908
vt 0.903564453 0.467285156
vn 0.031541966 -0.559871495 -0.827978909
v 0.200195357 0.093750060 0.219726548
vt 0.903808594 0.515869141
vn -0.448097199 -0.738967240 -0.503126502
vt 0.904541016 0.527099609
vt 0.766601562 0.932373047
vt 0.766601562 0.966308594
vt 0.757568359 0.963134766
vt 0.866943359 0.822509766
vt 0.858642578 0.824462891
vt 0.860107422 0.812744141
vt 0.868408203 0.813232422
vt 0.859619141 0.775146484
vt 0.858886719 0.763427734
v 0.299804717 0.093750045 0.149414033
vt 0.867919922 0.764648438
vn 0.794856846 -0.598110020 0.102308221
vt 0.865722656 0.773437500
vt 0.904785156 0.763427734
v 0.270507872 0.093750060 0.315429658
vt 0.907226562 0.819335938
vn -0.890841424 0.354759842 0.283807963
vt 0.586914062 0.961181641
vt 0.586914062 0.925781250
v 0.297851592 0.162109420 0.149414018
vt 0.594238281 0.958007812
vn 0.982881844 0.117945857 -0.141535103
vt 0.361816406 0.065429688
vt 0.364257812 0.032714844
vt 0.368164062 0.053466797
vt 0.368164062 0.092041016
vt 0.111816406 0.707275391
vt 0.105224609 0.680664062
vt 0.111816406 0.679199219
vt 0.517578125 0.621826172
vt 0.517578125 0.596191406
vt 0.525878906 0.618652344
vt 0.971679688 0.432617188
vt 0.962646484 0.433837891
vt 0.962646484 0.400634766
vt 0.415039062 0.836669922
vt 0.423339844 0.875000000
vt 0.413085938 0.853759766
v 0.313476622 0.099609435 0.348632783
vt 0.421386719 0.896728516
vn 0.062953189 0.582316339 0.810521245
vt 0.375000000 0.855957031
v 0.401367217 0.099609435 0.252929628
vt 0.369384766 0.896728516
vn 0.812132120 0.583473682 -0.000000132
vt 0.367431641 0.875732422
vt 0.151123047 0.942382812
vt 0.172607422 0.946777344
v 0.313476622 0.000000060 0.348632783
vt 0.151123047 0.974365234
vn 0.070785128 -0.582009971 0.810094953
v 0.268554747 0.000000030 0.313476533
vt 0.173583984 0.976806641
vn -0.823485136 -0.564675570 0.054899149
vt 0.912353516 0.770751953
vt 0.944091797 0.770996094
vt 0.912353516 0.822753906
v 0.401367247 0.000000060 0.252929628
vt 0.944091797 0.822998047
vn 0.812132120 -0.583473563 -0.000000081
vt 0.922851562 0.059082031
vt 0.888671875 0.057617188
vt 0.888427734 0.002197266
v 0.362304717 0.000000060 0.211914033
vt 0.922851562 0.004150391
vt 0.930908203 0.939697266
vt 0.930908203 0.974121094
vt 0.909912109 0.941650391
vt 0.908203125 0.973632812
vt 0.917480469 0.344482422
vt 0.917724609 0.396484375
vt 0.895019531 0.398437500
vt 0.895019531 0.343017578
v 0.278320342 0.179687545 0.133789033
vt 0.992675781 0.330078125
vn 0.227578893 -0.384529620 0.894619942
v 0.307617217 0.183593795 0.127929643
vt 0.981445312 0.325683594
vn 0.472910494 -0.323155344 0.819711208
v 0.293945342 0.228515685 0.131835893
vt 0.990966797 0.309570312
vn 0.243356422 0.196255133 0.949874520
v 0.317382842 0.226562560 0.125976518
vt 0.981445312 0.308105469
vn 0.536348462 0.228736863 0.812409997
vt 0.292724609 0.974365234
vt 0.298339844 0.984375000
v 0.286132842 0.164062545 0.116210908
vt 0.288818359 0.986083984
vn 0.229365602 -0.854188800 0.466640145
v 0.317382842 0.169921920 0.110351525
vt 0.283203125 0.975097656
vn 0.600345254 -0.671438694 0.434460282
vt 0.298339844 0.960449219
vt 0.554931641 0.277343750
vt 0.548339844 0.271240234
v 0.313476592 0.242187560 0.112304643
vt 0.554931641 0.265625000
vn 0.274901181 0.777577639 0.565510869
v 0.331054717 0.238281310 0.108398393
vt 0.549316406 0.261474609
vn 0.707347035 0.471564740 0.526580393
vt 0.974365234 0.461669922
vt 0.962158203 0.465332031
v 0.331054717 0.169921920 0.077148400
vt 0.978271484 0.447753906
vn 0.723177612 -0.676013708 0.141491190
v 0.291992217 0.164062545 0.079101533
vt 0.962646484 0.450439453
vn 0.149089605 -0.988699138 0.015693659
v 0.293945312 0.164062545 0.047851533
vt 0.962158203 0.437988281
vn 0.236830771 -0.702597558 0.671020091
v 0.331054688 0.169921920 0.040039025
vt 0.976562500 0.433105469
vn 0.717916787 -0.276121706 0.639024556
vt 0.783447266 0.623046875
vt 0.806152344 0.629394531
vt 0.778808594 0.630615234
vt 0.806152344 0.643066406
v 0.344726562 0.246093795 0.077148393
vt 0.775878906 0.643310547
vn 0.776906848 0.580718338 0.243273720
vt 0.806152344 0.657714844
v 0.344726562 0.193359420 0.024414023
vt 0.796875000 0.664306641
vn 0.987440705 -0.094794258 0.126392275
v 0.346679688 0.246093795 -0.006835980
vt 0.775878906 0.677001953
vn 0.816446185 0.573082566 -0.070654124
v 0.336914062 0.214843795 -0.059570353
vt 0.788330078 0.697753906
vn 0.973005533 -0.070621327 -0.219711050
v 0.346679717 0.082031295 0.040039029
vt 0.841552734 0.658203125
vn 0.788404405 0.015768146 0.614955246
v 0.331054688 0.082031295 -0.092773475
vt 0.841552734 0.710693359
vn 0.687065661 0.007897306 -0.726552486
v 0.333007812 0.246093780 -0.090820357
vt 0.775878906 0.710205078
vn 0.802279532 0.566315055 -0.188771799
v 0.315429688 0.169921920 -0.094726600
vt 0.806152344 0.711181641
vn 0.732079148 -0.259770006 -0.629745662
v 0.317382783 0.246093780 -0.157226607
vt 0.775878906 0.736328125
vn 0.721840620 0.580611050 -0.376612663
v 0.303710938 0.169921920 -0.157226607
vt 0.806152344 0.735839844
vn 0.684318542 -0.668587029 -0.291032106
vt 0.176269531 0.410644531
vt 0.175781250 0.417724609
v 0.325195312 0.248046920 0.079101518
vt 0.163818359 0.417236328
vn 0.141294926 0.973365247 0.180543497
vt 0.164306641 0.425048828
v 0.331054688 0.250000060 -0.004882853
vt 0.130859375 0.425048828
vn 0.227662876 0.973455250 -0.023551410
vt 0.131103516 0.431152344
v 0.311523438 0.250000030 -0.088867225
vt 0.096435547 0.422607422
vn 0.165549427 0.985413551 -0.039416607
vt 0.097167969 0.431152344
vt 0.069824219 0.429199219
v 0.284179658 0.248046905 -0.155273482
vt 0.068603516 0.416015625
vn 0.047154941 0.982396007 -0.180760920
v 0.266601533 0.242187530 -0.180664092
vt 0.057373047 0.410644531
vn 0.031602915 0.774274290 -0.632060707
v 0.297851533 0.238281280 -0.182617232
vt 0.058593750 0.423095703
vn 0.503453314 0.471987605 -0.723714411
vt 0.957519531 0.785400391
vt 0.972412109 0.787841797
vt 0.951660156 0.820312500
v 0.293945342 0.082031295 0.047851536
vt 0.972900391 0.820312500
vn 0.149108052 0.000000050 0.988820970
vt 0.947021484 0.124511719
vt 0.954589844 0.132812500
vt 0.947021484 0.163085938
vt 0.763671875 0.604492188
vt 0.775634766 0.584228516
vt 0.775634766 0.635009766
vt 0.965576172 0.881347656
vt 0.971679688 0.916503906
v 0.276367188 0.164062545 -0.096679717
vt 0.950195312 0.883544922
vn 0.565929949 -0.542349637 -0.620951116
v 0.276367188 0.082031295 -0.096679717
vt 0.949951172 0.916503906
vn 0.662403643 -0.000000004 -0.749147177
vt 0.958496094 0.058837891
vt 0.955566406 0.084228516
vt 0.940917969 0.078857422
v 0.264648438 0.164062545 -0.155273467
vt 0.943359375 0.054931641
vn 0.511557341 -0.849972188 -0.125921845
v 0.250976533 0.164062530 -0.178710967
vt 0.940917969 0.044433594
vn 0.078963198 -0.844906569 -0.529053569
v 0.286132783 0.169921905 -0.182617232
vt 0.954833984 0.047119141
vn 0.464322209 -0.653199136 -0.598110139
vt 0.582519531 0.946777344
vt 0.582519531 0.979492188
vt 0.559326172 0.946533203
v 0.264648438 0.082031295 -0.155273452
vt 0.559326172 0.979492188
vn 0.980580688 0.000000034 -0.196116254
vt 0.716796875 0.916015625
vt 0.727294922 0.909179688
vt 0.736328125 0.935058594
vt 0.724853516 0.939208984
v 0.270507783 0.183593780 -0.194335967
vt 0.716064453 0.938964844
vn 0.204496205 -0.259553075 -0.943829238
v 0.276367158 0.226562530 -0.194335967
vt 0.710693359 0.925048828
vn 0.188958675 0.267691612 -0.944794059
v 0.235351548 0.177734405 -0.192382842
vt 0.710693359 0.950439453
vn -0.015691817 -0.313834131 -0.949348211
vt 0.719970703 0.950683594
vt 0.757080078 0.485351562
vt 0.765136719 0.479492188
vt 0.765136719 0.489013672
vt 0.833496094 0.235107422
vt 0.833251953 0.252441406
vt 0.819580078 0.256347656
v 0.241210923 0.228515655 -0.192382842
vt 0.819580078 0.235839844
vn -0.039368995 0.212591797 -0.976347685
vt 0.828613281 0.229003906
v 0.327148438 0.128906295 0.024414027
vt 0.134033203 0.409179688
vn -0.478877068 -0.408223152 0.777194142
v 0.325195312 0.105468795 0.002929654
vt 0.134033203 0.422119141
vn -0.431084186 -0.760275900 0.485949636
v 0.352539062 0.134765670 0.016601523
vt 0.123291016 0.409179688
vn 0.731807351 -0.354100227 0.582298100
v 0.350585938 0.115234420 -0.002929725
vt 0.123291016 0.420166016
vn 0.730993032 -0.620950997 0.282964945
vt 0.084228516 0.944091797
vt 0.073242188 0.937500000
v 0.321289062 0.097656295 -0.026367221
vt 0.096435547 0.943359375
vn -0.519491792 -0.850077629 0.086582087
v 0.317382812 0.105468795 -0.057617221
vt 0.107666016 0.936767578
vn -0.558000982 -0.730902672 -0.392958373
v 0.315429688 0.128906295 -0.079101600
vt 0.113037109 0.925292969
vn -0.612353623 -0.423937142 -0.667308271
v 0.329101562 0.162109420 0.034179650
vt 0.065429688 0.926025391
vn -0.431442112 -0.007844384 0.902106524
v 0.327148438 0.193359420 0.024414025
vt 0.065673828 0.912841797
vn -0.487841189 0.409157187 0.771104038
v 0.313476562 0.162109420 -0.086914100
vt 0.112304688 0.911621094
vn -0.678914607 -0.007894416 -0.734174907
v 0.315429688 0.193359420 -0.079101600
vt 0.105468750 0.900634766
vn -0.643974781 0.400520742 -0.651827931
v 0.317382812 0.216796920 -0.057617225
vt 0.094482422 0.894287109
vn -0.607619286 0.702313125 -0.370884389
v 0.325195312 0.216796920 0.002929649
vt 0.071044922 0.901367188
vn -0.471987575 0.723714292 0.503453434
v 0.321289062 0.226562545 -0.026367227
vt 0.081298828 0.894287109
vn -0.519491851 0.850077629 0.086582012
vt 0.974365234 0.554931641
vt 0.974365234 0.542968750
vt 0.984863281 0.553710938
v 0.344726562 0.105468795 -0.030273473
vt 0.983886719 0.542724609
vn 0.630782247 -0.772708297 -0.070963047
vt 0.974365234 0.530273438
vt 0.765136719 0.927246094
vt 0.762207031 0.937744141
v 0.358398438 0.146484420 -0.006835977
vt 0.754638672 0.927734375
vn 0.742208183 -0.378999829 0.552708030
v 0.356445312 0.132812545 -0.022460977
vt 0.751708984 0.935546875
vn 0.710846484 -0.687151432 0.150067508
v 0.358398438 0.162109420 -0.002929728
vt 0.752929688 0.921630859
vn 0.737782776 -0.007848690 0.674992561
vt 0.754638672 0.946533203
v 0.352539062 0.162109420 0.024414023
vt 0.762695312 0.916259766
vn 0.726552486 -0.007897247 0.687065661
v 0.354492188 0.132812545 -0.040039100
vt 0.745605469 0.938964844
vn 0.638726592 -0.701810718 -0.315420598
v 0.344726562 0.115234420 -0.055664100
vt 0.743896484 0.947998047
vn 0.670623124 -0.583836675 -0.457601756
v 0.338867188 0.134765670 -0.077148475
vt 0.732666016 0.945068359
vn 0.533583581 -0.384494096 -0.753294647
v 0.358398438 0.179687545 -0.006835978
vt 0.748046875 0.916259766
vn 0.727233052 0.331997693 0.600757539
v 0.352539062 0.189453170 0.016601522
vt 0.754638672 0.908203125
vn 0.718050778 0.378752112 0.583909273
v 0.356445312 0.193359420 -0.016601603
vt 0.742187500 0.913085938
vn 0.738328695 0.604801238 0.298473179
v 0.348632812 0.210937545 -0.002929728
vt 0.743652344 0.904296875
vn 0.655170202 0.678851008 0.331531763
v 0.356445312 0.195312545 -0.030273478
vt 0.737060547 0.915283203
vn 0.600588799 0.798151016 -0.047415026
v 0.344726562 0.218750045 -0.030273478
vt 0.732666016 0.906738281
vn 0.605361640 0.794045866 -0.055032995
vt 0.989990234 0.057861328
vt 0.978515625 0.047363281
vt 0.989746094 0.047851562
vt 0.980957031 0.034912109
vt 0.989990234 0.035888672
vt 0.970214844 0.417724609
vt 0.973388672 0.402832031
v 0.352539062 0.144531295 -0.055664100
vt 0.975830078 0.412353516
vn 0.568074882 -0.441836119 -0.694313943
v 0.338867188 0.162109420 -0.084960975
vt 0.983398438 0.399902344
vn 0.512160301 -0.007879406 -0.858853757
v 0.387695312 0.136718795 -0.043945357
vt 0.978027344 0.426025391
vn 0.638984859 -0.694205821 -0.331325531
v 0.385742188 0.148437545 -0.057617232
vt 0.983398438 0.421142578
vn 0.605998635 -0.362025201 -0.708310246
vt 0.064453125 0.495849609
vt 0.056884766 0.506103516
vt 0.056884766 0.489746094
vt 0.512695312 0.270019531
vt 0.512695312 0.286621094
vt 0.506103516 0.278320312
vt 0.118408203 0.024902344
vt 0.109130859 0.027587891
vt 0.108154297 0.014648438
vt 0.118408203 0.014160156
vt 0.108642578 0.001953125
v 0.338867188 0.191406295 -0.077148475
vt 0.117919922 0.002441406
vn 0.511731625 0.393639833 -0.763661325
vt 0.155517578 0.451660156
vt 0.165771484 0.449951172
vt 0.165527344 0.462890625
vt 0.156005859 0.462890625
vt 0.080566406 0.446044922
vt 0.080566406 0.433349609
vt 0.088378906 0.445556641
v 0.344726562 0.210937545 -0.055664103
vt 0.090332031 0.433837891
vn 0.612410128 0.651667237 -0.447530627
v 0.352539062 0.179687545 -0.055664100
vt 0.098632812 0.442871094
vn 0.526889682 0.322425097 -0.786402762
v 0.354492188 0.193359420 -0.045898478
vt 0.098388672 0.436035156
vn 0.631489277 0.631489336 -0.449936271
v 0.352539062 0.162109420 -0.059570350
vt 0.101318359 0.448974609
vn 0.517937779 0.007847529 -0.855382323
vt 0.092529297 0.456298828
vt 0.749511719 0.078613281
vt 0.754638672 0.086914062
vt 0.749511719 0.092041016
vt 0.972656250 0.506347656
vt 0.983398438 0.504150391
vt 0.983398438 0.516601562
vt 0.973876953 0.516357422
vt 0.983398438 0.528564453
vt 0.973632812 0.527343750
vt 0.807128906 0.988281250
vt 0.807128906 0.981201172
v 0.383789062 0.162109420 -0.061523482
vt 0.819824219 0.988281250
vn 0.527150512 -0.007867934 -0.849735439
vt 0.807128906 0.995361328
vt 0.820312500 0.993652344
v 0.385742188 0.177734420 -0.057617232
vt 0.820312500 0.981933594
vn 0.616009116 0.339594841 -0.710779965
vt 0.807617188 0.975585938
vt 0.545654297 0.782226562
vt 0.547363281 0.771728516
vt 0.553466797 0.782226562
vt 0.161621094 0.659179688
vt 0.161621094 0.671875000
vt 0.152099609 0.660156250
vt 0.151611328 0.671875000
vt 0.229248047 0.712646484
vt 0.229248047 0.700195312
vt 0.234130859 0.709228516
vt 0.845458984 0.358642578
vt 0.851806641 0.359130859
v 0.385742188 0.187500045 -0.047851607
vt 0.845458984 0.371093750
vn 0.627378523 0.643063068 -0.439165175
v 0.387695312 0.191406295 -0.036132861
vt 0.850341797 0.371582031
vn 0.668586969 0.731512904 -0.133717522
vt 0.857177734 0.358642578
v 0.389648438 0.187500045 -0.022460982
vt 0.855712891 0.372070312
vn 0.723714292 0.629316866 0.283192426
vt 0.397949219 0.732910156
vt 0.402343750 0.742187500
vt 0.397949219 0.745361328
vt 0.626220703 0.096923828
vt 0.631591797 0.093505859
v 0.389648438 0.162109420 -0.036132857
vt 0.633300781 0.104003906
vn 0.989827275 0.015711581 -0.141404018
vt 0.636962891 0.093505859
vt 0.623291016 0.101806641
vt 0.641357422 0.095703125
vt 0.624023438 0.109130859
vt 0.644287109 0.100585938
v 0.389648438 0.136718795 -0.026367230
vt 0.628906250 0.114013672
vn 0.687387466 -0.703189373 0.181723043
v 0.391601562 0.177734420 -0.012695357
vt 0.644287109 0.105957031
vn 0.747915685 0.370021492 0.551095605
v 0.391601562 0.148437545 -0.012695356
vt 0.635986328 0.114501953
vn 0.740892947 -0.394091904 0.543846786
v 0.391601562 0.162109420 -0.008789107
vt 0.640869141 0.111572266
vt 0.206298828 0.581298828
vt 0.212890625 0.582275391
vt 0.207519531 0.593994141
vt 0.212890625 0.594238281
vt 0.103759766 0.825439453
vt 0.111083984 0.825439453
vt 0.104492188 0.838867188
vt 0.110839844 0.838867188
vt 0.116943359 0.825439453
vt 0.115966797 0.838867188
vt 0.714843750 0.764404297
vt 0.715332031 0.777099609
vt 0.707031250 0.777099609
vt 0.707519531 0.764648438
vt 0.750244141 0.073486328
vt 0.750244141 0.060302734
vt 0.757324219 0.060302734
vt 0.757324219 0.073730469
v 0.362304688 0.164062545 0.049804647
vt 0.070312500 0.894042969
vn -0.574358165 0.023603775 0.818263829
v 0.358398438 0.087890670 0.020507775
vt 0.101074219 0.883056641
vn -0.737714529 -0.674930394 0.015696181
v 0.360351592 0.083984420 0.036132775
vt 0.102539062 0.889404297
vn -0.527150571 -0.684509099 0.503547072
v 0.342773438 0.111328170 -0.088867225
vt 0.093017578 0.838623047
vn -0.982487082 -0.086458914 -0.165057689
v 0.342773438 0.087890670 -0.092773475
vt 0.102539062 0.837402344
vn -0.756962240 -0.615031898 -0.220780522
v 0.360351562 0.201171920 0.040039018
vt 0.055664062 0.889648438
vn -0.592224181 0.331645548 0.734358072
v 0.338867188 0.125000045 -0.114257850
vt 0.087890625 0.828125000
vn -0.733352840 -0.417932332 -0.536214828
v 0.338867188 0.160156295 -0.120117225
vt 0.073974609 0.825439453
vn -0.744668901 0.039193030 -0.666282415
v 0.340820312 0.197265655 -0.110351600
vt 0.059082031 0.829101562
vn -0.748286843 0.330821425 -0.574999154
v 0.342773438 0.226562530 -0.086914100
vt 0.047119141 0.838134766
vn -0.738967299 0.558156013 -0.377344936
v 0.358398438 0.230468795 0.016601520
vt 0.044189453 0.879882812
vn -0.567421854 0.638349652 0.520136833
v 0.354492188 0.244140670 -0.018554730
vt 0.039062500 0.865478516
vn -0.632060647 0.742671251 0.221221283
v 0.348632812 0.244140670 -0.055664103
vt 0.039550781 0.850585938
vn -0.651125669 0.753109217 -0.094138592
vt 0.382080078 0.258544922
vt 0.382080078 0.252197266
v 0.383789062 0.083984420 0.034179647
vt 0.391601562 0.259033203
vn 0.574145079 -0.699985027 0.424709946
v 0.383789062 0.087890670 0.016601522
vt 0.392333984 0.251953125
vn 0.725399613 -0.678090870 -0.118271746
v 0.387695312 0.087890670 -0.088867232
vt 0.399658203 0.210449219
vn 0.826233923 -0.369838059 -0.424920410
v 0.368164062 0.087890670 -0.094726600
vt 0.392333984 0.207031250
vn 0.417206466 -0.826541126 -0.377847403
vt 0.382080078 0.206542969
v 0.362304688 0.087890670 -0.120117225
vt 0.391357422 0.196533203
vn 0.149048179 -0.509902000 -0.847221673
vt 0.045898438 0.570556641
vt 0.036621094 0.570556641
vt 0.045166016 0.539306641
v 0.385742188 0.166015670 0.047851518
vt 0.035888672 0.538574219
vn 0.657999456 0.039166693 0.751999259
vt 0.045654297 0.524169922
v 0.385742188 0.201171920 0.038085889
vt 0.035644531 0.524169922
vn 0.691521466 0.369335353 0.620797515
vt 0.045898438 0.511474609
vt 0.865966797 0.587158203
vt 0.832519531 0.589111328
v 0.387695312 0.164062545 0.030273395
vt 0.863525391 0.580566406
vn 0.999876022 0.000000043 -0.015746210
vt 0.832763672 0.581787109
vt 0.878662109 0.580566406
v 0.368164062 0.111328170 -0.092773475
vt 0.832519531 0.537597656
vn 0.905905008 0.133916423 -0.401749313
v 0.368164062 0.130859420 -0.100585975
vt 0.839599609 0.532714844
vn 0.973965526 -0.054981895 -0.219927832
v 0.362304688 0.123046920 -0.118164100
vt 0.835205078 0.526855469
vn 0.426295072 -0.481555641 -0.765752435
v 0.385742188 0.193359420 0.022460893
vt 0.874267578 0.574951172
vn 0.996423304 0.031383451 -0.078458659
v 0.368164062 0.160156295 -0.104492225
vt 0.850830078 0.528808594
vn 0.971247673 -0.023688937 -0.236889824
v 0.362304688 0.162109420 -0.122070350
vt 0.850097656 0.521972656
vn 0.502505779 0.039258260 -0.863682151
v 0.370117188 0.189453170 -0.098632857
vt 0.862548828 0.528564453
vn 0.972975612 0.039232917 -0.227550894
v 0.364257812 0.197265655 -0.114257850
vt 0.864501953 0.521972656
vn 0.481330603 0.347189367 -0.804848135
v 0.372070312 0.212890670 -0.079101607
vt 0.873535156 0.534179688
vn 0.981033564 0.070634447 -0.180510312
v 0.368164062 0.226562530 -0.090820350
vt 0.877929688 0.528320312
vn 0.550686121 0.605754912 -0.574287176
v 0.372070312 0.244140670 -0.057617232
vt 0.887451172 0.539794922
vn 0.567721605 0.772732258 -0.283860922
v 0.383789062 0.216796920 0.002929642
vt 0.881835938 0.565429688
vn 0.995464385 0.063204132 -0.071104720
v 0.375976562 0.226562545 -0.053710982
vt 0.880859375 0.542724609
vn 0.982487082 0.086458899 -0.165057957
v 0.381835938 0.230468795 0.012695266
vt 0.888183594 0.568115234
vn 0.652532697 0.652532697 0.385230064
v 0.379882812 0.228515670 -0.024414109
vt 0.884277344 0.553955078
vn 0.988150001 0.086957239 -0.126483336
v 0.377929688 0.246093795 -0.020507859
vt 0.891357422 0.553955078
vn 0.590551198 0.803149581 0.078740045
vt 0.953125000 0.126220703
vt 0.942138672 0.091552734
vt 0.953125000 0.086181641
vt 0.624755859 0.156494141
vt 0.624755859 0.143066406
vt 0.633789062 0.141845703
v 0.362304688 0.107421920 -0.118164100
vt 0.632080078 0.155761719
vn 0.157110468 0.518464923 -0.840541780
vt 0.484863281 0.647460938
vt 0.484863281 0.637451172
vt 0.494384766 0.648193359
vt 0.492675781 0.638183594
vt 0.777343750 0.010498047
vt 0.777343750 0.001220703
vt 0.784912109 0.010498047
vt 0.001464844 0.795410156
vt 0.001464844 0.784912109
vt 0.011718750 0.794677734
vt 0.827636719 0.623291016
vt 0.828369141 0.633789062
vt 0.818115234 0.633789062
vt 0.818115234 0.623291016
vt 0.938720703 0.479980469
vt 0.929199219 0.479492188
vt 0.938232422 0.464355469
vt 0.928955078 0.465576172
vt 0.928710938 0.450439453
vt 0.938232422 0.450195312
vt 0.928466797 0.438232422
vt 0.938720703 0.437744141
vt 0.899902344 0.313232422
vt 0.899414062 0.300048828
vt 0.909912109 0.300048828
vt 0.909423828 0.312500000
vt 0.909179688 0.327636719
vt 0.899902344 0.328125000
vt 0.900390625 0.341796875
vt 0.909912109 0.341796875
vt 0.122314453 0.327880859
vt 0.122314453 0.345703125
vt 0.114990234 0.332031250
v 0.338867188 0.291015685 0.038085893
vt 0.075927734 0.051269531
vn -0.471288145 -0.879737973 0.062838525
v 0.360351562 0.304687560 0.071289018
vt 0.083740234 0.064941406
vn 0.771558046 -0.377905905 0.511747479
v 0.334960938 0.294921935 0.081054643
vt 0.073486328 0.068359375
vn -0.387161165 -0.640001357 0.663705111
v 0.362304688 0.300781310 0.036132764
vt 0.085205078 0.051025391
vn 0.850631118 -0.519829988 0.078762040
v 0.364257812 0.298828185 -0.004882860
vt 0.086669922 0.034667969
vn 0.857922137 -0.511604905 -0.047225162
v 0.338867188 0.289062560 -0.002929731
vt 0.076660156 0.034912109
vn -0.456579715 -0.889543295 0.015744228
v 0.333007812 0.292968780 -0.045898482
vt 0.074951172 0.017578125
vn -0.502505839 -0.863682091 -0.039258171
v 0.358398438 0.302734405 -0.043945361
vt 0.085205078 0.018798828
vn 0.833638489 -0.519057810 -0.188748404
v 0.352539062 0.306640655 -0.079101607
vt 0.083496094 0.004638672
vn 0.709828556 -0.394349188 -0.583636999
v 0.327148438 0.298828155 -0.086914107
vt 0.073486328 0.000976562
vn -0.441054374 -0.606449723 -0.661581397
vt 0.842285156 0.306152344
vt 0.843505859 0.289306641
v 0.329101562 0.349609435 0.081054643
vt 0.865234375 0.289306641
vn -0.526369095 -0.054993786 0.848475873
v 0.317382812 0.416015685 0.041992143
vt 0.892089844 0.305175781
vn -0.717046916 0.685528278 0.126074240
v 0.315429688 0.404296935 0.079101510
vt 0.887207031 0.290771484
vn -0.628966570 0.369517893 0.684001267
v 0.317382812 0.419921935 -0.002929734
vt 0.894042969 0.322998047
vn -0.710248530 0.702356815 0.047349967
vt 0.841796875 0.322509766
vt 0.843505859 0.339843750
v 0.313476562 0.417968810 -0.047851607
vt 0.893554688 0.340820312
vn -0.714720964 0.699012697 -0.023562165
v 0.321289062 0.353515655 -0.086914107
vt 0.868164062 0.356201172
vn -0.585003197 -0.086959980 -0.806355476
vt 0.846191406 0.356201172
v 0.307617158 0.410156310 -0.084960982
vt 0.890625000 0.355957031
vn -0.656213760 0.434840351 -0.616682708
vt 0.933349609 0.848632812
vt 0.934814453 0.870361328
vt 0.923828125 0.867919922
v 0.354492188 0.353515685 0.069335893
vt 0.922851562 0.848388672
vn 0.814006865 0.150156662 0.561111331
vt 0.934814453 0.826171875
v 0.342773438 0.406250060 0.071289010
vt 0.923828125 0.826904297
vn 0.582550883 0.566806138 0.582550764
vt 0.620605469 0.067138672
vt 0.609375000 0.064453125
vt 0.619140625 0.052246094
v 0.342773438 0.414062560 0.038085889
vt 0.608886719 0.051025391
vn 0.630527556 0.764514685 0.133986980
v 0.344726562 0.417968810 -0.002929737
vt 0.607177734 0.034667969
vn 0.658504605 0.752576768 -0.000000119
vt 0.618164062 0.034179688
vt 0.618896484 0.016113281
v 0.340820312 0.416015685 -0.043945361
vt 0.608154297 0.018310547
vn 0.646049917 0.748472512 -0.149694622
v 0.336914062 0.410156310 -0.077148490
vt 0.608886719 0.004882812
vn 0.561391950 0.593019783 -0.577206016
vt 0.620605469 0.001220703
vt 0.329589844 0.914306641
vt 0.309814453 0.915039062
v 0.360351562 0.333984435 0.020507766
vt 0.321533203 0.894775391
vn 0.863655508 -0.306205064 0.400421947
vt 0.308105469 0.900878906
v 0.356445312 0.355468810 0.030273389
vt 0.330078125 0.898681641
vn 0.819304168 0.126046851 0.559332490
v 0.360351562 0.324218810 -0.004882860
vt 0.317382812 0.884521484
vn 0.897109628 -0.440685391 -0.031477630
v 0.352539062 0.380859435 0.020507764
vt 0.340332031 0.894531250
vn 0.753294706 0.533583760 0.384494036
vt 0.307128906 0.884521484
vt 0.350585938 0.915039062
v 0.358398438 0.333984405 -0.028320359
vt 0.321289062 0.875244141
vn 0.840541601 -0.267087996 -0.471331894
vt 0.353515625 0.901855469
vt 0.308593750 0.869140625
v 0.350585938 0.390625060 -0.002929737
vt 0.343994141 0.885253906
vn 0.741699576 0.670685887 -0.007890548
v 0.354492188 0.357421935 -0.038085982
vt 0.330566406 0.871337891
vn 0.779237628 0.125937402 -0.613945007
vt 0.354980469 0.885253906
vt 0.310058594 0.855224609
v 0.350585938 0.380859435 -0.028320361
vt 0.340087891 0.875244141
vn 0.749660015 0.512925327 -0.418231517
v 0.348632812 0.357421905 -0.077148482
vt 0.330322266 0.855957031
vn 0.773068726 0.118326865 -0.623188198
vt 0.354003906 0.869140625
vt 0.351562500 0.855957031
vt 0.134033203 0.334716797
vt 0.134033203 0.345214844
v 0.377929688 0.378906310 0.018554635
vt 0.124023438 0.336669922
vn -0.448568642 0.574482799 0.684657454
v 0.381835938 0.357421935 0.026367135
vt 0.123779297 0.345703125
vn -0.369792163 -0.125886708 0.920546830
vt 0.993164062 0.765136719
vt 0.982910156 0.764404297
vt 0.993896484 0.755859375
v 0.375976562 0.388671935 -0.002929740
vt 0.983886719 0.755859375
vn -0.512112796 0.858773649 0.015757345
v 0.377929688 0.378906310 -0.026367240
vt 0.982910156 0.746337891
vn -0.526304364 0.581291258 -0.620567620
vt 0.993896484 0.745605469
vt 0.774414062 0.010498047
vt 0.765625000 0.010498047
v 0.383789062 0.337890685 0.016601512
vt 0.766113281 0.001464844
vn -0.252187371 -0.740800738 0.622587979
vt 0.774414062 0.000976562
vt 0.013427734 0.785156250
vt 0.023681641 0.785156250
vt 0.015136719 0.794677734
v 0.385742188 0.330078185 -0.004882864
vt 0.023681641 0.795410156
vn -0.306535929 -0.951047480 -0.039299399
vt 0.827880859 0.729736328
vt 0.826416016 0.720214844
v 0.383789062 0.339843810 -0.024414115
vt 0.836425781 0.720947266
vt 0.837402344 0.729248047
vt 0.828125000 0.710693359
v 0.379882812 0.359375060 -0.034179736
vt 0.837402344 0.712646484
vn -0.387064785 -0.102690674 -0.916316271
vt 0.931640625 0.555908203
vt 0.921142578 0.557373047
vt 0.933593750 0.535644531
vt 0.922607422 0.535644531
vt 0.932617188 0.514160156
vt 0.921142578 0.512207031
vt 0.191894531 0.461914062
vt 0.182128906 0.462890625
vt 0.183837891 0.452148438
vt 0.191894531 0.451660156
vt 0.976074219 0.946289062
vt 0.973388672 0.936767578
v 0.383789062 0.402343810 -0.002929742
vt 0.978759766 0.933349609
vn -0.465941221 0.884498537 0.023691949
v 0.385742188 0.386718810 -0.038085993
vt 0.982177734 0.947753906
vn -0.393457085 0.535101414 -0.747568130
vt 0.973388672 0.953857422
v 0.389648438 0.359375060 -0.043945365
vt 0.977783203 0.957031250
vn -0.298694670 -0.078603886 -0.951106250
vt 0.674316406 0.956787109
vt 0.678466797 0.960449219
vt 0.674804688 0.969238281
v 0.387695312 0.384765685 0.030273383
vt 0.669433594 0.971191406
vn -0.392837018 0.502831578 0.769960761
vt 0.678466797 0.977783203
v 0.391601562 0.357421935 0.036132760
vt 0.675048828 0.980712891
vn -0.291664183 -0.141890690 0.945938289
vt 0.124023438 0.012451172
vt 0.121582031 0.004150391
v 0.391601562 0.341796935 -0.038085990
vt 0.128906250 0.008300781
vn -0.291873008 -0.552192032 -0.780957162
vt 0.126464844 0.001708984
v 0.393554688 0.328125060 -0.022460990
vt 0.128417969 0.016601562
vn -0.283640534 -0.843042672 -0.456976324
vt 0.122070312 0.020751953
v 0.395507812 0.322265685 -0.004882864
vt 0.126220703 0.023437500
vn -0.197580576 -0.979999900 -0.023709605
v 0.395507812 0.326171935 0.012695260
vt 0.121582031 0.027587891
vn -0.181225911 -0.890371203 0.417607814
vt 0.403076172 0.973876953
vt 0.392089844 0.971679688
v 0.401367188 0.388671935 -0.034179743
vt 0.393554688 0.965576172
vn -0.023534069 0.619726956 -0.784464598
v 0.409179688 0.365234435 -0.041992243
vt 0.403564453 0.965576172
vn 0.070669107 0.023556376 -0.997221589
v 0.411132812 0.396484435 -0.030273495
vt 0.391845703 0.960937500
vn -0.558415115 0.432574928 -0.707849979
v 0.415039062 0.345703185 -0.036132868
vt 0.411621094 0.966308594
vn 0.205157265 -0.481330752 -0.852192104
vt 0.409912109 0.975585938
v 0.448242188 0.357421935 -0.032226622
vt 0.411621094 0.952148438
vn 0.322634608 -0.645269394 -0.692484260
v 0.428710938 0.376953185 -0.041992247
vt 0.401855469 0.956787109
vn -0.172736526 -0.149181500 -0.973605216
v 0.418945312 0.412109435 -0.034179747
vt 0.386962891 0.955566406
vn -0.487404048 0.597462893 -0.636769593
v 0.461914062 0.384765685 -0.049804751
vt 0.403564453 0.943115234
vn 0.433865070 0.055219185 -0.899284244
v 0.440429688 0.398437560 -0.051757876
vt 0.395751953 0.949218750
vn -0.078995392 0.331780046 -0.940043509
vt 0.379394531 0.958496094
vt 0.385498047 0.956054688
vt 0.387939453 0.969970703
v 0.397460938 0.402343810 -0.002929743
vt 0.382324219 0.970703125
vn -0.150198847 0.988150001 0.031620774
v 0.403320312 0.404296935 -0.002929744
vt 0.380126953 0.970947266
vn -0.752368808 0.658322573 0.023511594
v 0.403320312 0.386718810 0.028320257
vt 0.381591797 0.983398438
vn -0.015742579 0.550993264 0.834361196
vt 0.387939453 0.983398438
v 0.411132812 0.394531310 0.024414005
vt 0.378173828 0.982177734
vn -0.565179706 0.368936807 0.737873673
vt 0.952636719 0.686279297
vt 0.944824219 0.683349609
vt 0.948486328 0.675292969
v 0.418945312 0.332031310 -0.022460992
vt 0.956054688 0.677734375
vn 0.292245954 -0.821448147 -0.489709496
vt 0.953125000 0.662353516
v 0.458007812 0.349609435 -0.006835999
vt 0.964111328 0.661376953
vn 0.541347206 -0.839480460 -0.047073703
v 0.420898438 0.328125060 -0.004882868
vt 0.962646484 0.678222656
vn 0.369987041 -0.928903520 0.015744120
v 0.475585938 0.375000060 -0.034179755
vt 0.953613281 0.649414062
vn 0.756445050 -0.338824332 -0.559454262
v 0.485351562 0.369140685 -0.006836004
vt 0.965087891 0.648193359
vn 0.914406955 -0.402023703 -0.047297012
vt 0.944824219 0.650878906
vt 0.784423828 0.369384766
vt 0.779785156 0.369628906
vt 0.785888672 0.357910156
v 0.407226562 0.417968810 -0.002929745
vt 0.791503906 0.357421875
vn -0.722552776 0.691137373 0.015707735
vt 0.791503906 0.370849609
vt 0.258300781 0.015625000
vt 0.268310547 0.007080078
vt 0.268310547 0.018310547
vt 0.981933594 0.957763672
vt 0.984375000 0.947998047
v 0.475585938 0.386718810 -0.030273503
vt 0.988769531 0.964599609
vn 0.830383301 0.063267320 -0.553588986
v 0.452148438 0.402343810 -0.041992251
vt 0.988769531 0.952392578
vn 0.292054623 0.276267946 -0.915631056
vt 0.984375000 0.966308594
vt 0.552246094 0.736816406
vt 0.547363281 0.746826172
vt 0.547363281 0.733154297
vt 0.870361328 0.989990234
vt 0.856445312 0.990722656
v 0.430664062 0.416015685 -0.030273497
vt 0.860107422 0.987548828
vn -0.440781116 0.519491792 -0.732011199
v 0.456054688 0.451171935 -0.041992255
vt 0.865234375 0.971191406
vn -0.015721327 -0.597407520 -0.801783681
v 0.432617188 0.449218810 -0.028320374
vt 0.856445312 0.974853516
vn -0.577314258 -0.569405735 -0.585222542
v 0.481445312 0.410156310 -0.030273505
vt 0.879882812 0.982910156
vn 0.733626425 -0.110438399 -0.670518935
vt 0.880859375 0.992675781
v 0.485351562 0.451171935 -0.028320381
vt 0.875976562 0.967041016
vn 0.646853447 -0.591634333 -0.481196016
vt 0.973144531 0.465332031
vt 0.977783203 0.464111328
vt 0.982177734 0.476806641
v 0.418945312 0.421875060 -0.002929747
vt 0.977539062 0.476562500
vn -0.748774707 0.662074447 0.031527426
v 0.428710938 0.414062560 0.022460878
vt 0.973144531 0.486572266
vn -0.377344936 0.558156133 0.738967299
v 0.416992188 0.410156310 0.028320255
vt 0.977783203 0.489013672
vn -0.488476753 0.559384704 0.669685960
vt 0.115478516 0.979248047
vt 0.116699219 0.974365234
v 0.483398438 0.382812560 -0.006836004
vt 0.125976562 0.975341797
vn 0.998114347 -0.039295800 -0.047155138
vt 0.126220703 0.980712891
v 0.477539062 0.373046935 0.022460872
vt 0.137939453 0.978515625
vn 0.787597060 -0.354418606 0.504061937
v 0.477539062 0.384765685 0.018554620
vt 0.136230469 0.973876953
vn 0.861021459 0.055295009 0.505553722
v 0.489257812 0.408203185 -0.006836006
vt 0.125000000 0.965332031
vn 0.990744889 -0.133671880 -0.023589289
vt 0.115966797 0.965087891
v 0.481445312 0.408203185 0.018554620
vt 0.135498047 0.964599609
vn 0.772708356 -0.070962936 0.630782127
vt 0.115478516 0.948730469
v 0.483398438 0.449218810 0.018554619
vt 0.134277344 0.948242188
vn 0.663146496 -0.592095077 0.457886755
v 0.491210938 0.451171935 -0.004882883
vt 0.124755859 0.947998047
vn 0.855303347 -0.517890036 0.015693551
vt 0.944091797 0.607177734
vt 0.955566406 0.608398438
vt 0.945068359 0.620605469
v 0.448242188 0.355468810 0.022460876
vt 0.957031250 0.621826172
vn 0.345090181 -0.698023081 0.627436459
v 0.461914062 0.380859435 0.040038999
vt 0.965087891 0.610839844
vn 0.450315177 -0.015800469 0.892729819
v 0.418945312 0.332031310 0.010742132
vt 0.953857422 0.636962891
vn 0.339934289 -0.837977350 0.426894128
vt 0.947998047 0.637451172
v 0.415039062 0.343750060 0.026367132
vt 0.961669922 0.635009766
vn 0.244603232 -0.552329481 0.796932638
vt 0.957275391 0.645507812
v 0.393554688 0.339843810 0.028320258
vt 0.965087891 0.642333984
vn -0.235869631 -0.581812024 0.778370261
vt 0.446533203 0.007568359
vt 0.447021484 0.014648438
vt 0.436767578 0.013916016
vt 0.436523438 0.006835938
vt 0.445800781 0.020751953
vt 0.436523438 0.020996094
vt 0.627197266 0.989990234
vt 0.621093750 0.986816406
vt 0.625976562 0.982177734
vt 0.621093750 0.978515625
vt 0.627197266 0.973632812
vt 0.622314453 0.971191406
vt 0.556152344 0.205078125
vt 0.558837891 0.211425781
vt 0.550537109 0.214355469
v 0.409179688 0.363281310 0.034179632
vt 0.548828125 0.206542969
vn 0.102550074 -0.039442237 0.993945599
vt 0.536621094 0.217041016
v 0.430664062 0.375000060 0.034179628
vt 0.539062500 0.207031250
vn -0.134337917 -0.229164869 0.964073122
vt 0.545898438 0.197265625
vt 0.551757812 0.194824219
vt 0.541503906 0.196044922
vt 0.536621094 0.191894531
vt 0.760009766 0.512207031
vt 0.761230469 0.524169922
vt 0.754638672 0.511230469
vt 0.754638672 0.524658203
vt 0.982666016 0.920654297
vt 0.983398438 0.932128906
vt 0.971679688 0.926025391
v 0.440429688 0.394531310 0.043945249
vt 0.975097656 0.916259766
vn -0.039448306 0.268249303 0.962541580
vt 0.983398438 0.907714844
vt 0.731689453 0.551025391
vt 0.726074219 0.558837891
vt 0.722412109 0.556152344
vt 0.732421875 0.540771484
v 0.452148438 0.398437560 0.034179624
vt 0.727294922 0.543945312
vn 0.354539752 0.259995788 0.898167014
vt 0.726074219 0.530517578
vt 0.722412109 0.533447266
vt 0.728271484 0.152832031
vt 0.718017578 0.156494141
v 0.422851562 0.447265685 -0.004882874
vt 0.728271484 0.142578125
vn -0.840827167 -0.534357488 -0.086440042
v 0.428710938 0.447265685 0.020507751
vt 0.718017578 0.143066406
vn -0.588620007 -0.651406288 0.478744507
vt 0.408935547 0.646484375
vt 0.410400391 0.636962891
vt 0.420654297 0.649414062
vt 0.420166016 0.636962891
vt 0.992675781 0.895751953
vt 0.983398438 0.902343750
v 0.454101562 0.447265685 0.032226495
vt 0.982666016 0.882812500
vn 0.023647852 -0.583310425 0.811905026
vt 0.992675781 0.882324219
vt 0.971435547 0.897949219
vt 0.970703125 0.881591797
vt 0.972900391 0.907226562
vt 0.048828125 0.122558594
vt 0.048583984 0.114013672
v 0.493164062 0.457031310 -0.034179758
vt 0.052490234 0.113281250
vn 0.780690074 -0.425831020 -0.457374096
v 0.477539062 0.457031310 -0.047851633
vt 0.049316406 0.105712891
vn 0.377730280 -0.487901717 -0.786938310
v 0.499023438 0.457031310 -0.004882884
vt 0.052490234 0.123535156
vn 0.919437528 -0.392921984 0.015716776
vt 0.987304688 0.406738281
vt 0.986816406 0.415527344
v 0.491210938 0.455078185 0.024413992
vt 0.983154297 0.406005859
vn 0.786329806 -0.416754723 0.456071198
vt 0.983154297 0.416748047
v 0.475585938 0.453125060 0.038085867
vt 0.986572266 0.398437500
vn 0.394398481 -0.520605743 0.757244825
vt 0.041503906 0.606201172
vt 0.041503906 0.593261719
vt 0.047363281 0.599853516
vt 0.976562500 0.190429688
vt 0.976074219 0.178955078
v 0.497070312 0.494140685 -0.004882886
vt 0.991210938 0.190185547
vn 0.805023432 0.591929138 0.039461806
v 0.489257812 0.494140685 -0.034179758
vt 0.990966797 0.178710938
vn 0.701396406 0.583183646 -0.409804821
vt 0.976074219 0.202392578
v 0.487304688 0.492187560 0.024413992
vt 0.990966797 0.202148438
vn 0.670623243 0.583836675 0.457601577
vt 0.987304688 0.058837891
vt 0.984130859 0.069335938
v 0.428710938 0.455078185 -0.040039126
vt 0.979736328 0.066894531
vn -0.520654380 -0.496988297 -0.694205761
v 0.454101562 0.457031310 -0.051757880
vt 0.984130859 0.056640625
vn -0.102527700 -0.457430899 -0.883314788
v 0.416992188 0.453125060 -0.024414122
vt 0.980468750 0.074707031
vn -0.762056947 -0.526369274 -0.377100229
vt 0.987304688 0.078857422
vt 0.575927734 0.331298828
vt 0.570068359 0.325195312
vt 0.575927734 0.318359375
vt 0.259765625 0.615966797
vt 0.251464844 0.616699219
v 0.471679688 0.490234435 0.040038992
vt 0.260253906 0.603759766
vn 0.338477850 0.527395666 0.779285967
vt 0.251464844 0.604003906
vt 0.407958984 0.786132812
vt 0.408203125 0.778076172
v 0.450195312 0.453125060 0.041992120
vt 0.412841797 0.786132812
vn -0.110620834 -0.481991351 0.869164765
vt 0.148193359 0.987304688
vt 0.148193359 0.977294922
vt 0.162841797 0.978515625
v 0.448242188 0.488281310 0.043945245
vt 0.162109375 0.988037109
vn -0.157695472 0.457317173 0.875210404
v 0.424804688 0.451171935 0.030273376
vt 0.148193359 0.997314453
vn -0.544083416 -0.544083536 0.638706863
v 0.422851562 0.488281310 0.030273374
vt 0.163085938 0.997802734
vn -0.598963857 0.472866297 0.646250606
vt 0.853271484 0.963134766
vt 0.849365234 0.955322266
v 0.475585938 0.496093810 0.020507744
vt 0.854248047 0.955322266
vn 0.520654440 0.694205880 0.496988207
vt 0.849365234 0.942871094
v 0.450195312 0.494140685 0.032226495
vt 0.862548828 0.962890625
vn -0.078606173 0.613128841 0.786062539
v 0.483398438 0.498046935 -0.004882884
vt 0.854492188 0.944580078
vn 0.717760265 0.694097877 0.055212203
vt 0.861572266 0.967773438
v 0.477539062 0.498046935 -0.030273508
vt 0.859863281 0.935791016
vn 0.528789878 0.733992040 -0.426189005
v 0.426757812 0.494140685 0.018554624
vt 0.873046875 0.960693359
vn -0.677228272 0.543357611 0.496109188
vt 0.855957031 0.932861328
vt 0.873046875 0.965576172
v 0.475585938 0.494140685 -0.047851633
vt 0.863037109 0.929199219
vn 0.355256915 0.568411171 -0.742092490
v 0.413085938 0.488281310 0.014648376
vt 0.878662109 0.960937500
vn -0.839997590 0.463176191 0.282616079
v 0.452148438 0.498046935 -0.040039130
vt 0.870849609 0.935302734
vn -0.117655344 0.588275969 -0.800055385
v 0.420898438 0.494140685 -0.004882876
vt 0.878173828 0.952636719
vn -0.842310905 0.535300255 -0.062976420
v 0.452148438 0.492187560 -0.051757880
vt 0.872314453 0.930908203
vn -0.157033220 0.478950888 -0.863681972
v 0.411132812 0.488281310 -0.004882874
vt 0.881835938 0.953857422
vn -0.892618537 0.442359567 -0.086891972
v 0.416992188 0.488281310 -0.024414124
vt 0.882080078 0.945556641
vn -0.832891881 0.432160795 -0.345728606
v 0.430664062 0.496093810 -0.028320376
vt 0.877441406 0.942382812
vn -0.681792378 0.509384990 -0.525058329
v 0.426757812 0.490234435 -0.040039126
vt 0.880371094 0.938476562
vn -0.603129208 0.462137789 -0.650126040
vt 0.473388672 0.158447266
vt 0.468994141 0.159179688
vt 0.468994141 0.147949219
vt 0.995117188 0.132812500
vt 0.980468750 0.132568359
vt 0.980468750 0.125976562
v 0.415039062 0.451171935 0.014648378
vt 0.995361328 0.125976562
vn -0.788968384 -0.560167670 0.252470016
v 0.413085938 0.453125060 -0.004882873
vt 0.994384766 0.118164062
vn -0.874178410 -0.480404377 -0.070879191
vt 0.980468750 0.118164062
vt 0.980468750 0.110595703
vt 0.994384766 0.110595703
vt 0.446289062 0.205566406
vt 0.450927734 0.215576172
vt 0.442382812 0.207519531
vt 0.443603516 0.200195312
vt 0.450927734 0.196289062
vt 0.034179688 0.557373047
vt 0.031982422 0.565429688
vt 0.030029297 0.558349609
vt 0.030029297 0.550781250
vt 0.452392578 0.211669922
vt 0.452880859 0.198974609
vt 0.460205078 0.211181641
vt 0.460205078 0.198730469
vt 0.457519531 0.194824219
vt 0.121582031 0.499511719
vt 0.112060547 0.499511719
v 0.418945312 0.527343810 -0.004882877
vt 0.121582031 0.486328125
vn -0.954859972 -0.284090579 -0.086805306
v 0.422851562 0.531250060 0.022460872
vt 0.110595703 0.484863281
vn -0.732965350 -0.307372630 0.606864035
v 0.409179688 0.544921935 -0.004882876
vt 0.122314453 0.479248047
vn -0.619955957 -0.776906848 -0.109865494
v 0.411132812 0.552734435 0.026367122
vt 0.109863281 0.476318359
vn -0.410762370 -0.560848713 0.718834460
vt 0.546142578 0.295654297
vt 0.553466797 0.286621094
vt 0.553466797 0.302490234
vt 0.988525391 0.613525391
vt 0.989013672 0.626708984
vt 0.978027344 0.627197266
v 0.444335938 0.544921935 0.036132742
vt 0.978027344 0.609375000
vn 0.086946473 -0.023712590 0.995930731
vt 0.991210938 0.604248047
vt 0.913330078 0.995117188
vt 0.899414062 0.995361328
vt 0.899414062 0.984863281
vt 0.913330078 0.984863281
vt 0.898925781 0.975585938
vt 0.913818359 0.975585938
vt 0.289306641 0.773925781
vt 0.285156250 0.775634766
vt 0.285156250 0.767089844
vt 0.177246094 0.706542969
vt 0.177246094 0.693359375
vt 0.185302734 0.707275391
vt 0.184814453 0.693847656
vt 0.904541016 0.873046875
vt 0.896240234 0.869628906
v 0.426757812 0.533203185 -0.030273503
vt 0.901123047 0.855712891
vn -0.701396585 -0.220664129 -0.677753747
v 0.446289033 0.544921935 -0.041992258
vt 0.910400391 0.855224609
vn 0.023608748 0.023608839 -0.999442518
vt 0.913574219 0.876953125
v 0.418945312 0.554687560 -0.032226630
vt 0.901855469 0.846679688
vn -0.434338480 -0.418544322 -0.797603130
v 0.469726562 0.554687560 -0.030273510
vt 0.920410156 0.855224609
vn 0.737782598 0.266857564 -0.620051563
v 0.430664033 0.570312560 -0.040039130
vt 0.908935547 0.843261719
vn 0.023542497 0.078475393 -0.996638060
v 0.454101533 0.582031310 -0.028320383
vt 0.919189453 0.842529297
vn 0.596193016 0.447144836 -0.666794956
v 0.440429658 0.595703185 -0.028320383
vt 0.916748047 0.835205078
vn 0.458415598 0.553260267 -0.695527375
v 0.422851533 0.607421935 -0.028320381
vt 0.912353516 0.828125000
vn 0.331160575 0.630782187 -0.701745331
v 0.407226533 0.580078185 -0.038086001
vt 0.902099609 0.835693359
vn 0.613488853 -0.070787199 -0.786524415
v 0.401367188 0.558593810 -0.030273501
vt 0.896240234 0.842285156
vn 0.536098182 -0.693774283 -0.480911732
v 0.407226533 0.597656310 -0.036132876
vt 0.905029297 0.829345703
vn 0.724050343 0.196752846 -0.661089659
v 0.405273408 0.615234435 -0.028320380
vt 0.907226562 0.822265625
vn 0.703365028 0.624335349 -0.339828163
vt 0.572021484 0.070556641
vt 0.572021484 0.085449219
vt 0.562500000 0.073730469
vt 0.935302734 0.993896484
vt 0.934814453 0.971191406
vt 0.945312500 0.993652344
v 0.475585938 0.558593810 -0.002929760
vt 0.945312500 0.969238281
vn 0.956693530 0.290144801 0.023525110
v 0.467773438 0.554687560 0.022460865
vt 0.955810547 0.970458984
vn 0.749870300 0.197334319 0.631469548
vt 0.955810547 0.993896484
vt 0.243164062 0.626708984
vt 0.243164062 0.637695312
vt 0.235351562 0.637207031
vt 0.234619141 0.625000000
vt 0.965576172 0.152099609
vt 0.967285156 0.139648438
vt 0.976074219 0.152587891
v 0.461914062 0.589843810 -0.002929760
vt 0.978271484 0.139404297
vn 0.821961045 0.569050014 -0.023710547
vt 0.966796875 0.132080078
v 0.444335938 0.607421935 -0.002929758
vt 0.977539062 0.129394531
vn 0.623556852 0.781419456 -0.023679495
vt 0.965576172 0.124023438
v 0.422851562 0.621093810 -0.002929756
vt 0.975830078 0.119873047
vn 0.346413732 0.936891794 -0.047238328
vt 0.972900391 0.212890625
vt 0.962646484 0.214355469
v 0.454101562 0.583984435 0.024413992
vt 0.970703125 0.200683594
vn 0.629316866 0.409055978 0.660782576
vt 0.959472656 0.201660156
v 0.438476562 0.597656310 0.026367117
vt 0.971435547 0.192382812
vn 0.426149130 0.560307145 0.710248411
vt 0.958984375 0.191894531
vt 0.959716797 0.181884766
v 0.409179688 0.613281310 0.026367120
vt 0.972900391 0.179687500
vn 0.150086358 0.695136607 0.703035772
vt 0.890869141 0.691650391
vt 0.883544922 0.669189453
vt 0.894287109 0.669189453
vt 0.900634766 0.688232422
v 0.430664062 0.568359435 0.036132745
vt 0.895263672 0.658447266
vn 0.078487657 0.015697550 0.996791542
vt 0.904541016 0.660156250
vt 0.883544922 0.656494141
vt 0.886962891 0.648925781
vt 0.895019531 0.638183594
v 0.401367188 0.585937560 0.038085874
vt 0.902832031 0.646972656
vn -0.015722092 0.055027820 0.998361051
v 0.381835938 0.617187560 0.020507749
vt 0.903808594 0.631835938
vn 0.464999676 0.496525079 0.732965410
vt 0.426025391 0.867675781
vt 0.421142578 0.854980469
vt 0.433837891 0.861328125
v 0.374023438 0.582031310 0.032226503
vt 0.424560547 0.844726562
vn 0.377251863 -0.110031702 0.919551015
v 0.379882812 0.560546935 0.020507751
vt 0.433837891 0.848388672
vn 0.456579864 -0.456579685 0.763590217
vt 0.933105469 0.178955078
vt 0.933105469 0.166015625
v 0.397460938 0.625000060 -0.002929753
vt 0.942382812 0.170166016
vn 0.551095724 0.810898006 0.196819797
vt 0.944091797 0.181396484
vt 0.937255859 0.156738281
vt 0.943603516 0.159667969
vt 0.223876953 0.974121094
vt 0.231933594 0.959960938
v 0.375976562 0.605468810 0.030273376
vt 0.233886719 0.965820312
vn 0.424710095 0.291005075 0.857284963
v 0.368164062 0.609375060 0.036132753
vt 0.238037109 0.966308594
vn 0.047248591 0.385862648 0.921345472
v 0.377929688 0.628906310 0.020507749
vt 0.235107422 0.956542969
vn 0.181479737 0.773261309 0.607562423
vt 0.223876953 0.951416016
v 0.391601562 0.634765685 -0.004882878
vt 0.227050781 0.947998047
vn 0.385994345 0.921660006 0.039387088
v 0.366210938 0.583984435 0.040039003
vt 0.235351562 0.974365234
vn 0.078494914 0.007849525 0.996883690
vt 0.231201172 0.972900391
v 0.370117188 0.566406310 0.036132753
vt 0.230712891 0.978271484
vn 0.315734953 -0.276267946 0.907737553
vt 0.628417969 0.092041016
vt 0.619140625 0.083007812
vt 0.628417969 0.081054688
vt 0.735839844 0.925537109
vt 0.740722656 0.916503906
v 0.346679688 0.609375060 0.022460880
vt 0.748046875 0.920410156
vn -0.645829439 0.519813955 0.559193850
v 0.344726562 0.568359435 0.028320257
vt 0.739746094 0.934814453
vn -0.576575279 -0.236948803 0.781931043
v 0.329101562 0.582031250 0.014648383
vt 0.748046875 0.933105469
vn -0.891839683 0.047354303 0.449866176
vt 0.011474609 0.706542969
vt 0.001220703 0.707275391
vt 0.000976562 0.699951172
v 0.368164062 0.630859435 -0.004882874
vt 0.009033203 0.692871094
vn -0.347243488 0.931243718 -0.110486537
v 0.342773438 0.617187560 -0.006835996
vt 0.018310547 0.697021484
vn -0.685528398 0.717046857 -0.126074120
vt 0.000976562 0.688232422
v 0.379882783 0.617187560 -0.038086001
vt 0.011230469 0.678955078
vn -0.173099726 0.684530139 -0.708134830
v 0.401367158 0.621093810 -0.034179755
vt 0.002929688 0.676269531
vn 0.511177480 0.707784355 -0.487584889
vt 0.838134766 0.967041016
vt 0.847900391 0.967041016
vt 0.843505859 0.971679688
v 0.377929688 0.548828185 0.022460878
vt 0.834472656 0.970214844
vn 0.592372119 -0.489694118 0.639761686
v 0.393554688 0.548828185 -0.004882874
vt 0.828857422 0.960449219
vn 0.528214514 -0.819914997 0.220746309
v 0.391601562 0.541015685 -0.004882874
vt 0.826171875 0.961914062
vn 0.713796914 -0.674577177 0.188254058
v 0.397460938 0.550781310 -0.034179751
vt 0.823730469 0.949707031
vn 0.589947939 -0.660741746 -0.464092463
vt 0.827148438 0.949462891
v 0.403320283 0.576171935 -0.049804751
vt 0.829345703 0.939208984
vn 0.567721546 -0.236550704 -0.788502395
vt 0.833007812 0.942382812
v 0.403320283 0.599609435 -0.047851626
vt 0.837890625 0.935058594
vn 0.544523716 0.284099400 -0.789165080
vt 0.839355469 0.939453125
vt 0.847900391 0.935791016
vt 0.987304688 0.798095703
vt 0.974609375 0.798095703
vt 0.978271484 0.787109375
vt 0.984375000 0.785888672
vt 0.979248047 0.776611328
vt 0.986083984 0.774414062
vt 0.988281250 0.226562500
vt 0.995361328 0.226562500
vt 0.991210938 0.236816406
v 0.362304688 0.542968810 0.022460880
vt 0.979492188 0.232910156
vn -0.165354207 -0.771653533 0.614173293
v 0.342773438 0.556640685 0.016601507
vt 0.985595703 0.240478516
vn -0.363514185 -0.165952146 0.916688323
v 0.356445312 0.542968810 0.012695256
vt 0.978515625 0.237060547
vn -0.007844284 -0.745218396 0.666774392
v 0.333007812 0.568359375 0.010742133
vt 0.989501953 0.244384766
vn -0.855408609 -0.000000015 0.517953932
vt 0.995361328 0.244628906
vt 0.409179688 0.796142578
vt 0.406982422 0.787353516
vt 0.415527344 0.794921875
v 0.372070312 0.533203185 -0.002929746
vt 0.415039062 0.806396484
vn 0.039473057 -0.994719684 0.094735242
vt 0.406982422 0.808593750
v 0.372070312 0.539062560 -0.030273495
vt 0.281738281 0.341552734
vn -0.007872099 -0.834438801 -0.551044405
vt 0.291992188 0.339355469
vt 0.290283203 0.351318359
vt 0.282470703 0.352539062
v 0.362304688 0.537109435 -0.004882870
vt 0.278564453 0.352050781
vn 0.259120613 -0.965813160 0.007852146
v 0.358398438 0.541015685 -0.022460993
vt 0.276611328 0.344970703
vn 0.062865540 -0.793678045 -0.605081201
vt 0.279052734 0.362792969
vt 0.276611328 0.359130859
v 0.358398408 0.566406310 -0.045898497
vt 0.245117188 0.511474609
vn -0.306507707 -0.298648447 -0.903804362
vt 0.245117188 0.495117188
vt 0.255615234 0.500976562
vt 0.257812500 0.511474609
vt 0.765136719 0.398193359
vt 0.758789062 0.410156250
v 0.348632812 0.554687560 -0.032226618
vt 0.757812500 0.399414062
vn -0.369198591 -0.361343265 -0.856226265
vt 0.754150391 0.406250000
v 0.334960938 0.566406310 -0.024414118
vt 0.754150391 0.392333984
vn -0.742300808 0.094761729 -0.663332403
v 0.344726533 0.583984435 -0.040039118
vt 0.762939453 0.389160156
vn -0.647498608 0.134237424 -0.750150621
vt 0.805419922 0.379394531
vt 0.805419922 0.371826172
v 0.348632812 0.527343810 0.014648383
vt 0.812011719 0.372558594
vn 0.886854410 0.164813697 0.431654632
v 0.352539062 0.521484435 -0.002929743
vt 0.812500000 0.379882812
vn 0.991542220 -0.125910074 -0.031477656
vt 0.640380859 0.433837891
vt 0.635986328 0.428222656
vt 0.640380859 0.422119141
vt 0.521972656 0.269042969
vt 0.521484375 0.276367188
v 0.336914062 0.539062560 -0.028320367
vt 0.514404297 0.271484375
vn 0.583129168 0.252164006 -0.772252321
v 0.348632812 0.525390685 -0.018554743
vt 0.514404297 0.279052734
vn 0.857815683 -0.102308281 -0.503671765
vt 0.514648438 0.285400391
vt 0.521728516 0.283203125
vt 0.303710938 0.017333984
vt 0.301757812 0.010009766
v 0.350585938 0.519531310 0.022460882
vt 0.305175781 0.007080078
vn 0.820118964 -0.070971772 0.567774534
v 0.354492188 0.511718810 -0.000976617
vt 0.307617188 0.016845703
vn 0.945233583 -0.322954774 -0.047261786
vt 0.301757812 0.023193359
v 0.348632812 0.519531310 -0.022460993
vt 0.303955078 0.024902344
vn 0.806683302 -0.158173218 -0.569423676
vt 0.521972656 0.647705078
vt 0.519775391 0.649414062
vt 0.519042969 0.640380859
v 0.334960938 0.537109435 -0.036132868
vt 0.515869141 0.640380859
vn 0.362835050 0.244519323 -0.899200261
v 0.325195312 0.556640685 -0.022460992
vt 0.521972656 0.632080078
vn -0.110438518 0.733626485 -0.670518875
v 0.317382812 0.556640685 -0.026367240
vt 0.519531250 0.630126953
vn -0.338572294 0.661396801 -0.669270515
vt 0.390136719 0.977294922
vt 0.399414062 0.974853516
v 0.336914062 0.501953185 0.020507760
vt 0.399169922 0.983886719
vn 0.626128554 -0.453943044 0.633954942
v 0.325195312 0.519531310 0.032226514
vt 0.407470703 0.981445312
vn 0.000000134 -0.062867478 0.998021960
v 0.311523438 0.494140685 0.030273389
vt 0.406250000 0.992431641
vn -0.416754663 -0.456071258 0.786329806
v 0.340820312 0.496093810 -0.000976615
vt 0.390625000 0.985595703
vn 0.827747405 -0.559714794 -0.039416622
v 0.323242188 0.476562560 0.020507762
vt 0.398437500 0.994873047
vn 0.000000108 -0.840412021 0.541947961
v 0.327148438 0.470703185 -0.000976612
vt 0.390136719 0.996582031
vn 0.141421393 -0.989949524 0.000000025
vt 0.984863281 0.558593750
vt 0.993896484 0.560302734
vt 0.993164062 0.568603516
v 0.334960938 0.501953185 -0.022460990
vt 0.984619141 0.567382812
vn 0.636042833 -0.400471419 -0.659600079
vt 0.993896484 0.579833984
vt 0.975341797 0.556396484
v 0.321289062 0.476562560 -0.024414113
vt 0.984619141 0.578613281
vn -0.015773514 -0.843881249 -0.536298275
v 0.323242188 0.519531310 -0.032226611
vt 0.976562500 0.564941406
vn -0.007858326 -0.062865622 -0.997991085
v 0.309570312 0.494140685 -0.034179736
vt 0.976562500 0.575927734
vn -0.393749714 -0.417374700 -0.818999171
vt 0.813720703 0.460205078
vt 0.813720703 0.467773438
vt 0.806152344 0.468017578
vt 0.808349609 0.459716797
vt 0.600830078 0.777099609
vt 0.595458984 0.776367188
v 0.321289062 0.562500060 -0.002929740
vt 0.595458984 0.768310547
vn -0.268324465 0.962811232 0.031567574
v 0.329101562 0.572265625 -0.006835992
vt 0.600585938 0.769287109
vn -0.981033683 0.164813608 -0.102027379
vt 0.414062500 0.238281250
vt 0.412109375 0.230712891
vt 0.415283203 0.229003906
v 0.311523438 0.564453185 -0.000976614
vt 0.418212891 0.239013672
vn -0.487268448 0.872367680 0.039295867
v 0.327148438 0.556640685 0.014648384
vt 0.412109375 0.245605469
vn 0.047226585 0.755624533 0.653300345
v 0.319335938 0.556640685 0.022460885
vt 0.415527344 0.248535156
vn -0.180671573 0.714831233 0.675554693
vt 0.415527344 0.816894531
vt 0.426025391 0.820068359
vt 0.425537109 0.828613281
v 0.309570312 0.539062560 -0.024414113
vt 0.416503906 0.824707031
vn -0.668587148 0.291031957 -0.684318423
vt 0.426025391 0.840087891
v 0.295898438 0.513671935 -0.024414111
vt 0.416992188 0.836181641
vn -0.868433177 -0.078948520 -0.489480376
vt 0.986083984 0.801269531
vt 0.985839844 0.808837891
vt 0.975585938 0.799804688
v 0.303710938 0.546875060 -0.000976612
vt 0.976074219 0.807373047
vn -0.905063093 0.424986124 0.015740328
vt 0.986083984 0.820312500
v 0.291992188 0.521484435 -0.000976610
vt 0.976562500 0.818603516
vn -0.999194920 0.007867634 0.039338514
vt 0.882080078 0.744628906
vt 0.881835938 0.754638672
vt 0.875244141 0.761230469
vt 0.865966797 0.761230469
vt 0.875732422 0.738525391
vt 0.859863281 0.755859375
vt 0.859863281 0.746826172
v 0.297851562 0.513671935 0.022460889
vt 0.866210938 0.739257812
vn -0.833689928 -0.102245010 0.542685091
vt 0.992431641 0.290771484
vt 0.982666016 0.293212891
v 0.309570312 0.539062560 0.022460887
vt 0.982666016 0.282958984
vn -0.648794234 0.324397147 0.688354969
vt 0.992675781 0.280517578
vt 0.982666016 0.275878906
vt 0.992675781 0.273437500
vt 0.095703125 0.980957031
vt 0.105224609 0.986816406
vt 0.105224609 0.996582031
vt 0.095214844 0.991210938
v 0.334960938 0.537109435 0.032226507
vt 0.088134766 0.987548828
vn 0.345771492 0.345771462 0.872286856
vt 0.088623047 0.977294922
vt 0.086425781 0.996582031
vt 0.625732422 0.883300781
vt 0.620361328 0.891357422
vt 0.617675781 0.887695312
v 0.336914062 0.541015685 0.022460883
vt 0.622070312 0.881591797
vn 0.624452293 0.458458692 0.632356644
vt 0.617675781 0.877441406
vt 0.624755859 0.872558594
vt 0.620605469 0.873779297
vt 0.762451172 0.211914062
vt 0.762451172 0.219482422
vt 0.757324219 0.215087891
vt 0.758056641 0.208984375
vt 0.890136719 0.996093750
vt 0.882568359 0.996582031
vt 0.892089844 0.992675781
vt 0.884765625 0.992431641
vt 0.885009766 0.986816406
v 0.327148438 0.589843750 -0.008789117
vt 0.894775391 0.986083984
vn -0.953435957 0.252148300 -0.165472239
vt 0.897949219 0.996582031
vt 0.895996094 0.975097656
vt 0.883789062 0.975097656
vt 0.783447266 0.236572266
vt 0.773437500 0.231445312
vt 0.787597656 0.228027344
vt 0.770996094 0.219238281
v 0.360351533 0.603515685 -0.041992247
vt 0.787597656 0.218017578
vn -0.401649624 0.480404288 -0.779672563
vt 0.787109375 0.209228516
vt 0.771972656 0.208984375
vt 0.232666016 0.645507812
vt 0.224609375 0.649414062
v 0.375976533 0.585937560 -0.049804747
vt 0.226562500 0.636962891
vn -0.126294047 0.102613755 -0.986671269
vt 0.218261719 0.641601562
vt 0.232666016 0.626953125
vt 0.214355469 0.633056641
vt 0.223388672 0.625244141
vt 0.214599609 0.624267578
vt 0.399169922 0.728271484
vt 0.395751953 0.715820312
vt 0.399658203 0.715820312
vt 0.737548828 0.021972656
vt 0.737548828 0.032958984
vt 0.734375000 0.023681641
vt 0.750732422 0.405029297
vt 0.750732422 0.395751953
vt 0.753417969 0.397705078
v 0.303710938 0.435546935 0.081054643
vt 0.623291016 0.187988281
vn -0.243777201 -0.636966467 0.731332004
v 0.311523438 0.427734435 0.053710893
vt 0.623291016 0.199462891
vn -0.173465073 -0.977712512 0.118271746
v 0.325195312 0.447265685 0.073242135
vt 0.613769531 0.191894531
v 0.333007812 0.441406310 0.047851514
vt 0.613281250 0.202392578
vn 0.948683441 -0.252982199 0.189736575
vt 0.474121094 0.222167969
vt 0.463867188 0.222167969
v 0.262695312 0.503906310 0.077148393
vt 0.474609375 0.190185547
vn -0.714720845 0.149227440 0.683304667
v 0.290039062 0.509765685 0.069335893
vt 0.463623047 0.193359375
vn 0.431867689 0.588910460 0.683135986
vt 0.324462891 0.956298828
vt 0.325195312 0.924560547
vt 0.334960938 0.959716797
v 0.260742188 0.515625060 0.057617147
vt 0.333007812 0.919921875
vn -0.855672121 0.478862375 0.196255177
v 0.266601562 0.519531310 -0.002929731
vt 0.356201172 0.918212891
vn -0.884636521 0.466013819 0.015797175
v 0.315429688 0.427734435 -0.002929734
vt 0.356201172 0.958984375
vn -0.205208406 -0.978686512 -0.007892563
vt 0.962890625 0.727783203
vt 0.965087891 0.755859375
vt 0.955810547 0.758544922
v 0.290039062 0.521484435 0.051757768
vt 0.955810547 0.723632812
vn 0.401350945 0.873528540 0.275436819
vt 0.045410156 0.439208984
vt 0.034423828 0.436279297
vt 0.045898438 0.431152344
vt 0.034179688 0.429199219
v 0.295898438 0.525390685 -0.002929735
vt 0.031005859 0.407470703
vt 0.042724609 0.406982422
v 0.260742158 0.517578185 -0.067382857
vt 0.044189453 0.381103516
vn -0.882519305 0.464898497 0.070916817
v 0.291992158 0.523437560 -0.059570357
vt 0.031738281 0.384765625
vn 0.458415657 0.885216594 -0.079037294
v 0.254882783 0.513671935 -0.106445350
vt 0.045898438 0.365478516
vn -0.844906628 0.457986683 -0.276371211
v 0.288085908 0.521484435 -0.102539107
vt 0.032714844 0.367431641
vn 0.379082531 0.829243243 -0.410672903
vt 0.893310547 0.884765625
vt 0.861083984 0.883300781
v 0.336914062 0.441406310 -0.002929737
vt 0.860351562 0.863037109
vn 0.965366781 -0.259000808 -0.031394154
vt 0.894042969 0.862792969
v 0.329101562 0.443359435 -0.055664111
vt 0.860351562 0.842041016
vn 0.945468307 -0.275761545 -0.173335969
vt 0.892333984 0.840332031
vt 0.890869141 0.823242188
v 0.321289033 0.447265685 -0.094726615
vt 0.861328125 0.826660156
vn 0.881780505 -0.259810328 -0.393652141
vt 0.485107422 0.906005859
vt 0.482910156 0.926269531
vt 0.474121094 0.928222656
vt 0.476562500 0.905517578
v 0.307617188 0.429687560 -0.059570357
vt 0.474121094 0.882812500
vn -0.227613762 -0.973245323 -0.031394940
vt 0.589355469 0.917968750
vt 0.587890625 0.895019531
vt 0.624511719 0.896972656
vt 0.624511719 0.922851562
v 0.297851533 0.433593780 -0.104492232
vt 0.591552734 0.936279297
vn -0.165673077 -0.907257259 -0.386570424
v 0.288085908 0.445312560 -0.118164107
vt 0.596435547 0.942138672
vn -0.362126231 -0.566806197 -0.739996910
vt 0.623291016 0.938720703
v 0.258789033 0.501953185 -0.120117232
vt 0.618896484 0.944091797
vn -0.643974781 0.070680082 -0.761774838
vt 0.929931641 0.366943359
vt 0.930908203 0.385253906
vt 0.920166016 0.364013672
vt 0.929443359 0.352539062
vt 0.919189453 0.347412109
v 0.311523408 0.460937560 -0.108398482
vt 0.930908203 0.344238281
vn 0.708375871 0.086579286 -0.700505257
vt 0.919921875 0.339355469
vt 0.226074219 0.711181641
vt 0.221435547 0.704833984
vt 0.226074219 0.679687500
v 0.288085908 0.509765685 -0.110351607
vt 0.222167969 0.683593750
vn 0.425236315 0.401612192 -0.811099172
vt 0.047851562 0.408935547
vt 0.045166016 0.395507812
vt 0.050048828 0.395507812
vt 0.761230469 0.490234375
vt 0.767822266 0.493164062
vt 0.761230469 0.500976562
vt 0.305175781 0.591552734
vt 0.305175781 0.566162109
vt 0.316162109 0.590087891
vt 0.316894531 0.568603516
v 0.200195283 0.162109405 -0.239257842
vt 0.736083984 0.535888672
vn -0.637065113 0.456169933 -0.621334910
v 0.213867173 0.093750030 -0.239257827
vt 0.745361328 0.562255859
vn -0.637617469 -0.716335654 -0.283385396
v 0.184570298 0.093750030 -0.243164077
vt 0.733886719 0.563964844
vn 0.133671790 0.023589127 -0.990744889
v 0.223632783 0.160156280 -0.237304717
vt 0.745361328 0.535400391
vn 0.188300341 0.682589114 -0.706126809
v 0.221679658 0.083984405 -0.250976592
vt 0.358886719 0.913818359
vn -0.416073531 -0.816446304 0.400372803
v 0.297851562 0.083984405 -0.172851592
vt 0.359130859 0.871582031
vn -0.417413354 -0.811199665 0.409537762
vt 0.365478516 0.913085938
v 0.299804688 0.093750045 -0.151367217
vt 0.365478516 0.865478516
vn 0.520023704 -0.740639806 0.425473869
vt 0.466796875 0.080810547
vt 0.473388672 0.073974609
v 0.295898408 0.166015670 -0.165039107
vt 0.463867188 0.121582031
vn 0.636121273 0.769628227 -0.054973561
v 0.290039062 0.162109420 -0.135742232
vt 0.473388672 0.128906250
vn 0.188410744 0.557381630 0.808595777
vt 0.241699219 0.989990234
vt 0.241699219 0.964355469
v 0.249023408 0.101562530 -0.264648467
vt 0.257812500 0.983886719
vn -0.149448976 0.873095989 -0.464078039
vt 0.928710938 0.558349609
vt 0.956542969 0.560058594
vt 0.957031250 0.600830078
v 0.315429658 0.101562530 -0.188476592
vt 0.928710938 0.598876953
vn 0.549683571 0.832378030 0.070673488
vt 0.734863281 0.127685547
vt 0.746826172 0.126464844
vt 0.746826172 0.154541016
vt 0.731201172 0.155029297
vt 0.144531250 0.900146484
vt 0.144531250 0.946533203
v 0.266601562 0.093750045 -0.157226577
vt 0.117187500 0.910400391
vn -0.559714735 -0.685847819 0.465115279
vt 0.117431641 0.946044922
v 0.286132812 0.093750045 -0.135742217
vt 0.117187500 0.900634766
vn -0.015738146 -0.574447155 0.818390489
vt 0.975830078 0.361328125
vt 0.983398438 0.382080078
vt 0.975830078 0.385253906
vt 0.895019531 0.181884766
vt 0.886718750 0.182861328
vt 0.886718750 0.171142578
vt 0.893066406 0.132568359
v 0.364257783 0.093750030 -0.213867217
vt 0.930908203 0.180664062
v 0.270507783 0.093750030 -0.317382842
vt 0.930908203 0.124755859
vn -0.882958055 0.354759872 -0.307458490
vt 0.153808594 0.929199219
vt 0.147460938 0.944091797
vt 0.147460938 0.907958984
vt 0.682373047 0.879882812
vt 0.674560547 0.917724609
vt 0.672607422 0.900390625
v 0.313476533 0.099609405 -0.348632842
vt 0.679931641 0.858642578
vn 0.078603692 0.581668258 -0.809619367
vt 0.632324219 0.901367188
v 0.401367158 0.099609405 -0.252929747
vt 0.627929688 0.858642578
vn 0.818466365 0.574500561 0.007869737
vt 0.248535156 0.939453125
vt 0.243408203 0.897216797
vt 0.250244141 0.917968750
v 0.401367158 0.000000060 -0.252929747
vt 0.280029297 0.939941406
vn 0.812106907 -0.583455443 0.007884452
v 0.362304688 0.000000060 -0.211914092
vt 0.280029297 0.917480469
vn -0.015707050 -0.565458536 0.824627221
vt 0.944824219 0.251464844
vt 0.965087891 0.246582031
v 0.313476533 0.000000000 -0.348632842
vt 0.965087891 0.282470703
vn 0.070784912 -0.582010090 -0.810094953
v 0.268554658 0.000000030 -0.313476592
vt 0.943115234 0.285400391
vn -0.820936084 -0.568340421 -0.055255182
vt 0.906982422 0.661865234
vt 0.941406250 0.661376953
vt 0.941406250 0.713378906
vt 0.906982422 0.713867188
vt 0.240478516 0.899902344
vt 0.240478516 0.946533203
vt 0.203125000 0.945556641
vt 0.203125000 0.899658203
vt 0.920410156 0.402832031
vt 0.920166016 0.454833984
vt 0.897460938 0.400878906
vt 0.897460938 0.456298828
v 0.387695312 0.107421920 -0.075195357
vt 0.234619141 0.415283203
vn -0.552708209 -0.378999949 -0.742208064
v 0.387695312 0.109375045 -0.022460978
vt 0.235351562 0.436279297
vn -0.550976098 -0.354198992 0.755624652
v 0.387695312 0.087890670 -0.008789103
vt 0.226806641 0.441650391
vt 0.226806641 0.409667969
vt 0.357666016 0.062988281
vt 0.349121094 0.057617188
vt 0.357666016 0.031494141
v 0.387695312 0.142578170 -0.047851607
vt 0.335693359 0.047607422
vn -0.565528393 0.824728906 0.000000038
vt 0.349853516 0.036865234
vt 0.719238281 0.779541016
vt 0.719238281 0.758544922
v 0.407226562 0.109375045 -0.022460982
vt 0.727050781 0.779541016
vn 0.496926546 -0.394385993 0.772996604
v 0.403320312 0.107421920 -0.075195357
vt 0.725585938 0.758544922
vn 0.439259499 -0.423571765 -0.792236090
vt 0.510009766 0.653320312
vt 0.502197266 0.653320312
vt 0.510009766 0.639160156
v 0.418945312 0.142578170 -0.047851611
vt 0.497558594 0.638671875
vn 0.730248928 0.683136165 -0.007852265
vt 0.578125000 0.199951172
vt 0.572021484 0.199951172
vt 0.571289062 0.185058594
vt 0.583740234 0.185058594
vt 0.874267578 0.606201172
vt 0.860595703 0.594970703
vt 0.874267578 0.585205078
f 1/1/1 2/2/2 3/3/3
f 1/1/1 3/3/3 4/4/4
f 1/5/1 4/6/4 5/7/5
f 1/5/1 5/7/5 6/8/6
f 5/9/5 4/10/4 3/11/3
f 5/9/5 3/11/3 7/12/7
f 2/13/2 1/14/1 6/15/6
f 2/13/2 6/15/6 8/16/8
f 3/17/3 2/18/2 7/19/7
f 7/19/7 2/18/2 8/20/8
f 5/21/5 7/22/7 9/23/9
f 5/21/5 9/23/9 10/24/10
f 9/23/9 7/22/7 8/25/8
f 9/23/9 8/25/8 11/26/11
f 11/26/11 8/25/8 6/27/6
f 11/26/11 6/27/6 12/28/12
f 6/29/6 5/30/5 10/31/10
f 6/29/6 10/31/10 12/32/12
f 12/32/12 10/31/10 13/33/13
f 12/32/12 13/33/13 14/34/14
f 14/34/14 13/33/13 15/35/15
f 13/33/13 10/31/10 16/36/16
f 16/36/16 10/31/10 17/37/17
f 16/36/16 17/37/17 18/38/18
f 9/39/9 11/40/11 19/41/19
f 19/41/19 11/40/11 20/42/20
f 9/43/9 19/44/19 21/45/21
f 9/43/9 21/45/21 10/46/10
f 19/47/19 20/48/20 22/49/22
f 22/49/22 20/48/20 23/50/23
f 19/47/19 22/49/22 24/51/24
f 19/47/19 24/51/24 21/52/21
f 20/53/20 11/54/11 23/55/23
f 23/55/23 11/54/11 12/56/12
f 23/55/23 12/56/12 14/57/14
f 23/55/23 14/57/14 25/58/25
f 23/55/23 25/58/25 26/59/26
f 25/58/25 14/57/14 15/60/15
f 25/58/25 15/60/15 27/61/27
f 24/62/24 22/63/22 28/64/28
f 24/65/24 28/66/28 21/67/21
f 21/67/21 28/66/28 29/68/29
f 28/69/28 22/70/22 30/71/30
f 30/72/30 22/73/22 23/74/23
f 30/72/30 23/74/23 26/75/26
f 29/76/29 28/77/28 30/78/30
f 29/76/29 30/78/30 26/79/26
f 29/80/29 26/81/26 27/82/27
f 29/80/29 27/82/27 31/83/31
f 31/83/31 27/82/27 16/84/16
f 31/83/31 16/84/16 18/85/18
f 27/86/27 26/87/26 25/88/25
f 15/89/15 13/90/13 27/91/27
f 27/92/27 13/93/13 16/94/16
f 17/95/17 10/96/10 21/97/21
f 17/95/17 21/97/21 32/98/32
f 32/98/32 21/97/21 29/99/29
f 29/100/29 31/101/31 32/102/32
f 32/102/32 31/101/31 18/103/18
f 32/102/32 18/103/18 17/104/17
f 33/105/33 34/106/34 35/107/35
f 33/105/33 35/107/35 36/108/36
f 36/108/36 35/107/35 37/109/37
f 37/109/37 35/107/35 38/110/38
f 37/109/37 38/110/38 39/111/39
f 37/109/37 39/111/39 40/112/40
f 34/113/34 33/114/33 41/115/41
f 34/113/34 41/115/41 42/116/42
f 33/117/33 36/118/36 43/119/43
f 43/119/43 36/118/36 40/120/40
f 40/120/40 36/118/36 37/121/37
f 33/117/33 43/119/43 44/122/44
f 33/117/33 44/122/44 41/123/41
f 41/123/41 44/122/44 45/124/45
f 41/123/41 45/124/45 46/125/46
f 46/125/46 45/124/45 47/126/47
f 46/125/46 47/126/47 48/127/48
f 48/127/48 47/126/47 49/128/49
f 48/127/48 49/128/49 50/129/50
f 50/129/50 49/128/49 51/130/51
f 50/129/50 51/130/51 52/131/52
f 52/131/52 51/130/51 53/132/53
f 52/131/52 53/132/53 54/133/54
f 54/133/54 53/132/53 55/134/55
f 54/133/54 55/134/55 56/135/56
f 56/135/56 55/134/55 57/136/57
f 43/137/43 40/138/40 39/139/39
f 43/137/43 39/139/39 58/140/58
f 43/137/43 58/140/58 44/141/44
f 44/141/44 58/140/58 59/142/59
f 38/143/38 35/144/35 60/145/60
f 60/145/60 35/144/35 61/146/61
f 61/146/61 35/144/35 34/147/34
f 61/146/61 34/147/34 42/148/42
f 61/146/61 42/148/42 62/149/62
f 61/146/61 62/149/62 60/145/60
f 62/149/62 42/148/42 63/150/63
f 38/143/38 60/145/60 64/151/60
f 64/151/60 60/145/60 62/149/62
f 38/143/38 64/151/60 39/152/39
f 62/149/62 63/150/63 65/153/64
f 62/149/62 65/153/64 66/154/65
f 39/152/39 64/151/60 67/155/60
f 67/155/60 64/151/60 62/149/62
f 39/152/39 67/155/60 58/156/58
f 58/156/58 67/155/60 68/157/66
f 68/157/66 67/155/60 62/149/62
f 58/156/58 68/157/66 59/158/59
f 59/158/59 68/157/66 62/149/62
f 59/158/59 62/149/62 69/159/67
f 69/159/67 62/149/62 70/160/68
f 70/160/68 62/149/62 71/161/69
f 71/161/69 62/149/62 72/162/70
f 73/163/71 62/149/62 66/154/65
f 72/162/70 62/149/62 74/164/72
f 72/162/70 74/164/72 75/165/73
f 75/165/73 74/164/72 76/166/74
f 76/166/74 74/164/72 62/149/62
f 75/165/73 76/166/74 77/167/75
f 62/149/62 73/163/71 78/168/76
f 78/168/76 73/163/71 79/169/77
f 76/166/74 62/149/62 80/170/74
f 76/166/74 80/170/74 77/167/75
f 77/167/75 80/170/74 81/171/78
f 80/170/74 62/149/62 82/172/74
f 80/170/74 82/172/74 81/171/78
f 82/172/74 62/149/62 78/168/76
f 82/172/74 78/168/76 79/169/77
f 81/171/78 82/172/74 83/173/79
f 83/173/79 82/172/74 79/169/77
f 44/174/44 59/175/59 45/176/45
f 45/176/45 59/175/59 69/177/67
f 45/176/45 69/177/67 47/178/47
f 47/178/47 69/177/67 70/179/68
f 47/178/47 70/179/68 49/180/49
f 49/180/49 70/179/68 71/181/69
f 49/180/49 71/181/69 51/182/51
f 51/182/51 71/181/69 72/183/70
f 42/184/42 41/185/41 46/186/46
f 42/184/42 46/186/46 63/187/63
f 63/187/63 46/186/46 48/188/48
f 63/187/63 48/188/48 65/189/64
f 65/189/64 48/188/48 50/190/50
f 65/189/64 50/190/50 66/191/65
f 66/191/65 50/190/50 52/192/52
f 66/191/65 52/192/52 73/193/71
f 73/193/71 52/192/52 54/194/54
f 73/193/71 54/194/54 79/195/77
f 51/196/51 72/197/70 53/198/53
f 53/198/53 72/197/70 75/199/73
f 53/198/53 75/199/73 55/200/55
f 55/200/55 75/199/73 77/201/75
f 54/202/54 56/203/56 79/204/77
f 79/204/77 56/203/56 83/205/79
f 83/205/79 56/203/56 57/206/57
f 83/205/79 57/206/57 81/207/78
f 81/207/78 57/206/57 77/208/75
f 77/208/75 57/206/57 55/209/55
f 84/210/80 85/211/81 78/212/76
f 84/210/80 78/212/76 86/213/82
f 85/214/81 84/215/80 87/216/83
f 87/216/83 84/215/80 88/217/84
f 87/216/83 88/217/84 89/218/85
f 89/218/85 88/217/84 90/219/86
f 86/220/82 78/221/76 91/222/87
f 86/220/82 91/222/87 92/223/88
f 92/223/88 91/222/87 93/224/89
f 93/224/89 91/222/87 94/225/90
f 93/224/89 94/225/90 95/226/91
f 95/226/91 94/225/90 96/227/92
f 95/226/91 96/227/92 97/228/93
f 97/228/93 96/227/92 74/229/72
f 88/230/84 84/231/80 98/232/94
f 98/232/94 84/231/80 99/233/95
f 88/230/84 98/232/94 100/234/96
f 99/233/95 84/231/80 86/235/82
f 88/230/84 100/234/96 90/236/86
f 99/233/95 86/235/82 97/237/93
f 90/236/86 100/234/96 101/238/97
f 97/237/93 86/235/82 92/239/88
f 97/237/93 92/239/88 95/240/91
f 95/240/91 92/239/88 93/241/89
f 90/236/86 101/238/97 102/242/98
f 90/236/86 102/242/98 103/243/99
f 103/243/99 102/242/98 104/244/42
f 104/244/42 102/242/98 105/245/100
f 104/244/42 105/245/100 106/246/101
f 106/246/101 105/245/100 107/247/102
f 106/246/101 107/247/102 108/248/103
f 108/248/103 107/247/102 109/249/104
f 108/248/103 109/249/104 110/250/105
f 110/250/105 109/249/104 111/251/106
f 110/250/105 111/251/106 112/252/107
f 100/253/96 98/254/94 113/255/108
f 100/253/96 113/255/108 114/256/109
f 100/253/96 114/256/109 101/257/97
f 101/257/97 114/256/109 115/258/110
f 101/257/97 115/258/110 102/259/98
f 102/259/98 115/258/110 116/260/111
f 102/259/98 116/260/111 105/261/100
f 105/261/100 116/260/111 117/262/112
f 113/263/108 98/264/94 118/265/113
f 118/265/113 98/264/94 99/266/95
f 118/265/113 99/266/95 74/267/72
f 74/267/72 99/266/95 97/268/93
f 103/269/99 104/270/42 119/271/114
f 119/271/114 104/270/42 120/272/115
f 120/273/115 104/274/42 106/275/101
f 120/273/115 106/275/101 121/276/116
f 121/277/116 106/278/101 61/279/61
f 61/279/61 106/278/101 108/280/103
f 61/279/61 108/280/103 122/281/117
f 122/281/117 108/280/103 110/282/105
f 122/281/117 110/282/105 112/283/107
f 122/281/117 112/283/107 123/284/118
f 123/284/118 112/283/107 124/285/119
f 124/285/119 112/283/107 111/286/106
f 105/287/100 117/288/112 107/289/102
f 107/289/102 117/288/112 125/290/120
f 107/289/102 125/290/120 109/291/104
f 109/291/104 125/290/120 68/292/66
f 109/291/104 68/292/66 124/293/119
f 109/291/104 124/293/119 111/294/106
f 126/295/121 127/296/122 128/297/123
f 126/295/121 128/297/123 129/298/124
f 126/295/121 129/298/124 130/299/125
f 127/296/122 126/295/121 131/300/126
f 127/296/122 131/300/126 132/301/127
f 132/301/127 131/300/126 133/302/128
f 133/302/128 131/300/126 134/303/129
f 131/300/126 126/295/121 135/304/130
f 131/300/126 135/304/130 136/305/131
f 136/305/131 135/304/130 137/306/132
f 135/304/130 126/295/121 138/307/133
f 135/304/130 138/307/133 137/306/132
f 138/307/133 126/295/121 130/299/125
f 137/306/132 138/307/133 139/308/134
f 139/308/134 138/307/133 140/309/135
f 138/307/133 130/299/125 141/310/136
f 138/307/133 141/310/136 140/309/135
f 141/310/136 130/299/125 142/311/137
f 141/310/136 142/311/137 143/312/138
f 141/310/136 143/312/138 144/313/139
f 144/313/139 143/312/138 145/314/140
f 141/310/136 144/313/139 146/315/141
f 146/315/141 144/313/139 145/314/140
f 141/310/136 146/315/141 140/309/135
f 140/309/135 146/315/141 145/314/140
f 140/309/135 145/314/140 147/316/142
f 140/309/135 147/316/142 148/317/143
f 128/318/123 127/319/122 149/320/144
f 128/318/123 149/320/144 150/321/145
f 149/320/144 127/319/122 132/322/127
f 149/320/144 132/322/127 151/323/146
f 151/323/146 132/322/127 133/324/128
f 128/325/123 150/326/145 152/327/147
f 128/325/123 152/327/147 129/328/124
f 129/328/124 152/327/147 153/329/148
f 129/328/124 153/329/148 130/330/125
f 130/330/125 153/329/148 154/331/149
f 130/330/125 154/331/149 142/332/137
f 152/333/147 150/334/145 149/335/144
f 152/333/147 149/335/144 155/336/150
f 155/336/150 149/335/144 151/337/146
f 152/333/147 155/336/150 153/338/148
f 156/339/151 157/340/152 155/336/150
f 155/336/150 157/340/152 158/341/153
f 155/336/150 158/341/153 153/338/148
f 153/338/148 158/341/153 159/342/154
f 153/338/148 159/342/154 154/343/149
f 154/343/149 159/342/154 160/344/155
f 160/344/155 159/342/154 161/345/156
f 151/346/146 133/347/128 155/348/150
f 155/348/150 133/347/128 134/349/129
f 134/350/129 131/351/126 155/352/150
f 131/353/126 136/354/131 155/355/150
f 155/355/150 136/354/131 156/356/151
f 136/357/131 137/358/132 162/359/157
f 162/359/157 137/358/132 139/360/134
f 162/359/157 139/360/134 148/361/143
f 148/361/143 139/360/134 140/362/135
f 136/363/131 162/364/157 156/365/151
f 156/365/151 162/364/157 157/366/152
f 157/366/152 162/364/157 158/367/153
f 158/367/153 162/364/157 148/368/143
f 159/369/154 158/370/153 148/371/143
f 159/372/154 148/373/143 147/374/142
f 147/375/142 145/376/140 159/377/154
f 159/377/154 145/376/140 161/378/156
f 161/378/156 145/376/140 160/379/155
f 160/379/155 145/376/140 143/380/138
f 160/379/155 143/380/138 142/381/137
f 160/379/155 142/381/137 154/382/149
f 163/383/158 164/384/159 165/385/160
f 163/383/158 165/385/160 166/386/161
f 166/386/161 165/385/160 167/387/162
f 166/386/161 167/387/162 168/388/163
f 164/389/159 163/390/158 169/391/164
f 169/391/164 163/390/158 170/392/165
f 170/393/165 163/394/158 166/395/161
f 170/393/165 166/395/161 168/396/163
f 170/393/165 168/396/163 171/397/166
f 171/397/166 168/396/163 172/398/167
f 171/397/166 172/398/167 173/399/168
f 173/399/168 172/398/167 174/400/169
f 173/399/168 174/400/169 175/401/170
f 175/401/170 174/400/169 176/402/171
f 173/399/168 175/401/170 177/403/172
f 177/403/172 175/401/170 178/404/173
f 169/405/164 170/406/165 171/407/166
f 169/405/164 171/407/166 179/408/174
f 179/408/174 171/407/166 180/409/175
f 180/409/175 171/407/166 173/410/168
f 168/411/163 167/412/162 181/413/176
f 168/411/163 181/413/176 172/414/167
f 172/414/167 181/413/176 182/415/177
f 172/414/167 182/415/177 174/416/169
f 174/416/169 182/415/177 183/417/178
f 174/416/169 183/417/178 176/418/171
f 176/418/171 183/417/178 184/419/179
f 184/419/179 183/417/178 185/420/180
f 184/419/179 185/420/180 186/421/181
f 186/421/181 185/420/180 187/422/182
f 186/421/181 187/422/182 188/423/58
f 188/423/58 187/422/182 189/424/183
f 180/425/175 173/426/168 177/427/172
f 180/425/175 177/427/172 190/428/184
f 175/429/170 176/430/171 191/431/185
f 175/432/170 191/433/185 178/434/173
f 191/435/185 176/436/171 184/437/179
f 191/435/185 184/437/179 192/438/186
f 178/439/173 191/440/185 193/441/187
f 178/439/173 193/441/187 194/442/188
f 194/443/188 193/444/187 195/445/189
f 194/443/188 195/445/189 196/446/190
f 193/447/187 191/448/185 192/449/186
f 193/447/187 192/449/186 195/450/189
f 195/451/189 192/452/186 197/453/191
f 184/454/179 186/455/181 192/456/186
f 192/456/186 186/455/181 198/457/192
f 198/457/192 186/455/181 188/458/58
f 197/459/191 192/460/186 198/461/192
f 197/462/191 198/463/192 189/464/183
f 189/464/183 198/463/192 188/465/58
f 199/466/193 200/467/194 201/468/195
f 199/466/193 201/468/195 202/469/196
f 203/470/197 204/471/198 202/469/196
f 203/470/197 202/469/196 201/468/195
f 203/470/197 201/468/195 205/472/199
f 203/470/197 205/472/199 206/473/200
f 206/473/200 205/472/199 207/474/201
f 207/474/201 205/472/199 208/475/202
f 208/475/202 205/472/199 209/476/203
f 205/472/199 201/468/195 210/477/204
f 209/476/203 205/472/199 211/478/205
f 211/478/205 205/472/199 210/477/204
f 209/476/203 211/478/205 212/479/206
f 212/479/206 211/478/205 213/480/207
f 210/477/204 201/468/195 214/481/208
f 210/477/204 214/481/208 211/478/205
f 214/481/208 201/468/195 200/467/194
f 213/480/207 211/478/205 215/482/209
f 215/482/209 211/478/205 214/481/208
f 213/480/207 215/482/209 216/483/210
f 214/481/208 200/467/194 217/484/211
f 214/481/208 217/484/211 215/482/209
f 217/484/211 200/467/194 218/485/212
f 215/482/209 217/484/211 219/486/213
f 215/482/209 219/486/213 216/483/210
f 216/483/210 219/486/213 220/487/214
f 200/488/194 199/489/193 218/490/212
f 218/490/212 199/489/193 221/491/215
f 218/490/212 221/491/215 222/492/216
f 222/492/216 221/491/215 223/493/217
f 222/492/216 223/493/217 224/494/218
f 217/495/211 218/496/212 222/497/216
f 204/498/198 203/499/197 225/500/219
f 225/500/219 203/499/197 206/501/200
f 225/500/219 206/501/200 226/502/220
f 226/502/220 206/501/200 227/503/221
f 226/502/220 227/503/221 228/504/222
f 228/504/222 227/503/221 229/505/223
f 228/504/222 229/505/223 230/506/224
f 206/507/200 207/508/201 231/509/225
f 206/507/200 231/509/225 227/510/221
f 227/510/221 231/509/225 229/511/223
f 229/511/223 231/509/225 232/512/226
f 231/509/225 207/508/201 208/513/202
f 232/512/226 231/509/225 233/514/227
f 233/514/227 231/509/225 208/513/202
f 232/512/226 233/514/227 234/515/228
f 209/516/203 212/517/206 208/513/202
f 208/513/202 212/517/206 235/518/229
f 208/513/202 235/518/229 233/514/227
f 233/514/227 235/518/229 236/519/230
f 233/514/227 236/519/230 234/515/228
f 234/515/228 236/519/230 237/520/231
f 234/515/228 237/520/231 238/521/232
f 238/521/232 237/520/231 239/522/233
f 230/523/224 229/524/223 240/525/234
f 230/523/224 240/525/234 241/526/235
f 240/525/234 229/524/223 242/527/236
f 242/527/236 229/524/223 232/528/226
f 242/527/236 232/528/226 234/529/228
f 242/527/236 234/529/228 238/530/232
f 241/526/235 240/525/234 243/531/237
f 240/525/234 242/527/236 244/532/238
f 244/532/238 242/527/236 238/530/232
f 240/525/234 244/532/238 243/531/237
f 241/526/235 243/531/237 245/533/239
f 241/526/235 245/533/239 246/534/240
f 245/533/239 243/531/237 244/532/238
f 245/533/239 244/532/238 247/535/241
f 247/535/241 244/532/238 248/536/242
f 244/532/238 238/530/232 249/537/243
f 244/532/238 249/537/243 248/536/242
f 249/537/243 238/530/232 239/538/233
f 248/536/242 249/537/243 250/539/244
f 249/537/243 239/538/233 251/540/245
f 249/537/243 251/540/245 250/539/244
f 246/541/240 245/542/239 252/543/246
f 252/543/246 245/542/239 247/544/241
f 252/543/246 247/544/241 253/545/247
f 252/543/246 253/545/247 254/546/248
f 246/541/240 252/543/246 255/547/249
f 252/543/246 254/546/248 256/548/250
f 252/543/246 256/548/250 255/547/249
f 255/547/249 256/548/250 257/549/251
f 257/549/251 256/548/250 258/550/252
f 257/549/251 258/550/252 259/551/253
f 236/552/230 235/553/229 260/554/254
f 236/552/230 260/554/254 261/555/255
f 260/554/254 235/553/229 262/556/256
f 236/552/230 261/555/255 237/557/231
f 262/556/256 235/553/229 212/558/206
f 237/557/231 261/555/255 263/559/257
f 262/556/256 212/558/206 213/560/207
f 237/557/231 263/559/257 264/561/258
f 262/556/256 213/560/207 265/562/259
f 237/557/231 264/561/258 239/563/233
f 265/562/259 213/560/207 216/564/210
f 239/563/233 264/561/258 266/565/260
f 265/562/259 216/564/210 267/566/261
f 239/563/233 266/565/260 251/567/245
f 267/566/261 216/564/210 220/568/214
f 251/567/245 266/565/260 268/569/262
f 267/566/261 220/568/214 269/570/263
f 251/567/245 268/569/262 270/571/264
f 269/570/263 220/568/214 271/572/265
f 251/567/245 270/571/264 250/573/244
f 271/572/265 220/568/214 272/574/266
f 250/573/244 270/571/264 273/575/267
f 271/572/265 272/574/266 274/576/268
f 250/573/244 273/575/267 275/577/269
f 274/576/268 272/574/266 276/578/270
f 275/577/269 273/575/267 277/579/271
f 274/576/268 276/578/270 278/580/272
f 275/577/269 277/579/271 279/581/273
f 278/580/272 276/578/270 280/582/274
f 275/577/269 279/581/273 281/583/275
f 280/582/274 276/578/270 282/584/276
f 281/583/275 279/581/273 283/585/277
f 280/582/274 282/584/276 284/586/278
f 281/583/275 283/585/277 285/587/279
f 284/586/278 282/584/276 286/588/280
f 285/587/279 283/585/277 287/589/281
f 284/586/278 286/588/280 288/590/282
f 285/587/279 287/589/281 289/591/283
f 288/590/282 286/588/280 290/592/284
f 289/591/283 287/589/281 291/593/285
f 290/592/284 286/588/280 292/594/286
f 291/593/285 287/589/281 293/595/287
f 290/592/284 292/594/286 293/595/287
f 293/595/287 292/594/286 291/593/285
f 261/596/255 260/597/254 294/598/288
f 294/599/288 260/600/254 262/601/256
f 294/599/288 262/601/256 295/602/289
f 295/602/289 262/601/256 296/603/290
f 296/603/290 262/601/256 265/604/259
f 296/603/290 265/604/259 267/605/261
f 296/603/290 267/605/261 297/606/291
f 297/606/291 267/605/261 298/607/292
f 298/607/292 267/605/261 269/608/263
f 263/609/257 261/610/255 299/611/293
f 263/609/257 299/611/293 300/612/294
f 263/609/257 300/612/294 264/613/258
f 264/613/258 300/612/294 301/614/295
f 299/615/293 261/616/255 294/617/288
f 264/618/258 301/619/295 266/620/260
f 266/620/260 301/619/295 302/621/296
f 266/620/260 302/621/296 268/622/262
f 268/622/262 302/621/296 303/623/297
f 268/622/262 303/623/297 304/624/298
f 268/622/262 304/624/298 270/625/264
f 270/625/264 304/624/298 305/626/299
f 270/625/264 305/626/299 273/627/267
f 300/628/294 299/629/293 306/630/300
f 306/630/300 299/629/293 307/631/301
f 300/628/294 306/630/300 308/632/302
f 307/631/301 299/629/293 294/633/288
f 300/628/294 308/632/302 301/634/295
f 307/631/301 294/633/288 309/635/303
f 301/634/295 308/632/302 310/636/304
f 309/635/303 294/633/288 311/637/305
f 301/634/295 310/636/304 302/638/296
f 311/637/305 294/633/288 295/639/289
f 302/638/296 310/636/304 303/640/297
f 311/637/305 295/639/289 296/641/290
f 303/640/297 310/636/304 312/642/306
f 311/637/305 296/641/290 313/643/307
f 303/640/297 312/642/306 314/644/308
f 313/643/307 296/641/290 315/645/309
f 303/640/297 314/644/308 304/646/298
f 315/645/309 296/641/290 297/647/291
f 304/646/298 314/644/308 305/648/299
f 315/645/309 297/647/291 316/649/310
f 305/648/299 314/644/308 317/650/311
f 316/649/310 297/647/291 298/651/292
f 305/648/299 317/650/311 318/652/312
f 316/649/310 298/651/292 319/653/313
f 318/652/312 317/650/311 320/654/314
f 319/653/313 298/651/292 321/655/315
f 318/652/312 320/654/314 322/656/316
f 319/653/313 321/655/315 323/657/317
f 322/656/316 320/654/314 324/658/318
f 323/657/317 321/655/315 325/659/319
f 322/656/316 324/658/318 326/660/320
f 323/657/317 325/659/319 327/661/321
f 326/660/320 324/658/318 328/662/322
f 323/657/317 327/661/321 329/663/323
f 326/660/320 328/662/322 330/664/324
f 329/663/323 327/661/321 331/665/325
f 326/660/320 330/664/324 332/666/326
f 331/665/325 327/661/321 333/667/327
f 332/666/326 330/664/324 334/668/328
f 331/665/325 333/667/327 335/669/329
f 334/668/328 330/664/324 336/670/330
f 331/665/325 335/669/329 337/671/331
f 334/668/328 336/670/330 338/672/332
f 337/671/331 335/669/329 339/673/333
f 334/668/328 338/672/332 340/674/334
f 337/671/331 339/673/333 341/675/335
f 340/674/334 338/672/332 341/675/335
f 340/674/334 341/675/335 339/673/333
f 250/676/244 275/677/269 248/678/242
f 248/678/242 275/677/269 342/679/336
f 342/679/336 275/677/269 281/680/275
f 248/678/242 342/679/336 253/681/247
f 248/678/242 253/681/247 247/682/241
f 342/679/336 281/680/275 343/683/337
f 342/679/336 343/683/337 253/681/247
f 343/683/337 281/680/275 285/684/279
f 253/681/247 343/683/337 254/685/248
f 343/683/337 285/684/279 344/686/338
f 343/683/337 344/686/338 254/685/248
f 254/685/248 344/686/338 345/687/339
f 277/688/271 273/689/267 318/690/312
f 318/690/312 273/689/267 305/691/299
f 277/688/271 318/690/312 322/692/316
f 277/688/271 322/692/316 279/693/273
f 279/694/273 322/695/316 326/696/320
f 279/694/273 326/696/320 283/697/277
f 283/697/277 326/696/320 287/698/281
f 287/698/281 326/696/320 332/699/326
f 287/698/281 332/699/326 334/700/328
f 287/698/281 334/700/328 293/701/287
f 293/701/287 334/700/328 290/702/284
f 290/702/284 334/700/328 340/703/334
f 290/702/284 340/703/334 339/704/333
f 290/702/284 339/704/333 288/705/282
f 317/706/311 314/707/308 346/708/340
f 347/709/341 346/708/340 348/710/342
f 348/710/342 346/708/340 349/711/343
f 349/711/343 346/708/340 314/707/308
f 348/710/342 349/711/343 350/712/344
f 349/711/343 314/707/308 351/713/345
f 349/711/343 351/713/345 350/712/344
f 351/713/345 314/707/308 312/714/306
f 351/713/345 312/714/306 310/715/304
f 350/712/344 351/713/345 352/716/346
f 352/716/346 351/713/345 310/715/304
f 350/712/344 352/716/346 353/717/347
f 352/716/346 310/715/304 354/718/348
f 352/716/346 354/718/348 353/717/347
f 354/718/348 310/715/304 308/719/302
f 353/717/347 354/718/348 355/720/349
f 317/721/311 346/722/340 320/723/314
f 320/723/314 346/722/340 356/724/350
f 356/724/350 346/722/340 347/725/341
f 356/724/350 347/725/341 357/726/351
f 324/727/318 320/728/314 358/729/352
f 358/729/352 320/728/314 356/730/350
f 358/729/352 356/730/350 357/731/351
f 324/727/318 358/729/352 328/732/322
f 358/729/352 357/731/351 359/733/353
f 358/729/352 359/733/353 360/734/354
f 358/729/352 360/734/354 328/732/322
f 360/734/354 359/733/353 361/735/355
f 328/732/322 360/734/354 362/736/356
f 362/736/356 360/734/354 361/735/355
f 328/732/322 362/736/356 330/737/324
f 330/737/324 362/736/356 336/738/330
f 362/736/356 361/735/355 363/739/357
f 362/736/356 363/739/357 336/738/330
f 363/739/357 361/735/355 364/740/358
f 336/738/330 363/739/357 365/741/359
f 336/738/330 365/741/359 338/742/332
f 361/743/355 359/744/353 366/745/360
f 366/745/360 359/744/353 357/746/351
f 361/743/355 366/745/360 364/747/358
f 366/745/360 357/746/351 347/748/341
f 364/747/358 366/745/360 367/749/361
f 366/745/360 347/748/341 348/750/342
f 367/749/361 366/745/360 368/751/362
f 366/745/360 348/750/342 350/752/344
f 368/751/362 366/745/360 369/753/363
f 366/745/360 350/752/344 353/754/347
f 369/753/363 366/745/360 370/755/364
f 366/745/360 353/754/347 355/756/349
f 370/755/364 366/745/360 371/757/365
f 366/745/360 355/756/349 372/758/366
f 371/757/365 366/745/360 373/759/367
f 366/745/360 372/758/366 374/760/368
f 373/759/367 366/745/360 375/761/369
f 366/745/360 374/760/368 376/762/370
f 375/761/369 366/745/360 377/763/371
f 377/763/371 366/745/360 376/762/370
f 363/764/357 364/765/358 365/766/359
f 365/766/359 364/765/358 367/767/361
f 365/766/359 367/767/361 378/768/372
f 354/769/348 308/770/302 306/771/300
f 354/769/348 306/771/300 379/772/373
f 379/772/373 306/771/300 380/773/374
f 354/769/348 379/772/373 355/774/349
f 379/772/373 380/773/374 372/775/366
f 379/772/373 372/775/366 355/774/349
f 380/776/374 306/777/300 307/778/301
f 372/779/366 380/780/374 374/781/368
f 374/781/368 380/780/374 381/782/375
f 374/781/368 381/782/375 376/783/370
f 381/782/375 380/780/374 309/784/303
f 309/784/303 380/780/374 307/785/301
f 381/782/375 309/784/303 382/786/376
f 381/782/375 382/786/376 376/783/370
f 382/786/376 309/784/303 311/787/305
f 382/786/376 311/787/305 313/788/307
f 376/783/370 382/786/376 383/789/377
f 383/789/377 382/786/376 313/788/307
f 376/783/370 383/789/377 377/790/371
f 377/790/371 383/789/377 384/791/378
f 384/791/378 383/789/377 313/788/307
f 384/791/378 313/788/307 315/792/309
f 377/793/371 384/794/378 375/795/369
f 375/795/369 384/794/378 385/796/379
f 375/795/369 385/796/379 373/797/367
f 373/797/367 385/796/379 386/798/380
f 384/799/378 315/800/309 316/801/310
f 384/799/378 316/801/310 385/802/379
f 385/802/379 316/801/310 386/803/380
f 386/803/380 316/801/310 319/804/313
f 219/805/213 217/806/211 387/807/381
f 219/805/213 387/807/381 220/808/214
f 387/807/381 217/806/211 388/809/382
f 220/808/214 387/807/381 272/810/266
f 387/807/381 388/809/382 389/811/383
f 389/811/383 388/809/382 222/812/216
f 389/811/383 222/812/216 224/813/218
f 272/810/266 387/807/381 390/814/384
f 390/814/384 387/807/381 389/811/383
f 272/810/266 390/814/384 276/815/270
f 276/815/270 390/814/384 282/816/276
f 389/811/383 224/813/218 391/817/385
f 282/816/276 390/814/384 392/818/386
f 392/818/386 390/814/384 389/811/383
f 392/818/386 389/811/383 393/819/387
f 393/819/387 389/811/383 391/817/385
f 392/818/386 393/819/387 394/820/388
f 394/820/388 393/819/387 391/817/385
f 392/818/386 394/820/388 395/821/389
f 394/820/388 391/817/385 396/822/390
f 388/823/382 217/824/211 222/825/216
f 269/826/263 271/827/265 298/828/292
f 298/828/292 271/827/265 321/829/315
f 391/830/385 224/831/218 397/832/391
f 391/833/385 397/834/391 398/835/392
f 391/833/385 398/835/392 396/836/390
f 396/836/390 398/835/392 399/837/393
f 396/836/390 399/837/393 400/838/394
f 396/836/390 400/838/394 394/839/388
f 394/839/388 400/838/394 401/840/395
f 400/838/394 399/837/393 402/841/396
f 402/841/396 399/837/393 403/842/397
f 401/843/395 400/844/394 402/845/396
f 401/843/395 402/845/396 404/846/398
f 401/843/395 404/846/398 405/847/399
f 401/843/395 405/847/399 406/848/400
f 404/846/398 402/845/396 407/849/401
f 404/846/398 407/849/401 405/847/399
f 289/850/283 291/851/285 405/847/399
f 289/850/283 405/847/399 408/852/402
f 408/852/402 405/847/399 407/849/401
f 408/852/402 407/849/401 344/853/338
f 344/853/338 407/849/401 345/854/339
f 407/849/401 402/845/396 409/855/403
f 409/855/403 402/845/396 403/856/397
f 409/855/403 403/856/397 410/857/404
f 409/855/403 410/857/404 259/858/253
f 409/855/403 259/858/253 258/859/252
f 409/855/403 258/859/252 407/849/401
f 407/849/401 258/859/252 345/854/339
f 345/854/339 258/859/252 254/860/248
f 254/860/248 258/859/252 256/861/250
f 408/862/402 344/863/338 289/864/283
f 289/865/283 344/866/338 285/867/279
f 405/868/399 291/869/285 406/870/400
f 406/870/400 291/869/285 292/871/286
f 406/870/400 292/871/286 395/872/389
f 395/872/389 292/871/286 286/873/280
f 406/870/400 395/872/389 394/874/388
f 406/870/400 394/874/388 401/875/395
f 395/872/389 286/873/280 392/876/386
f 392/876/386 286/873/280 282/877/276
f 288/878/282 339/879/333 284/880/278
f 271/881/265 274/882/268 321/883/315
f 321/883/315 274/882/268 325/884/319
f 325/884/319 274/882/268 278/885/272
f 325/884/319 278/885/272 327/886/321
f 327/886/321 278/885/272 333/887/327
f 333/887/327 278/885/272 280/888/274
f 333/887/327 280/888/274 335/889/329
f 335/889/329 280/888/274 284/890/278
f 335/891/329 284/892/278 339/893/333
f 386/894/380 319/895/313 323/896/317
f 386/894/380 323/896/317 411/897/405
f 411/897/405 323/896/317 329/898/323
f 386/894/380 411/897/405 371/899/365
f 386/894/380 371/899/365 373/900/367
f 371/899/365 411/897/405 412/901/406
f 412/901/406 411/897/405 329/898/323
f 371/899/365 412/901/406 370/902/364
f 370/902/364 412/901/406 369/903/363
f 412/901/406 329/898/323 413/904/407
f 412/901/406 413/904/407 369/903/363
f 413/904/407 329/898/323 331/905/325
f 369/903/363 413/904/407 414/906/408
f 414/906/408 413/904/407 331/905/325
f 369/903/363 414/906/408 368/907/362
f 414/906/408 331/905/325 337/908/331
f 368/909/362 414/910/408 378/911/372
f 368/912/362 378/913/372 367/914/361
f 365/915/359 378/916/372 341/917/335
f 365/915/359 341/917/335 338/918/332
f 341/917/335 378/916/372 414/919/408
f 341/917/335 414/919/408 337/920/331
f 415/921/409 416/922/410 417/923/411
f 416/922/410 415/921/409 418/924/412
f 416/922/410 418/924/412 419/925/413
f 415/921/409 417/923/411 420/926/414
f 420/926/414 417/923/411 421/927/415
f 418/928/412 415/929/409 422/930/416
f 418/928/412 422/930/416 423/931/417
f 422/930/416 415/929/409 424/932/418
f 424/932/418 415/929/409 420/933/414
f 424/932/418 420/933/414 425/934/419
f 425/934/419 420/933/414 426/935/420
f 425/934/419 426/935/420 427/936/421
f 427/936/421 426/935/420 428/937/422
f 418/938/412 423/939/417 419/940/413
f 419/940/413 423/939/417 429/941/423
f 419/940/413 429/941/423 430/942/424
f 419/940/413 430/942/424 431/943/425
f 431/943/425 430/942/424 432/944/426
f 432/944/426 430/942/424 433/945/427
f 433/945/427 430/942/424 429/941/423
f 433/945/427 429/941/423 434/946/428
f 416/947/410 419/948/413 431/949/425
f 416/950/410 431/951/425 432/952/426
f 416/950/410 432/952/426 417/953/411
f 417/953/411 432/952/426 435/954/429
f 417/953/411 435/954/429 421/955/415
f 421/955/415 435/954/429 436/956/430
f 421/955/415 436/956/430 437/957/431
f 437/957/431 436/956/430 438/958/432
f 438/958/432 436/956/430 439/959/433
f 439/959/433 436/956/430 440/960/434
f 435/961/429 432/962/426 433/963/427
f 435/961/429 433/963/427 441/964/435
f 435/961/429 441/964/435 436/965/430
f 436/965/430 441/964/435 442/966/436
f 436/965/430 442/966/436 440/967/434
f 441/968/435 433/969/427 434/970/428
f 420/971/414 421/972/415 426/973/420
f 426/973/420 421/972/415 437/974/431
f 426/973/420 437/974/431 428/975/422
f 422/976/416 424/977/418 443/978/437
f 422/976/416 443/978/437 444/979/438
f 443/978/437 424/977/418 445/980/439
f 445/980/439 424/977/418 425/981/419
f 445/980/439 425/981/419 446/982/440
f 446/982/440 425/981/419 427/983/421
f 422/984/416 444/985/438 423/986/417
f 423/986/417 444/985/438 447/987/441
f 443/988/437 445/989/439 448/990/442
f 448/990/442 445/989/439 446/991/440
f 443/988/437 448/990/442 444/992/438
f 448/990/442 446/991/440 449/993/443
f 444/992/438 448/990/442 447/994/441
f 448/990/442 449/993/443 450/995/444
f 447/994/441 448/990/442 451/996/445
f 448/990/442 450/995/444 452/997/446
f 451/996/445 448/990/442 453/998/447
f 448/990/442 452/997/446 454/999/448
f 448/990/442 454/999/448 453/998/447
f 423/1000/417 447/1001/441 429/1002/423
f 429/1002/423 447/1001/441 451/1003/445
f 429/1004/423 451/1005/445 434/1006/428
f 434/1006/428 451/1005/445 453/1007/447
f 434/1008/428 453/1009/447 454/1010/448
f 434/1008/428 454/1010/448 455/1011/449
f 455/1011/449 454/1010/448 456/1012/450
f 456/1012/450 454/1010/448 452/1013/446
f 456/1012/450 452/1013/446 457/1014/451
f 457/1014/451 452/1013/446 450/1015/444
f 434/1016/428 455/1017/449 441/1018/435
f 441/1019/435 455/1020/449 442/1021/436
f 442/1021/436 455/1020/449 456/1022/450
f 442/1021/436 456/1022/450 458/1023/452
f 442/1021/436 458/1023/452 440/1024/434
f 458/1023/452 456/1022/450 457/1025/451
f 458/1023/452 457/1025/451 459/1026/453
f 459/1026/453 457/1025/451 460/1027/454
f 440/1028/434 458/1029/452 439/1030/433
f 439/1030/433 458/1029/452 459/1031/453
f 439/1030/433 459/1031/453 438/1032/432
f 438/1032/432 459/1031/453 428/1033/422
f 438/1032/432 428/1033/422 437/1034/431
f 459/1035/453 460/1036/454 428/1037/422
f 427/1038/421 428/1039/422 460/1040/454
f 457/1041/451 450/1042/444 460/1043/454
f 460/1043/454 450/1042/444 449/1044/443
f 460/1043/454 449/1044/443 427/1045/421
f 427/1045/421 449/1044/443 446/1046/440
f 461/1047/455 462/1048/456 463/1049/457
f 461/1047/455 463/1049/457 464/1050/458
f 461/1047/455 464/1050/458 465/1051/459
f 461/1047/455 465/1051/459 466/1052/460
f 466/1052/460 465/1051/459 467/1053/461
f 467/1053/461 465/1051/459 468/1054/462
f 467/1053/461 468/1054/462 469/1055/463
f 467/1053/461 469/1055/463 470/1056/464
f 462/1057/456 461/1058/455 471/1059/465
f 471/1059/465 461/1058/455 472/1060/466
f 471/1059/465 472/1060/466 473/1061/467
f 472/1060/466 461/1058/455 474/1062/468
f 474/1062/468 461/1058/455 466/1063/460
f 474/1062/468 466/1063/460 467/1064/461
f 474/1062/468 467/1064/461 475/1065/469
f 475/1065/469 467/1064/461 476/1066/470
f 475/1065/469 476/1066/470 477/1067/471
f 476/1066/470 467/1064/461 470/1068/464
f 462/1069/456 471/1070/465 463/1071/457
f 463/1071/457 471/1070/465 478/1072/472
f 478/1072/472 471/1070/465 473/1073/467
f 478/1072/472 473/1073/467 479/1074/473
f 479/1075/473 473/1076/467 472/1077/466
f 479/1075/473 472/1077/466 480/1078/474
f 480/1078/474 472/1077/466 481/1079/475
f 481/1079/475 472/1077/466 474/1080/468
f 481/1079/475 474/1080/468 475/1081/469
f 481/1079/475 475/1081/469 482/1082/476
f 482/1082/476 475/1081/469 483/1083/477
f 483/1083/477 475/1081/469 477/1084/471
f 463/1085/457 478/1086/472 484/1087/478
f 463/1085/457 484/1087/478 464/1088/458
f 484/1087/478 478/1086/472 485/1089/479
f 464/1088/458 484/1087/478 486/1090/480
f 485/1089/479 478/1086/472 487/1091/481
f 464/1088/458 486/1090/480 465/1092/459
f 487/1091/481 478/1086/472 479/1093/473
f 465/1092/459 486/1090/480 488/1094/482
f 487/1091/481 479/1093/473 480/1095/474
f 465/1092/459 488/1094/482 468/1096/462
f 487/1091/481 480/1095/474 489/1097/483
f 468/1096/462 488/1094/482 469/1098/463
f 489/1097/483 480/1095/474 481/1099/475
f 469/1098/463 488/1094/482 490/1100/484
f 489/1097/483 481/1099/475 491/1101/485
f 469/1098/463 490/1100/484 492/1102/486
f 492/1102/486 490/1100/484 491/1101/485
f 491/1101/485 481/1099/475 482/1103/476
f 491/1101/485 482/1103/476 492/1102/486
f 492/1102/486 482/1103/476 483/1104/477
f 485/1105/479 487/1106/481 493/1107/487
f 485/1105/479 493/1107/487 494/1108/488
f 493/1109/487 487/1110/481 489/1111/483
f 493/1109/487 489/1111/483 495/1112/489
f 495/1112/489 489/1111/483 496/1113/490
f 496/1113/490 489/1111/483 491/1114/485
f 484/1115/478 485/1116/479 497/1117/491
f 497/1117/491 485/1116/479 494/1118/488
f 486/1119/480 484/1120/478 497/1121/491
f 486/1119/480 497/1121/491 498/1122/492
f 486/1119/480 498/1122/492 499/1123/493
f 486/1119/480 499/1123/493 488/1124/482
f 490/1125/484 488/1126/482 499/1127/493
f 490/1125/484 499/1127/493 500/1128/494
f 490/1125/484 500/1128/494 496/1129/490
f 490/1125/484 496/1129/490 491/1130/485
f 470/1131/464 469/1132/463 492/1133/486
f 470/1131/464 492/1133/486 476/1134/470
f 476/1134/470 492/1133/486 483/1135/477
f 476/1134/470 483/1135/477 477/1136/471
f 495/1137/489 496/1138/490 501/1139/495
f 501/1139/495 496/1138/490 502/1140/496
f 502/1140/496 496/1138/490 500/1141/494
f 502/1140/496 500/1141/494 503/1142/497
f 495/1143/489 501/1144/495 493/1145/487
f 493/1145/487 501/1144/495 504/1146/498
f 493/1145/487 504/1146/498 494/1147/488
f 500/1148/494 499/1149/493 505/1150/499
f 500/1148/494 505/1150/499 503/1151/497
f 505/1150/499 499/1149/493 506/1152/500
f 506/1152/500 499/1149/493 498/1153/492
f 506/1152/500 498/1153/492 507/1154/501
f 502/1155/496 503/1156/497 508/1157/502
f 508/1157/502 503/1156/497 509/1158/503
f 508/1157/502 509/1158/503 510/1159/504
f 510/1159/504 509/1158/503 511/1160/505
f 509/1158/503 503/1156/497 512/1161/506
f 512/1161/506 503/1156/497 505/1162/499
f 509/1158/503 512/1161/506 513/1163/507
f 509/1158/503 513/1163/507 511/1160/505
f 511/1160/505 513/1163/507 514/1164/508
f 511/1160/505 514/1164/508 515/1165/509
f 502/1166/496 508/1167/502 501/1168/495
f 501/1168/495 508/1167/502 516/1169/510
f 516/1169/510 508/1167/502 517/1170/511
f 501/1168/495 516/1169/510 518/1171/512
f 501/1168/495 518/1171/512 504/1172/498
f 505/1173/499 506/1174/500 512/1175/506
f 512/1176/506 506/1177/500 519/1178/513
f 512/1179/506 519/1180/513 513/1181/507
f 513/1181/507 519/1180/513 520/1182/514
f 520/1182/514 519/1180/513 521/1183/515
f 513/1181/507 520/1182/514 522/1184/516
f 513/1181/507 522/1184/516 514/1185/508
f 522/1184/516 520/1182/514 523/1186/517
f 506/1187/500 507/1188/501 519/1189/513
f 519/1189/513 507/1188/501 521/1190/515
f 521/1190/515 507/1188/501 524/1191/518
f 521/1190/515 524/1191/518 520/1192/514
f 524/1191/518 507/1188/501 525/1193/519
f 498/1194/492 497/1195/491 525/1196/519
f 498/1194/492 525/1196/519 507/1197/501
f 525/1196/519 497/1195/491 526/1198/520
f 526/1198/520 497/1195/491 494/1199/488
f 526/1198/520 494/1199/488 527/1200/521
f 524/1201/518 525/1202/519 528/1203/522
f 528/1203/522 525/1202/519 526/1204/520
f 524/1201/518 528/1203/522 529/1205/523
f 524/1201/518 529/1205/523 520/1206/514
f 520/1206/514 529/1205/523 530/1207/524
f 520/1206/514 530/1207/524 523/1208/517
f 530/1207/524 529/1205/523 531/1209/525
f 531/1209/525 529/1205/523 532/1210/526
f 532/1210/526 529/1205/523 533/1211/527
f 528/1212/522 526/1213/520 527/1214/521
f 494/1215/488 504/1216/498 527/1214/521
f 527/1214/521 504/1216/498 518/1217/512
f 528/1212/522 527/1214/521 533/1218/527
f 533/1218/527 527/1214/521 518/1217/512
f 528/1212/522 533/1218/527 529/1219/523
f 533/1218/527 518/1217/512 534/1220/528
f 533/1218/527 534/1220/528 532/1221/526
f 532/1221/526 534/1220/528 535/1222/529
f 532/1221/526 535/1222/529 536/1223/530
f 532/1221/526 536/1223/530 531/1224/525
f 518/1225/512 516/1226/510 517/1227/511
f 518/1225/512 517/1227/511 534/1228/528
f 534/1228/528 517/1227/511 537/1229/531
f 517/1230/511 508/1231/502 510/1232/504
f 517/1230/511 510/1232/504 537/1233/531
f 537/1233/531 510/1232/504 538/1234/532
f 538/1234/532 510/1232/504 511/1235/505
f 538/1234/532 511/1235/505 515/1236/509
f 535/1237/529 534/1238/528 537/1239/531
f 515/1240/509 514/1241/508 539/1242/533
f 515/1240/509 539/1242/533 540/1243/534
f 539/1242/533 514/1241/508 522/1244/516
f 539/1242/533 522/1244/516 541/1245/535
f 538/1246/532 515/1247/509 540/1248/534
f 538/1246/532 540/1248/534 542/1249/536
f 538/1246/532 542/1249/536 537/1250/531
f 537/1250/531 542/1249/536 543/1251/537
f 537/1250/531 543/1251/537 544/1252/538
f 537/1250/531 544/1252/538 535/1253/529
f 535/1253/529 544/1252/538 545/1254/539
f 535/1253/529 545/1254/539 536/1255/530
f 522/1256/516 523/1257/517 541/1258/535
f 541/1258/535 523/1257/517 530/1259/524
f 541/1258/535 530/1259/524 546/1260/540
f 546/1260/540 530/1259/524 531/1261/525
f 541/1258/535 546/1260/540 547/1262/541
f 547/1262/541 546/1260/540 548/1263/542
f 547/1262/541 548/1263/542 549/1264/543
f 547/1262/541 549/1264/543 550/1265/544
f 547/1262/541 550/1265/544 551/1266/545
f 547/1262/541 551/1266/545 552/1267/546
f 531/1268/525 536/1269/530 546/1270/540
f 541/1271/535 547/1272/541 539/1273/533
f 539/1273/533 547/1272/541 552/1274/546
f 546/1275/540 536/1276/530 545/1277/539
f 546/1275/540 545/1277/539 548/1278/542
f 548/1278/542 545/1277/539 553/1279/547
f 548/1278/542 553/1279/547 549/1280/543
f 553/1279/547 545/1277/539 544/1281/538
f 553/1279/547 544/1281/538 554/1282/548
f 544/1283/538 543/1284/537 555/1285/549
f 544/1283/538 555/1285/549 554/1286/548
f 555/1285/549 543/1284/537 542/1287/536
f 555/1285/549 542/1287/536 556/1288/550
f 553/1289/547 554/1290/548 557/1291/551
f 549/1292/543 553/1293/547 558/1294/552
f 558/1295/552 553/1296/547 559/1297/553
f 559/1298/553 553/1299/547 557/1300/551
f 549/1301/543 558/1302/552 560/1303/554
f 558/1304/552 559/1305/553 561/1306/555
f 561/1306/555 559/1305/553 562/1307/556
f 562/1307/556 559/1305/553 557/1308/551
f 562/1307/556 557/1308/551 563/1309/557
f 558/1310/552 561/1311/555 560/1312/554
f 560/1312/554 561/1311/555 564/1313/558
f 560/1312/554 564/1313/558 565/1314/559
f 560/1312/554 565/1314/559 566/1315/560
f 566/1315/560 565/1314/559 567/1316/561
f 567/1316/561 565/1314/559 568/1317/562
f 550/1318/544 549/1319/543 560/1320/554
f 550/1321/544 560/1322/554 566/1323/560
f 550/1321/544 566/1323/560 567/1324/561
f 550/1321/544 567/1324/561 551/1325/545
f 551/1325/545 567/1324/561 569/1326/563
f 539/1327/533 552/1328/546 540/1329/534
f 540/1329/534 552/1328/546 570/1330/564
f 570/1330/564 552/1328/546 551/1331/545
f 540/1329/534 570/1330/564 542/1332/536
f 542/1332/536 570/1330/564 556/1333/550
f 564/1334/558 561/1335/555 571/1336/565
f 571/1336/565 561/1335/555 572/1337/566
f 572/1337/566 561/1335/555 562/1338/556
f 564/1334/558 571/1336/565 565/1339/559
f 565/1339/559 571/1336/565 573/1340/567
f 565/1339/559 573/1340/567 574/1341/568
f 565/1339/559 574/1341/568 568/1342/562
f 568/1342/562 574/1341/568 575/1343/569
f 575/1343/569 574/1341/568 576/1344/570
f 575/1343/569 576/1344/570 577/1345/571
f 551/1346/545 569/1347/563 570/1348/564
f 570/1348/564 569/1347/563 578/1349/572
f 567/1350/561 568/1351/562 575/1352/569
f 567/1350/561 575/1352/569 569/1353/563
f 578/1354/572 569/1355/563 575/1356/569
f 578/1354/572 575/1356/569 577/1357/571
f 578/1354/572 577/1357/571 579/1358/573
f 579/1358/573 577/1357/571 580/1359/574
f 570/1360/564 578/1361/572 579/1362/573
f 577/1363/571 576/1364/570 581/1365/575
f 580/1366/574 577/1367/571 581/1368/575
f 579/1369/573 580/1370/574 582/1371/576
f 582/1371/576 580/1370/574 581/1372/575
f 579/1369/573 582/1371/576 583/1373/577
f 556/1374/550 570/1375/564 579/1376/573
f 556/1377/550 579/1378/573 583/1379/577
f 556/1380/550 583/1381/577 555/1382/549
f 555/1382/549 583/1381/577 584/1383/578
f 555/1382/549 584/1383/578 585/1384/579
f 555/1382/549 585/1384/579 554/1385/548
f 584/1386/578 583/1387/577 582/1388/576
f 584/1386/578 582/1388/576 586/1389/580
f 584/1386/578 586/1389/580 587/1390/581
f 584/1386/578 587/1390/581 585/1391/579
f 585/1391/579 587/1390/581 557/1392/551
f 557/1392/551 587/1390/581 563/1393/557
f 554/1394/548 585/1395/579 557/1396/551
f 586/1397/580 582/1398/576 588/1399/582
f 588/1399/582 582/1398/576 581/1400/575
f 586/1397/580 588/1399/582 587/1401/581
f 587/1401/581 588/1399/582 589/1402/583
f 587/1403/581 589/1404/583 563/1405/557
f 562/1406/556 563/1407/557 589/1408/583
f 572/1409/566 562/1410/556 589/1411/583
f 590/1412/584 589/1413/583 588/1414/582
f 589/1413/583 590/1412/584 591/1415/585
f 591/1415/585 590/1412/584 592/1416/586
f 590/1412/584 588/1414/582 581/1417/575
f 590/1412/584 581/1417/575 593/1418/587
f 572/1419/566 589/1420/583 591/1421/585
f 571/1422/565 572/1423/566 594/1424/588
f 571/1422/565 594/1424/588 595/1425/589
f 595/1425/589 594/1424/588 596/1426/590
f 596/1426/590 594/1424/588 597/1427/591
f 595/1425/589 596/1426/590 598/1428/592
f 598/1428/592 596/1426/590 599/1429/593
f 599/1429/593 596/1426/590 600/1430/594
f 600/1430/594 596/1426/590 601/1431/595
f 602/1432/596 601/1431/595 597/1427/591
f 600/1430/594 601/1431/595 603/1433/597
f 601/1431/595 602/1432/596 604/1434/598
f 601/1431/595 604/1434/598 603/1433/597
f 594/1435/588 572/1436/566 591/1437/585
f 594/1435/588 591/1437/585 597/1438/591
f 597/1438/591 591/1437/585 592/1439/586
f 592/1440/586 590/1441/584 593/1442/587
f 581/1443/575 576/1444/570 593/1442/587
f 593/1442/587 576/1444/570 605/1445/599
f 592/1440/586 593/1442/587 606/1446/600
f 606/1446/600 593/1442/587 605/1445/599
f 592/1440/586 606/1446/600 607/1447/601
f 606/1446/600 605/1445/599 608/1448/602
f 606/1446/600 608/1448/602 609/1449/603
f 605/1450/599 576/1451/570 574/1452/568
f 605/1450/599 574/1452/568 610/1453/604
f 605/1450/599 610/1453/604 608/1454/602
f 608/1454/602 610/1453/604 611/1455/605
f 608/1454/602 611/1455/605 612/1456/606
f 608/1454/602 612/1456/606 613/1457/607
f 608/1454/602 613/1457/607 609/1458/603
f 609/1458/603 613/1457/607 614/1459/608
f 614/1459/608 613/1457/607 615/1460/39
f 610/1461/604 574/1462/568 573/1463/567
f 610/1461/604 573/1463/567 616/1464/609
f 616/1464/609 573/1463/567 595/1465/589
f 595/1465/589 573/1463/567 571/1466/565
f 616/1464/609 595/1465/589 598/1467/592
f 616/1464/609 598/1467/592 617/1468/610
f 617/1468/610 598/1467/592 599/1469/593
f 617/1468/610 599/1469/593 618/1470/611
f 610/1471/604 616/1472/609 611/1473/605
f 611/1473/605 616/1472/609 617/1474/610
f 611/1473/605 617/1474/610 612/1475/606
f 612/1475/606 617/1474/610 618/1476/611
f 612/1475/606 618/1476/611 613/1477/607
f 613/1477/607 618/1476/611 619/1478/612
f 599/1479/593 600/1480/594 618/1481/611
f 618/1481/611 600/1480/594 619/1482/612
f 619/1482/612 600/1480/594 620/1483/613
f 620/1483/613 600/1480/594 603/1484/597
f 619/1482/612 620/1483/613 613/1485/607
f 613/1485/607 620/1483/613 615/1486/39
f 601/1487/595 596/1488/590 597/1489/591
f 602/1490/596 597/1491/591 621/1492/614
f 621/1493/614 597/1494/591 622/1495/615
f 622/1495/615 597/1494/591 592/1496/586
f 622/1495/615 592/1496/586 607/1497/601
f 602/1498/596 621/1499/614 623/1500/616
f 602/1498/596 623/1500/616 624/1501/617
f 602/1498/596 624/1501/617 604/1502/598
f 623/1500/616 621/1499/614 625/1503/618
f 625/1503/618 621/1499/614 622/1504/615
f 625/1503/618 622/1504/615 626/1505/619
f 626/1505/619 622/1504/615 627/1506/620
f 627/1506/620 622/1504/615 607/1507/601
f 627/1506/620 607/1507/601 628/1508/621
f 607/1509/601 606/1510/600 609/1511/603
f 604/1512/598 624/1513/617 629/1514/622
f 629/1514/622 624/1513/617 630/1515/623
f 630/1515/623 624/1513/617 631/1516/624
f 631/1516/624 624/1513/617 623/1517/616
f 604/1518/598 629/1519/622 603/1520/597
f 603/1521/597 629/1522/622 632/1523/625
f 632/1524/625 629/1525/622 630/1526/623
f 632/1524/625 630/1526/623 633/1527/626
f 633/1527/626 630/1526/623 634/1528/627
f 634/1528/627 630/1526/623 635/1529/628
f 635/1529/628 630/1526/623 636/1530/629
f 636/1530/629 630/1526/623 631/1531/624
f 603/1532/597 632/1533/625 620/1534/613
f 620/1534/613 632/1533/625 637/1535/630
f 620/1534/613 637/1535/630 638/1536/631
f 620/1534/613 638/1536/631 615/1537/39
f 637/1538/630 632/1539/625 633/1540/626
f 637/1538/630 633/1540/626 639/1541/632
f 637/1538/630 639/1541/632 638/1542/631
f 614/1543/608 615/1544/39 638/1545/631
f 614/1543/608 638/1545/631 640/1546/633
f 614/1547/608 640/1548/633 609/1549/603
f 609/1549/603 640/1548/633 628/1550/621
f 640/1551/633 638/1552/631 639/1553/632
f 640/1551/633 639/1553/632 641/1554/634
f 641/1554/634 639/1553/632 642/1555/635
f 641/1554/634 642/1555/635 643/1556/636
f 640/1551/633 641/1554/634 628/1557/621
f 641/1554/634 643/1556/636 644/1558/637
f 641/1554/634 644/1558/637 628/1557/621
f 628/1557/621 644/1558/637 627/1559/620
f 627/1559/620 644/1558/637 645/1560/638
f 609/1561/603 628/1562/621 607/1563/601
f 642/1564/635 639/1565/632 633/1566/626
f 642/1564/635 633/1566/626 634/1567/627
f 642/1564/635 634/1567/627 635/1568/628
f 642/1564/635 635/1568/628 643/1569/636
f 643/1569/636 635/1568/628 646/1570/639
f 635/1571/628 636/1572/629 647/1573/640
f 635/1571/628 647/1573/640 648/1574/641
f 635/1571/628 648/1574/641 646/1575/639
f 647/1576/640 636/1577/629 631/1578/624
f 647/1576/640 631/1578/624 649/1579/642
f 649/1579/642 631/1578/624 650/1580/643
f 650/1580/643 631/1578/624 623/1581/616
f 649/1579/642 650/1580/643 651/1582/644
f 644/1583/637 643/1584/636 652/1585/645
f 652/1585/645 643/1584/636 646/1586/639
f 644/1583/637 652/1585/645 653/1587/646
f 644/1583/637 653/1587/646 645/1588/638
f 652/1589/645 646/1590/639 654/1591/647
f 652/1589/645 654/1591/647 655/1592/648
f 652/1589/645 655/1592/648 653/1593/646
f 653/1593/646 655/1592/648 656/1594/649
f 646/1595/639 648/1596/641 657/1597/650
f 646/1595/639 657/1597/650 654/1598/647
f 657/1599/650 648/1600/641 658/1601/651
f 658/1601/651 648/1600/641 647/1602/640
f 654/1603/647 657/1604/650 659/1605/652
f 654/1603/647 659/1605/652 660/1606/653
f 659/1605/652 657/1604/650 661/1607/654
f 661/1607/654 657/1604/650 658/1608/651
f 661/1607/654 658/1608/651 662/1609/655
f 662/1609/655 658/1608/651 663/1610/656
f 658/1611/651 647/1612/640 663/1613/656
f 663/1613/656 647/1612/640 649/1614/642
f 659/1615/652 661/1616/654 664/1617/657
f 659/1615/652 664/1617/657 665/1618/658
f 665/1618/658 664/1617/657 666/1619/659
f 666/1619/659 664/1617/657 667/1620/660
f 661/1621/654 662/1622/655 668/1623/661
f 661/1621/654 668/1623/661 664/1624/657
f 664/1624/657 668/1623/661 669/1625/662
f 664/1624/657 669/1625/662 667/1626/660
f 668/1627/661 662/1628/655 670/1629/663
f 668/1627/661 670/1629/663 669/1630/662
f 669/1630/662 670/1629/663 671/1631/664
f 670/1629/663 662/1628/655 672/1632/665
f 670/1629/663 672/1632/665 673/1633/666
f 673/1633/666 672/1632/665 674/1634/667
f 662/1635/655 663/1636/656 672/1637/665
f 672/1637/665 663/1636/656 675/1638/668
f 672/1637/665 675/1638/668 674/1639/667
f 674/1639/667 675/1638/668 676/1640/669
f 674/1639/667 676/1640/669 677/1641/670
f 677/1641/670 676/1640/669 656/1642/649
f 663/1643/656 649/1644/642 675/1645/668
f 675/1646/668 649/1647/642 651/1648/644
f 650/1649/643 623/1650/616 625/1651/618
f 650/1649/643 625/1651/618 678/1652/671
f 678/1652/671 625/1651/618 626/1653/619
f 650/1654/643 678/1655/671 651/1656/644
f 651/1656/644 678/1655/671 679/1657/672
f 679/1657/672 678/1655/671 645/1658/638
f 679/1657/672 645/1658/638 653/1659/646
f 626/1660/619 627/1661/620 645/1662/638
f 626/1663/619 645/1664/638 678/1665/671
f 651/1666/644 679/1667/672 676/1668/669
f 651/1666/644 676/1668/669 675/1669/668
f 679/1670/672 653/1671/646 656/1672/649
f 679/1670/672 656/1672/649 676/1673/669
f 656/1674/649 655/1675/648 680/1676/673
f 656/1674/649 680/1676/673 677/1677/670
f 680/1676/673 655/1675/648 660/1678/653
f 660/1678/653 655/1675/648 654/1679/647
f 660/1680/653 659/1681/652 665/1682/658
f 660/1680/653 665/1682/658 681/1683/674
f 681/1683/674 665/1682/658 666/1684/659
f 681/1683/674 666/1684/659 682/1685/675
f 681/1683/674 682/1685/675 683/1686/676
f 680/1687/673 660/1688/653 681/1689/674
f 680/1687/673 681/1689/674 684/1690/677
f 680/1687/673 684/1690/677 677/1691/670
f 684/1690/677 681/1689/674 683/1692/676
f 677/1691/670 684/1690/677 685/1693/678
f 685/1693/678 684/1690/677 683/1692/676
f 685/1693/678 683/1692/676 686/1694/679
f 685/1695/678 674/1696/667 677/1697/670
f 674/1696/667 685/1695/678 673/1698/666
f 673/1698/666 685/1695/678 686/1699/679
f 673/1698/666 686/1699/679 687/1700/680
f 686/1701/679 683/1702/676 682/1703/675
f 687/1704/680 686/1705/679 682/1706/675
f 687/1704/680 682/1706/675 666/1707/659
f 687/1704/680 666/1707/659 671/1708/664
f 673/1709/666 687/1710/680 670/1711/663
f 670/1711/663 687/1710/680 671/1712/664
f 669/1713/662 671/1714/664 666/1715/659
f 669/1716/662 666/1717/659 667/1718/660
f 688/1719/681 689/1720/682 690/1721/683
f 690/1721/683 689/1720/682 691/1722/684
f 689/1723/682 688/1724/681 692/1725/685
f 689/1723/682 692/1725/685 693/1726/686
f 693/1726/686 692/1725/685 694/1727/687
f 694/1727/687 692/1725/685 695/1728/688
f 688/1729/681 690/1730/683 696/1731/689
f 688/1729/681 696/1731/689 692/1732/685
f 692/1732/685 696/1731/689 695/1733/688
f 695/1733/688 696/1731/689 697/1734/690
f 696/1731/689 690/1730/683 698/1735/691
f 698/1735/691 690/1730/683 699/1736/692
f 698/1737/691 699/1738/692 700/1739/693
f 700/1739/693 699/1738/692 701/1740/694
f 698/1737/691 700/1739/693 696/1741/689
f 696/1741/689 700/1739/693 702/1742/695
f 699/1743/692 690/1744/683 691/1745/684
f 699/1743/692 691/1745/684 701/1746/694
f 701/1747/694 691/1748/684 703/1749/696
f 701/1747/694 703/1749/696 700/1750/693
f 703/1749/696 691/1748/684 704/1751/697
f 700/1750/693 703/1749/696 705/1752/698
f 704/1751/697 691/1748/684 689/1753/682
f 700/1750/693 705/1752/698 702/1754/695
f 704/1751/697 689/1753/682 706/1755/699
f 702/1754/695 705/1752/698 707/1756/700
f 706/1755/699 689/1753/682 708/1757/701
f 702/1754/695 707/1756/700 709/1758/702
f 708/1757/701 689/1753/682 693/1759/686
f 702/1754/695 709/1758/702 710/1760/703
f 708/1757/701 693/1759/686 711/1761/704
f 710/1760/703 709/1758/702 711/1761/704
f 711/1761/704 693/1759/686 694/1762/687
f 711/1761/704 694/1762/687 710/1760/703
f 703/1763/696 704/1764/697 712/1765/705
f 712/1765/705 704/1764/697 713/1766/706
f 696/1767/689 702/1768/695 697/1769/690
f 697/1769/690 702/1768/695 710/1770/703
f 705/1771/698 703/1772/696 714/1773/707
f 714/1773/707 703/1772/696 712/1774/705
f 705/1771/698 714/1773/707 715/1775/708
f 705/1771/698 715/1775/708 707/1776/700
f 697/1777/690 710/1778/703 695/1779/688
f 695/1779/688 710/1778/703 694/1780/687
f 715/1781/708 714/1782/707 716/1783/709
f 716/1783/709 714/1782/707 712/1784/705
f 716/1783/709 712/1784/705 717/1785/710
f 717/1785/710 712/1784/705 718/1786/344
f 718/1786/344 712/1784/705 719/1787/711
f 719/1787/711 712/1784/705 713/1788/706
f 715/1789/708 716/1790/709 707/1791/700
f 707/1791/700 716/1790/709 709/1792/702
f 709/1792/702 716/1790/709 717/1793/710
f 709/1792/702 717/1793/710 711/1794/704
f 711/1795/704 717/1796/710 718/1797/344
f 711/1795/704 718/1797/344 708/1798/701
f 708/1798/701 718/1797/344 719/1799/711
f 708/1798/701 719/1799/711 706/1800/699
f 706/1801/699 719/1802/711 713/1803/706
f 706/1801/699 713/1803/706 704/1804/697
f 720/1805/712 721/1806/713 722/1807/714
f 720/1805/712 722/1807/714 723/1808/715
f 721/1809/713 720/1810/712 724/1811/716
f 721/1809/713 724/1811/716 725/1812/717
f 720/1813/712 723/1814/715 724/1815/716
f 724/1815/716 723/1814/715 726/1816/718
f 726/1816/718 723/1814/715 727/1817/719
f 726/1816/718 727/1817/719 728/1818/720
f 728/1818/720 727/1817/719 729/1819/721
f 728/1818/720 729/1819/721 730/1820/722
f 730/1820/722 729/1819/721 731/1821/723
f 730/1820/722 731/1821/723 732/1822/724
f 721/1823/713 725/1824/717 733/1825/725
f 721/1823/713 733/1825/725 722/1826/714
f 722/1826/714 733/1825/725 734/1827/726
f 722/1826/714 734/1827/726 735/1828/727
f 735/1828/727 734/1827/726 736/1829/728
f 735/1828/727 736/1829/728 737/1830/729
f 737/1830/729 736/1829/728 738/1831/730
f 737/1830/729 738/1831/730 739/1832/731
f 733/1833/725 725/1834/717 724/1835/716
f 733/1833/725 724/1835/716 726/1836/718
f 735/1837/727 723/1838/715 722/1839/714
f 723/1838/715 735/1837/727 727/1840/719
f 727/1840/719 735/1837/727 729/1841/721
f 729/1841/721 735/1837/727 737/1842/729
f 733/1843/725 726/1844/718 728/1845/720
f 733/1843/725 728/1845/720 734/1846/726
f 734/1846/726 728/1845/720 736/1847/728
f 736/1847/728 728/1845/720 730/1848/722
f 729/1849/721 737/1850/729 731/1851/723
f 731/1851/723 737/1850/729 739/1852/731
f 731/1851/723 739/1852/731 738/1853/730
f 731/1851/723 738/1853/730 732/1854/724
f 732/1854/724 738/1853/730 730/1855/722
f 730/1855/722 738/1853/730 736/1856/728
f 740/1857/732 741/1858/733 742/1859/734
f 742/1859/734 741/1858/733 743/1860/735
f 741/1861/733 740/1862/732 744/1863/736
f 744/1863/736 740/1862/732 745/1864/737
f 741/1861/733 744/1863/736 746/1865/738
f 744/1863/736 745/1864/737 747/1866/739
f 746/1865/738 744/1863/736 748/1867/740
f 744/1863/736 747/1866/739 749/1868/741
f 748/1867/740 744/1863/736 750/1869/742
f 744/1863/736 749/1868/741 751/1870/743
f 750/1869/742 744/1863/736 752/1871/744
f 752/1871/744 744/1863/736 751/1870/743
f 740/1872/732 742/1873/734 745/1874/737
f 745/1874/737 742/1873/734 753/1875/745
f 745/1874/737 753/1875/745 754/1876/746
f 747/1877/739 745/1878/737 754/1879/746
f 749/1880/741 747/1881/739 754/1882/746
f 749/1880/741 754/1882/746 755/1883/747
f 755/1883/747 754/1882/746 756/1884/748
f 749/1880/741 755/1883/747 751/1885/743
f 754/1886/746 753/1887/745 756/1888/748
f 756/1888/748 753/1887/745 757/1889/749
f 756/1888/748 757/1889/749 758/1890/750
f 758/1890/750 757/1889/749 759/1891/751
f 756/1888/748 758/1890/750 760/1892/752
f 760/1892/752 758/1890/750 761/1893/753
f 756/1888/748 760/1892/752 755/1894/747
f 753/1895/745 742/1896/734 757/1897/749
f 757/1897/749 742/1896/734 762/1898/754
f 757/1897/749 762/1898/754 763/1899/755
f 757/1897/749 763/1899/755 759/1900/751
f 763/1899/755 762/1898/754 764/1901/756
f 764/1901/756 762/1898/754 765/1902/757
f 764/1901/756 765/1902/757 766/1903/758
f 758/1904/750 759/1905/751 761/1906/753
f 761/1906/753 759/1905/751 767/1907/759
f 767/1907/759 759/1905/751 768/1908/760
f 768/1908/760 759/1905/751 763/1909/755
f 768/1908/760 763/1909/755 769/1910/761
f 769/1910/761 763/1909/755 770/1911/762
f 770/1911/762 763/1909/755 766/1912/758
f 766/1912/758 763/1909/755 764/1913/756
f 760/1914/752 761/1915/753 767/1916/759
f 760/1914/752 767/1916/759 771/1917/763
f 760/1914/752 771/1917/763 755/1918/747
f 771/1917/763 767/1916/759 768/1919/760
f 755/1918/747 771/1917/763 772/1920/764
f 771/1917/763 768/1919/760 773/1921/765
f 771/1917/763 773/1921/765 772/1920/764
f 773/1921/765 768/1919/760 769/1922/761
f 772/1920/764 773/1921/765 774/1923/766
f 755/1924/747 772/1925/764 751/1926/743
f 751/1926/743 772/1925/764 752/1927/744
f 752/1927/744 772/1925/764 774/1928/766
f 752/1927/744 774/1928/766 750/1929/742
f 748/1930/740 750/1931/742 774/1932/766
f 748/1930/740 774/1932/766 775/1933/767
f 775/1933/767 774/1932/766 776/1934/768
f 776/1934/768 774/1932/766 773/1935/765
f 776/1934/768 773/1935/765 770/1936/762
f 748/1937/740 775/1938/767 746/1939/738
f 746/1939/738 775/1938/767 743/1940/735
f 741/1941/733 746/1942/738 743/1943/735
f 775/1944/767 776/1945/768 765/1946/757
f 775/1944/767 765/1946/757 743/1947/735
f 743/1947/735 765/1946/757 762/1948/754
f 743/1947/735 762/1948/754 742/1949/734
f 776/1950/768 770/1951/762 765/1952/757
f 770/1953/762 773/1954/765 769/1955/761
f 766/1956/758 765/1957/757 770/1958/762
f 777/1959/769 778/1960/770 779/1961/771
f 777/1959/769 779/1961/771 780/1962/772
f 777/1959/769 780/1962/772 781/1963/773
f 780/1964/772 779/1965/771 782/1966/774
f 780/1964/772 782/1966/774 783/1967/775
f 781/1968/773 780/1969/772 783/1970/775
f 781/1968/773 783/1970/775 784/1971/776
f 784/1972/776 783/1973/775 785/1974/777
f 785/1975/777 783/1976/775 782/1977/774
f 785/1975/777 782/1977/774 786/1978/778
f 787/1979/779 788/1980/780 789/1981/781
f 789/1981/781 788/1980/780 790/1982/782
f 787/1979/779 789/1981/781 791/1983/783
f 787/1979/779 791/1983/783 792/1984/784
f 790/1985/782 788/1986/780 793/1987/785
f 793/1988/785 788/1989/780 794/1990/786
f 792/1991/784 791/1992/783 795/1993/787
f 792/1991/784 795/1993/787 796/1994/788
f 796/1994/788 795/1993/787 797/1995/789
f 796/1994/788 797/1995/789 798/1996/790
f 798/1996/790 797/1995/789 799/1997/791
f 798/1996/790 799/1997/791 800/1998/792
f 795/1999/787 791/2000/783 801/2001/793
f 795/1999/787 801/2001/793 797/2002/789
f 801/2001/793 791/2000/783 802/2003/794
f 797/2002/789 801/2001/793 803/2004/795
f 802/2003/794 791/2000/783 789/2005/781
f 797/2002/789 803/2004/795 804/2006/796
f 802/2003/794 789/2005/781 805/2007/797
f 805/2007/797 789/2005/781 790/2008/782
f 805/2007/797 790/2008/782 806/2009/798
f 806/2009/798 790/2008/782 793/2010/785
f 806/2009/798 793/2010/785 807/2011/799
f 807/2011/799 793/2010/785 808/2012/800
f 797/2002/789 804/2006/796 799/2013/791
f 808/2012/800 793/2010/785 809/2014/801
f 799/2013/791 804/2006/796 810/2015/802
f 799/2013/791 810/2015/802 811/2016/803
f 811/2016/803 810/2015/802 812/2017/804
f 812/2017/804 810/2015/802 813/2018/805
f 812/2017/804 813/2018/805 814/2019/806
f 812/2017/804 814/2019/806 815/2020/807
f 815/2020/807 814/2019/806 816/2021/808
f 816/2021/808 814/2019/806 817/2022/809
f 816/2021/808 817/2022/809 818/2023/810
f 816/2021/808 818/2023/810 819/2024/811
f 819/2024/811 818/2023/810 820/2025/812
f 819/2024/811 820/2025/812 821/2026/813
f 821/2026/813 820/2025/812 822/2027/814
f 821/2026/813 822/2027/814 823/2028/815
f 823/2028/815 822/2027/814 824/2029/816
f 823/2028/815 824/2029/816 825/2030/817
f 825/2030/817 824/2029/816 826/2031/818
f 825/2030/817 826/2031/818 827/2032/819
f 827/2032/819 826/2031/818 828/2033/820
f 827/2032/819 828/2033/820 829/2034/821
f 829/2034/821 828/2033/820 830/2035/822
f 830/2035/822 828/2033/820 831/2036/823
f 830/2035/822 831/2036/823 832/2037/824
f 832/2037/824 831/2036/823 833/2038/825
f 832/2037/824 833/2038/825 809/2014/801
f 809/2014/801 833/2038/825 808/2012/800
f 808/2012/800 833/2038/825 834/2039/826
f 834/2039/826 833/2038/825 835/2040/827
f 834/2039/826 835/2040/827 836/2041/828
f 836/2041/828 835/2040/827 837/2042/829
f 834/2039/826 836/2041/828 838/2043/830
f 836/2041/828 837/2042/829 839/2044/831
f 838/2043/830 836/2041/828 840/2045/832
f 836/2041/828 839/2044/831 841/2046/833
f 840/2045/832 836/2041/828 842/2047/834
f 836/2041/828 841/2046/833 843/2048/835
f 842/2047/834 836/2041/828 844/2049/836
f 836/2041/828 843/2048/835 845/2050/837
f 844/2049/836 836/2041/828 846/2051/838
f 836/2041/828 845/2050/837 847/2052/839
f 846/2051/838 836/2041/828 848/2053/840
f 836/2041/828 847/2052/839 849/2054/841
f 848/2053/840 836/2041/828 850/2055/842
f 851/2056/843 849/2054/841 814/2019/806
f 849/2054/841 851/2056/843 836/2041/828
f 836/2041/828 851/2056/843 852/2057/844
f 836/2041/828 852/2057/844 853/2058/845
f 836/2041/828 853/2058/845 854/2059/846
f 836/2041/828 854/2059/846 850/2055/842
f 850/2055/842 854/2059/846 804/2006/796
f 800/2060/792 799/2061/791 811/2062/803
f 800/2060/792 811/2062/803 855/2063/847
f 855/2063/847 811/2062/803 812/2064/804
f 855/2063/847 812/2064/804 856/2065/848
f 804/2066/796 803/2067/795 850/2068/842
f 850/2068/842 803/2067/795 801/2069/793
f 850/2068/842 801/2069/793 848/2070/840
f 848/2070/840 801/2069/793 846/2071/838
f 846/2071/838 801/2069/793 802/2072/794
f 846/2071/838 802/2072/794 805/2073/797
f 846/2071/838 805/2073/797 844/2074/836
f 844/2074/836 805/2073/797 806/2075/798
f 844/2074/836 806/2075/798 842/2076/834
f 856/2077/848 812/2078/804 815/2079/807
f 856/2077/848 815/2079/807 857/2080/849
f 857/2080/849 815/2079/807 816/2081/808
f 857/2080/849 816/2081/808 858/2082/850
f 858/2082/850 816/2081/808 859/2083/851
f 859/2083/851 816/2081/808 819/2084/811
f 859/2083/851 819/2084/811 821/2085/813
f 859/2083/851 821/2085/813 860/2086/852
f 853/2087/845 804/2088/796 854/2089/846
f 804/2088/796 853/2087/845 810/2090/802
f 810/2090/802 853/2087/845 852/2091/844
f 810/2090/802 852/2091/844 813/2092/805
f 813/2092/805 852/2091/844 851/2093/843
f 813/2092/805 851/2093/843 814/2094/806
f 814/2095/806 849/2096/841 817/2097/809
f 817/2097/809 849/2096/841 818/2098/810
f 818/2098/810 849/2096/841 847/2099/839
f 818/2098/810 847/2099/839 820/2100/812
f 820/2100/812 847/2099/839 845/2101/837
f 820/2100/812 845/2101/837 822/2102/814
f 822/2102/814 845/2101/837 843/2103/835
f 822/2102/814 843/2103/835 824/2104/816
f 824/2104/816 843/2103/835 841/2105/833
f 860/2106/852 821/2107/813 823/2108/815
f 860/2106/852 823/2108/815 861/2109/853
f 861/2110/853 823/2111/815 825/2112/817
f 861/2110/853 825/2112/817 862/2113/854
f 862/2113/854 825/2112/817 827/2114/819
f 862/2113/854 827/2114/819 863/2115/855
f 863/2115/855 827/2114/819 829/2116/821
f 863/2115/855 829/2116/821 864/2117/856
f 864/2117/856 829/2116/821 865/2118/857
f 865/2118/857 829/2116/821 830/2119/822
f 824/2120/816 841/2121/833 839/2122/831
f 824/2120/816 839/2122/831 826/2123/818
f 826/2123/818 839/2122/831 828/2124/820
f 828/2124/820 839/2122/831 837/2125/829
f 828/2124/820 837/2125/829 835/2126/827
f 828/2124/820 835/2126/827 831/2127/823
f 831/2127/823 835/2126/827 833/2128/825
f 865/2129/857 830/2130/822 866/2131/858
f 866/2131/858 830/2130/822 832/2132/824
f 866/2131/858 832/2132/824 867/2133/859
f 867/2133/859 832/2132/824 809/2134/801
f 867/2135/859 809/2136/801 794/2137/786
f 794/2137/786 809/2136/801 793/2138/785
f 808/2139/800 834/2140/826 838/2141/830
f 808/2139/800 838/2141/830 840/2142/832
f 808/2139/800 840/2142/832 807/2143/799
f 807/2143/799 840/2142/832 806/2144/798
f 806/2144/798 840/2142/832 842/2145/834
f 868/2146/860 869/2147/861 870/2148/862
f 870/2148/862 869/2147/861 871/2149/863
f 870/2150/862 871/2151/863 872/2152/864
f 870/2150/862 872/2152/864 873/2153/865
f 872/2154/864 871/2155/863 869/2156/861
f 868/2157/860 870/2158/862 873/2159/865
f 868/2157/860 873/2159/865 874/2160/866
f 868/2157/860 874/2160/866 875/2161/867
f 875/2161/867 874/2160/866 876/2162/868
f 873/2163/865 872/2164/864 877/2165/869
f 873/2163/865 877/2165/869 874/2166/866
f 874/2166/866 877/2165/869 876/2167/868
f 876/2167/868 877/2165/869 878/2168/870
f 876/2167/868 878/2168/870 879/2169/871
f 876/2167/868 879/2169/871 880/2170/872
f 880/2170/872 879/2169/871 881/2171/873
f 880/2170/872 881/2171/873 882/2172/874
f 877/2173/869 872/2174/864 869/2175/861
f 868/2176/860 875/2177/867 869/2178/861
f 869/2178/861 875/2177/867 883/2179/875
f 883/2179/875 875/2177/867 884/2180/876
f 884/2180/876 875/2177/867 885/2181/877
f 884/2180/876 885/2181/877 886/2182/878
f 884/2180/876 886/2182/878 887/2183/879
f 887/2183/879 886/2182/878 888/2184/880
f 887/2183/879 888/2184/880 889/2185/881
f 877/2186/869 869/2187/861 878/2188/870
f 878/2188/870 869/2187/861 883/2189/875
f 878/2188/870 883/2189/875 884/2190/876
f 878/2188/870 884/2190/876 879/2191/871
f 879/2191/871 884/2190/876 887/2192/879
f 879/2191/871 887/2192/879 889/2193/881
f 879/2191/871 889/2193/881 890/2194/882
f 879/2191/871 890/2194/882 881/2195/873
f 875/2196/867 876/2197/868 885/2198/877
f 885/2198/877 876/2197/868 880/2199/872
f 885/2198/877 880/2199/872 882/2200/874
f 885/2198/877 882/2200/874 886/2201/878
f 886/2201/878 882/2200/874 888/2202/880
f 888/2202/880 882/2200/874 891/2203/883
f 882/2204/874 881/2205/873 891/2206/883
f 888/2207/880 891/2208/883 890/2209/882
f 888/2207/880 890/2209/882 889/2210/881
f 890/2211/882 891/2212/883 881/2213/873
f 892/2214/884 893/2215/885 894/2216/886
f 894/2216/886 893/2215/885 895/2217/887
f 894/2216/886 895/2217/887 896/2218/888
f 894/2216/886 896/2218/888 897/2219/889
f 894/2216/886 897/2219/889 898/2220/890
f 894/2216/886 898/2220/890 899/2221/891
f 894/2216/886 899/2221/891 892/2214/884
f 892/2214/884 899/2221/891 900/2222/892
f 893/2223/885 892/2224/884 900/2225/892
f 893/2223/885 900/2225/892 901/2226/893
f 901/2227/893 900/2228/892 902/2229/894
f 902/2229/894 900/2228/892 899/2230/891
f 902/2229/894 899/2230/891 898/2231/890
f 902/2232/894 898/2233/890 903/2234/895
f 897/2235/889 896/2236/888 904/2237/896
f 897/2235/889 904/2237/896 905/2238/897
f 897/2235/889 905/2238/897 898/2239/890
f 905/2238/897 904/2237/896 906/2240/898
f 906/2240/898 904/2237/896 907/2241/899
f 906/2240/898 907/2241/899 908/2242/900
f 908/2242/900 907/2241/899 909/2243/901
f 904/2244/896 896/2245/888 910/2246/902
f 898/2247/890 905/2248/897 903/2249/895
f 903/2249/895 905/2248/897 911/2250/903
f 911/2250/903 905/2248/897 906/2251/898
f 911/2250/903 906/2251/898 912/2252/904
f 912/2252/904 906/2251/898 908/2253/900
f 904/2254/896 910/2255/902 913/2256/905
f 904/2254/896 913/2256/905 907/2257/899
f 907/2257/899 913/2256/905 914/2258/906
f 907/2257/899 914/2258/906 909/2259/901
f 912/2260/904 908/2261/900 915/2262/907
f 915/2262/907 908/2261/900 916/2263/908
f 909/2264/901 914/2265/906 917/2266/909
f 916/2267/908 908/2268/900 909/2269/901
f 916/2267/908 909/2269/901 918/2270/910
f 916/2267/908 918/2270/910 919/2271/911
f 916/2267/908 919/2271/911 920/2272/912
f 915/2273/907 916/2274/908 921/2275/913
f 921/2275/913 916/2274/908 920/2276/912
f 921/2275/913 920/2276/912 922/2277/914
f 909/2278/901 917/2279/909 918/2280/910
f 918/2280/910 917/2279/909 923/2281/915
f 918/2280/910 923/2281/915 919/2282/911
f 920/2283/912 919/2284/911 923/2285/915
f 920/2283/912 923/2285/915 922/2286/914
f 924/2287/685 925/2288/916 926/2289/3
f 926/2289/3 925/2288/916 927/2290/917
f 924/2291/685 926/2292/3 928/2293/918
f 928/2293/918 926/2292/3 929/2294/919
f 924/2295/685 928/2296/918 925/2297/916
f 925/2297/916 928/2296/918 930/2298/920
f 928/2299/918 929/2300/919 930/2301/920
f 930/2301/920 929/2300/919 931/2302/921
f 929/2303/919 926/2304/3 927/2305/917
f 929/2303/919 927/2305/917 931/2306/921
f 927/2307/917 925/2308/916 932/2309/922
f 932/2309/922 925/2308/916 933/2310/923
f 927/2307/917 932/2309/922 931/2311/921
f 931/2311/921 932/2309/922 934/2312/924
f 931/2311/921 934/2312/924 930/2313/920
f 930/2313/920 934/2312/924 935/2314/925
f 925/2315/916 930/2316/920 933/2317/923
f 933/2317/923 930/2316/920 935/2318/925
f 933/2317/923 935/2318/925 936/2319/926
f 933/2317/923 936/2319/926 937/2320/927
f 937/2320/927 936/2319/926 938/2321/928
f 936/2319/926 935/2318/925 939/2322/929
f 939/2322/929 935/2318/925 940/2323/930
f 939/2322/929 940/2323/930 941/2324/931
f 932/2325/922 933/2326/923 942/2327/932
f 932/2325/922 942/2327/932 943/2328/933
f 934/2329/924 932/2330/922 943/2331/933
f 934/2329/924 943/2331/933 944/2332/934
f 934/2333/924 944/2334/934 945/2335/935
f 934/2336/924 945/2337/935 935/2338/925
f 944/2339/934 943/2340/933 946/2341/936
f 944/2339/934 946/2341/936 945/2342/935
f 946/2341/936 943/2340/933 947/2343/937
f 947/2343/937 943/2340/933 942/2344/932
f 946/2345/936 947/2346/937 948/2347/938
f 946/2345/936 948/2347/938 949/2348/939
f 948/2349/938 947/2350/937 942/2351/932
f 946/2352/936 949/2353/939 945/2354/935
f 945/2354/935 949/2353/939 950/2355/940
f 948/2356/938 942/2357/932 951/2358/941
f 951/2358/941 942/2357/932 952/2359/942
f 951/2358/941 952/2359/942 953/2360/943
f 952/2359/942 942/2357/932 937/2361/927
f 953/2360/943 952/2359/942 938/2362/928
f 938/2362/928 952/2359/942 937/2361/927
f 948/2363/938 951/2364/941 949/2365/939
f 949/2365/939 951/2364/941 950/2366/940
f 945/2367/935 950/2368/940 954/2369/944
f 945/2367/935 954/2369/944 940/2370/930
f 945/2367/935 940/2370/930 935/2371/925
f 950/2372/940 951/2373/941 955/2374/945
f 955/2374/945 951/2373/941 953/2375/943
f 950/2376/940 955/2377/945 954/2378/944
f 940/2379/930 954/2380/944 941/2381/931
f 941/2382/931 954/2383/944 955/2384/945
f 939/2385/929 941/2386/931 955/2387/945
f 936/2388/926 939/2389/929 955/2390/945
f 936/2388/926 955/2390/945 953/2391/943
f 936/2392/926 953/2393/943 938/2394/928
f 933/2395/923 937/2396/927 942/2397/932
f 956/2398/946 957/2399/947 958/2400/948
f 958/2400/948 957/2399/947 959/2401/949
f 958/2400/948 959/2401/949 960/2402/950
f 958/2400/948 960/2402/950 961/2403/951
f 956/2404/946 958/2405/948 962/2406/952
f 962/2406/952 958/2405/948 963/2407/953
f 963/2407/953 958/2405/948 964/2408/954
f 964/2408/954 958/2405/948 961/2409/951
f 964/2408/954 961/2409/951 965/2410/955
f 964/2408/954 965/2410/955 966/2411/956
f 957/2412/947 956/2413/946 967/2414/957
f 967/2414/957 956/2413/946 962/2415/952
f 967/2414/957 962/2415/952 963/2416/953
f 967/2414/957 963/2416/953 968/2417/958
f 957/2418/947 967/2419/957 969/2420/62
f 969/2420/62 967/2419/957 968/2421/958
f 957/2418/947 969/2420/62 959/2422/949
f 969/2420/62 968/2421/958 970/2423/959
f 959/2422/949 969/2420/62 960/2424/950
f 969/2420/62 970/2423/959 971/2425/960
f 960/2424/950 969/2420/62 972/2426/961
f 972/2426/961 969/2420/62 971/2425/960
f 968/2427/958 963/2428/953 964/2429/954
f 968/2427/958 964/2429/954 970/2430/959
f 961/2431/951 960/2432/950 965/2433/955
f 965/2433/955 960/2432/950 972/2434/961
f 965/2433/955 972/2434/961 971/2435/960
f 965/2433/955 971/2435/960 966/2436/956
f 971/2437/960 970/2438/959 964/2439/954
f 971/2437/960 964/2439/954 966/2440/956
f 973/2441/962 974/2442/963 975/2443/964
f 973/2441/962 975/2443/964 976/2444/965
f 974/2442/963 973/2441/962 977/2445/966
f 977/2445/966 973/2441/962 978/2446/967
f 974/2447/963 977/2448/966 979/2449/62
f 979/2449/62 977/2448/966 980/2450/957
f 974/2447/963 979/2449/62 975/2451/964
f 979/2449/62 980/2450/957 981/2452/958
f 975/2451/964 979/2449/62 982/2453/968
f 979/2449/62 981/2452/958 983/2454/959
f 982/2453/968 979/2449/62 984/2455/969
f 984/2455/969 979/2449/62 983/2454/959
f 973/2456/962 976/2457/965 978/2458/967
f 978/2458/967 976/2457/965 985/2459/952
f 985/2459/952 976/2457/965 986/2460/970
f 985/2459/952 986/2460/970 987/2461/953
f 987/2461/953 986/2460/970 988/2462/971
f 987/2461/953 988/2462/971 989/2463/954
f 976/2464/965 975/2465/964 986/2466/970
f 986/2466/970 975/2465/964 982/2467/968
f 986/2466/970 982/2467/968 984/2468/969
f 986/2466/970 984/2468/969 988/2469/971
f 977/2470/966 978/2471/967 980/2472/957
f 980/2472/957 978/2471/967 985/2473/952
f 980/2472/957 985/2473/952 987/2474/953
f 980/2472/957 987/2474/953 981/2475/958
f 987/2476/953 989/2477/954 981/2478/958
f 981/2478/958 989/2477/954 983/2479/959
f 989/2480/954 988/2481/971 984/2482/969
f 989/2480/954 984/2482/969 983/2483/959
f 990/2484/972 991/2485/973 992/2486/974
f 992/2486/974 991/2485/973 993/2487/975
f 991/2485/973 990/2484/972 994/2488/976
f 994/2488/976 990/2484/972 995/2489/977
f 994/2488/976 995/2489/977 996/2490/978
f 996/2490/978 995/2489/977 997/2491/979
f 992/2492/974 993/2493/975 998/2494/980
f 998/2494/980 993/2493/975 999/2495/981
f 998/2496/980 999/2497/981 1000/2498/982
f 993/2499/975 991/2500/973 1001/2501/983
f 1001/2501/983 991/2500/973 1002/2502/984
f 993/2499/975 1001/2501/983 1003/2503/985
f 1002/2502/984 991/2500/973 994/2504/976
f 993/2499/975 1003/2503/985 999/2505/981
f 1002/2502/984 994/2504/976 1004/2506/986
f 999/2505/981 1003/2503/985 1005/2507/987
f 1004/2506/986 994/2504/976 996/2508/978
f 999/2505/981 1005/2507/987 1006/2509/988
f 1004/2506/986 996/2508/978 1007/2510/989
f 999/2505/981 1006/2509/988 1008/2511/990
f 1004/2506/986 1007/2510/989 1009/2512/991
f 1008/2511/990 1006/2509/988 1010/2513/992
f 1009/2512/991 1007/2510/989 1011/2514/993
f 1008/2511/990 1010/2513/992 1012/2515/994
f 1009/2512/991 1011/2514/993 1013/2516/995
f 1012/2515/994 1010/2513/992 1014/2517/996
f 1013/2516/995 1011/2514/993 1015/2518/997
f 1012/2515/994 1014/2517/996 1016/2519/998
f 1013/2516/995 1015/2518/997 1017/2520/999
f 1016/2519/998 1014/2517/996 1018/2521/1000
f 1017/2520/999 1015/2518/997 1019/2522/1001
f 1016/2519/998 1018/2521/1000 1020/2523/1002
f 1017/2520/999 1019/2522/1001 1021/2524/1003
f 1020/2523/1002 1018/2521/1000 1022/2525/1004
f 1021/2524/1003 1019/2522/1001 1023/2526/1005
f 1022/2525/1004 1018/2521/1000 1024/2527/1006
f 1021/2524/1003 1023/2526/1005 1025/2528/1007
f 1022/2525/1004 1024/2527/1006 1026/2529/1008
f 1025/2528/1007 1023/2526/1005 1027/2530/1009
f 1022/2525/1004 1026/2529/1008 1028/2531/1010
f 1025/2528/1007 1027/2530/1009 1029/2532/1011
f 1028/2531/1010 1026/2529/1008 1030/2533/1012
f 1028/2531/1010 1030/2533/1012 1031/2534/1013
f 1031/2534/1013 1030/2533/1012 1032/2535/1014
f 1029/2532/1011 1027/2530/1009 1033/2536/1015
f 1033/2536/1015 1027/2530/1009 1034/2537/1016
f 1033/2536/1015 1034/2537/1016 1032/2535/1014
f 1029/2532/1011 1033/2536/1015 1035/2538/1017
f 1032/2535/1014 1030/2533/1012 1036/2539/1018
f 1032/2535/1014 1036/2539/1018 1033/2536/1015
f 1036/2539/1018 1030/2533/1012 1037/2540/1019
f 1033/2536/1015 1036/2539/1018 1038/2541/1020
f 1033/2536/1015 1038/2541/1020 1035/2538/1017
f 1038/2541/1020 1036/2539/1018 1037/2540/1019
f 1035/2538/1017 1038/2541/1020 1039/2542/1021
f 1039/2542/1021 1038/2541/1020 1037/2540/1019
f 1035/2538/1017 1039/2542/1021 1040/2543/1022
f 1039/2542/1021 1037/2540/1019 1041/2544/1023
f 1040/2543/1022 1039/2542/1021 1042/2545/1024
f 1039/2542/1021 1041/2544/1023 1043/2546/1025
f 1042/2545/1024 1039/2542/1021 1044/2547/1026
f 1039/2542/1021 1043/2546/1025 1045/2548/1027
f 1044/2547/1026 1039/2542/1021 1046/2549/1028
f 1039/2542/1021 1045/2548/1027 1047/2550/1029
f 1046/2549/1028 1039/2542/1021 1048/2551/1030
f 1039/2542/1021 1047/2550/1029 1049/2552/1031
f 1048/2551/1030 1039/2542/1021 1050/2553/1032
f 1039/2542/1021 1049/2552/1031 1051/2554/1033
f 1050/2553/1032 1039/2542/1021 1052/2555/1034
f 1039/2542/1021 1051/2554/1033 1053/2556/1035
f 1052/2555/1034 1039/2542/1021 1054/2557/1036
f 1039/2542/1021 1053/2556/1035 1055/2558/1037
f 1054/2557/1036 1039/2542/1021 1056/2559/1038
f 1056/2559/1038 1039/2542/1021 1055/2558/1037
f 996/2560/978 997/2561/979 1057/2562/1039
f 996/2560/978 1057/2562/1039 1007/2563/989
f 1007/2563/989 1057/2562/1039 1058/2564/1040
f 1007/2563/989 1058/2564/1040 1011/2565/993
f 1011/2565/993 1058/2564/1040 1059/2566/1041
f 1011/2565/993 1059/2566/1041 1015/2567/997
f 1015/2567/997 1059/2566/1041 1060/2568/1042
f 1001/2569/983 1002/2570/984 1052/2571/1034
f 1052/2571/1034 1002/2570/984 1004/2572/986
f 1001/2569/983 1052/2571/1034 1054/2573/1036
f 1052/2571/1034 1004/2572/986 1050/2574/1032
f 1001/2569/983 1054/2573/1036 1003/2575/985
f 1050/2574/1032 1004/2572/986 1048/2576/1030
f 1003/2575/985 1054/2573/1036 1056/2577/1038
f 1003/2575/985 1056/2577/1038 1055/2578/1037
f 1003/2575/985 1055/2578/1037 1005/2579/987
f 1048/2576/1030 1004/2572/986 1009/2580/991
f 1048/2576/1030 1009/2580/991 1013/2581/995
f 1048/2576/1030 1013/2581/995 1046/2582/1028
f 1006/2583/988 1005/2584/987 1055/2585/1037
f 1006/2583/988 1055/2585/1037 1053/2586/1035
f 1006/2587/988 1053/2588/1035 1051/2589/1033
f 1006/2587/988 1051/2589/1033 1010/2590/992
f 1010/2590/992 1051/2589/1033 1049/2591/1031
f 1010/2590/992 1049/2591/1031 1014/2592/996
f 1014/2592/996 1049/2591/1031 1018/2593/1000
f 1018/2593/1000 1049/2591/1031 1047/2594/1029
f 1018/2593/1000 1047/2594/1029 1045/2595/1027
f 1018/2593/1000 1045/2595/1027 1024/2596/1006
f 1024/2596/1006 1045/2595/1027 1026/2597/1008
f 1026/2597/1008 1045/2595/1027 1043/2598/1025
f 999/2599/981 1008/2600/990 1000/2601/982
f 1000/2602/982 1008/2603/990 1012/2604/994
f 1000/2602/982 1012/2604/994 1061/2605/1043
f 1061/2605/1043 1012/2604/994 1016/2606/998
f 1061/2605/1043 1016/2606/998 1062/2607/1044
f 1062/2608/1044 1016/2609/998 1020/2610/1002
f 1062/2608/1044 1020/2610/1002 1063/2611/1045
f 1063/2611/1045 1020/2610/1002 1022/2612/1004
f 1063/2611/1045 1022/2612/1004 1064/2613/1046
f 1064/2613/1046 1022/2612/1004 1028/2614/1010
f 1064/2613/1046 1028/2614/1010 1065/2615/1047
f 1065/2615/1047 1028/2614/1010 1031/2616/1013
f 1065/2615/1047 1031/2616/1013 1066/2617/1048
f 1026/2618/1008 1043/2619/1025 1041/2620/1023
f 1026/2618/1008 1041/2620/1023 1030/2621/1012
f 1030/2621/1012 1041/2620/1023 1037/2622/1019
f 1066/2623/1048 1031/2624/1013 1032/2625/1014
f 1066/2623/1048 1032/2625/1014 1067/2626/1049
f 1067/2626/1049 1032/2625/1014 1034/2627/1016
f 1067/2626/1049 1034/2627/1016 1068/2628/1050
f 1068/2629/1050 1034/2630/1016 1027/2631/1009
f 1068/2629/1050 1027/2631/1009 1069/2632/1051
f 1069/2632/1051 1027/2631/1009 1070/2633/1052
f 1070/2633/1052 1027/2631/1009 1023/2634/1005
f 1070/2633/1052 1023/2634/1005 1019/2635/1001
f 1070/2633/1052 1019/2635/1001 1060/2636/1042
f 1025/2637/1007 1029/2638/1011 1035/2639/1017
f 1025/2637/1007 1035/2639/1017 1040/2640/1022
f 1025/2637/1007 1040/2640/1022 1021/2641/1003
f 1021/2641/1003 1040/2640/1022 1042/2642/1024
f 1021/2641/1003 1042/2642/1024 1017/2643/999
f 1017/2643/999 1042/2642/1024 1044/2644/1026
f 1017/2643/999 1044/2644/1026 1013/2645/995
f 1013/2645/995 1044/2644/1026 1046/2646/1028
f 1060/2647/1042 1019/2648/1001 1015/2649/997
f 1071/2650/1053 1072/2651/1054 1073/2652/1055
f 1071/2653/1053 1073/2654/1055 1074/2655/1056
f 1071/2656/1053 1074/2657/1056 1075/2658/1057
f 1075/2658/1057 1074/2657/1056 1076/2659/1058
f 1075/2658/1057 1076/2659/1058 1077/2660/1059
f 1077/2660/1059 1076/2659/1058 1078/2661/1060
f 1074/2662/1056 1073/2663/1055 1076/2664/1058
f 1076/2664/1058 1073/2663/1055 1079/2665/1061
f 1078/2666/1060 1076/2667/1058 1079/2668/1061
f 1078/2666/1060 1079/2668/1061 1080/2669/1062
f 1080/2669/1062 1079/2668/1061 1081/2670/1063
f 1075/2671/1057 1077/2672/1059 1082/2673/1064
f 1075/2671/1057 1082/2673/1064 1083/2674/1065
f 1082/2675/1064 1077/2676/1059 1078/2677/1060
f 1082/2675/1064 1078/2677/1060 1084/2678/1066
f 1075/2679/1057 1083/2680/1065 1071/2681/1053
f 1071/2681/1053 1083/2680/1065 1085/2682/1067
f 1083/2683/1065 1082/2684/1064 1084/2685/1066
f 1083/2683/1065 1084/2685/1066 1085/2686/1067
f 1071/2687/1053 1085/2688/1067 1086/2689/1068
f 1086/2689/1068 1085/2688/1067 1087/2690/1069
f 1071/2687/1053 1086/2689/1068 1088/2691/1070
f 1086/2689/1068 1087/2690/1069 1089/2692/1071
f 1086/2689/1068 1089/2692/1071 1088/2691/1070
f 1085/2693/1067 1084/2694/1066 1087/2695/1069
f 1087/2695/1069 1084/2694/1066 1090/2696/1072
f 1087/2695/1069 1090/2696/1072 1091/2697/1073
f 1091/2697/1073 1090/2696/1072 1092/2698/1074
f 1087/2695/1069 1091/2697/1073 1093/2699/1075
f 1087/2695/1069 1093/2699/1075 1089/2700/1071
f 1071/2701/1053 1088/2702/1070 1072/2703/1054
f 1088/2704/1070 1089/2705/1071 1093/2706/1075
f 1088/2704/1070 1093/2706/1075 1072/2707/1054
f 1072/2707/1054 1093/2706/1075 1091/2708/1073
f 1092/2709/1074 1094/2710/1076 1091/2708/1073
f 1091/2708/1073 1094/2710/1076 1080/2711/1062
f 1091/2708/1073 1080/2711/1062 1072/2707/1054
f 1072/2707/1054 1080/2711/1062 1081/2712/1063
f 1072/2707/1054 1081/2712/1063 1095/2713/1077
f 1090/2714/1072 1084/2715/1066 1096/2716/1078
f 1096/2717/1078 1084/2718/1066 1078/2719/1060
f 1096/2717/1078 1078/2719/1060 1094/2720/1076
f 1092/2721/1074 1090/2722/1072 1096/2723/1078
f 1092/2724/1074 1096/2725/1078 1094/2726/1076
f 1080/2727/1062 1094/2728/1076 1078/2729/1060
f 1072/2730/1054 1095/2731/1077 1073/2732/1055
f 1073/2732/1055 1095/2731/1077 1097/2733/1079
f 1073/2732/1055 1097/2733/1079 1079/2734/1061
f 1079/2734/1061 1097/2733/1079 1098/2735/1080
f 1079/2734/1061 1098/2735/1080 1081/2736/1063
f 1097/2737/1079 1095/2738/1077 1099/2739/1081
f 1099/2739/1081 1095/2738/1077 1100/2740/1082
f 1097/2741/1079 1099/2742/1081 1098/2743/1080
f 1098/2743/1080 1099/2742/1081 1101/2744/1083
f 1100/2745/1082 1095/2746/1077 1081/2747/1063
f 1100/2745/1082 1081/2747/1063 1102/2748/564
f 1098/2749/1080 1101/2750/1083 1081/2751/1063
f 1081/2751/1063 1101/2750/1083 1102/2752/564
f 1101/2753/1083 1099/2754/1081 1100/2755/1082
f 1101/2753/1083 1100/2755/1082 1102/2756/564
f 1103/2757/1084 1104/2758/1085 1105/2759/1086
f 1105/2759/1086 1104/2758/1085 1106/2760/1087
f 1104/2761/1085 1103/2762/1084 1107/2763/1088
f 1104/2761/1085 1107/2763/1088 1108/2764/1089
f 1104/2761/1085 1108/2764/1089 1106/2765/1087
f 1105/2766/1086 1106/2767/1087 1109/2768/1090
f 1109/2768/1090 1106/2767/1087 1110/2769/1091
f 1108/2770/1089 1107/2771/1088 1111/2772/1092
f 1111/2772/1092 1107/2771/1088 1112/2773/1093
f 1111/2772/1092 1112/2773/1093 1113/2774/1094
f 1111/2772/1092 1113/2774/1094 1114/2775/1095
f 1106/2776/1087 1108/2777/1089 1110/2778/1091
f 1110/2778/1091 1108/2777/1089 1111/2779/1092
f 1110/2778/1091 1111/2779/1092 1115/2780/1096
f 1115/2780/1096 1111/2779/1092 1114/2781/1095
f 1115/2780/1096 1114/2781/1095 1116/2782/1097
f 1115/2780/1096 1116/2782/1097 1117/2783/1098
f 1117/2783/1098 1116/2782/1097 1118/2784/1099
f 1118/2784/1099 1116/2782/1097 1119/2785/1100
f 1118/2784/1099 1119/2785/1100 1120/2786/1101
f 1117/2783/1098 1118/2784/1099 1121/2787/1102
f 1121/2787/1102 1118/2784/1099 1122/2788/1103
f 1121/2787/1102 1122/2788/1103 1123/2789/1104
f 1123/2789/1104 1122/2788/1103 1124/2790/1105
f 1109/2791/1090 1110/2792/1091 1125/2793/1106
f 1125/2793/1106 1110/2792/1091 1115/2794/1096
f 1125/2793/1106 1115/2794/1096 1126/2795/1107
f 1126/2795/1107 1115/2794/1096 1117/2796/1098
f 1126/2795/1107 1117/2796/1098 1127/2797/1108
f 1127/2797/1108 1117/2796/1098 1121/2798/1102
f 1127/2797/1108 1121/2798/1102 1123/2799/1104
f 1127/2797/1108 1123/2799/1104 1128/2800/1109
f 1128/2800/1109 1123/2799/1104 1129/2801/1110
f 1129/2801/1110 1123/2799/1104 1130/2802/1111
f 1114/2803/1095 1113/2804/1094 1119/2805/1100
f 1119/2805/1100 1113/2804/1094 1131/2806/1112
f 1116/2807/1097 1114/2808/1095 1119/2809/1100
f 1122/2810/1103 1118/2811/1099 1120/2812/1101
f 1122/2813/1103 1120/2814/1101 1132/2815/1113
f 1132/2815/1113 1120/2814/1101 1133/2816/1114
f 1124/2817/1105 1122/2818/1103 1132/2819/1113
f 1124/2817/1105 1132/2819/1113 1134/2820/1115
f 1124/2817/1105 1134/2820/1115 1135/2821/1116
f 1124/2817/1105 1135/2821/1116 1136/2822/1117
f 1132/2823/1113 1133/2824/1114 1134/2825/1115
f 1134/2825/1115 1133/2824/1114 1137/2826/1118
f 1130/2827/1111 1123/2828/1104 1124/2829/1105
f 1130/2827/1111 1124/2829/1105 1136/2830/1117
f 1130/2827/1111 1136/2830/1117 1138/2831/1119
f 1130/2827/1111 1138/2831/1119 1139/2832/1120
f 1138/2831/1119 1136/2830/1117 1140/2833/1121
f 1140/2833/1121 1136/2830/1117 1135/2834/1116
f 1129/2835/1110 1130/2836/1111 1139/2837/1120
f 1139/2838/1120 1138/2839/1119 1140/2840/1121
f 1139/2838/1120 1140/2840/1121 1141/2841/1122
f 1139/2838/1120 1141/2841/1122 1129/2842/1110
f 1142/2843/1123 1143/2844/1124 1144/2845/1125
f 1144/2845/1125 1143/2844/1124 1145/2846/1126
f 1143/2847/1124 1142/2848/1123 1146/2849/1127
f 1146/2849/1127 1142/2848/1123 1147/2850/1128
f 1147/2850/1128 1142/2848/1123 1148/2851/1129
f 1148/2851/1129 1142/2848/1123 1149/2852/1130
f 1148/2851/1129 1149/2852/1130 1150/2853/1131
f 1148/2851/1129 1150/2853/1131 1151/2854/1132
f 1151/2854/1132 1150/2853/1131 1152/2855/1133
f 1152/2855/1133 1150/2853/1131 1153/2856/1134
f 1153/2856/1134 1150/2853/1131 1154/2857/1135
f 1153/2856/1134 1154/2857/1135 1155/2858/1136
f 1143/2859/1124 1146/2860/1127 1145/2861/1126
f 1145/2861/1126 1146/2860/1127 1156/2862/1137
f 1156/2862/1137 1146/2860/1127 1147/2863/1128
f 1144/2864/1125 1145/2865/1126 1157/2866/1138
f 1157/2866/1138 1145/2865/1126 1158/2867/1139
f 1144/2864/1125 1157/2866/1138 1159/2868/1140
f 1158/2867/1139 1145/2865/1126 1156/2869/1137
f 1144/2864/1125 1159/2868/1140 1160/2870/1141
f 1158/2867/1139 1156/2869/1137 1161/2871/1142
f 1161/2871/1142 1156/2869/1137 1162/2872/1143
f 1161/2871/1142 1162/2872/1143 1163/2873/1144
f 1160/2870/1141 1159/2868/1140 1164/2874/1145
f 1160/2870/1141 1164/2874/1145 1165/2875/1146
f 1165/2875/1146 1164/2874/1145 1166/2876/1147
f 1165/2875/1146 1166/2876/1147 1167/2877/1148
f 1167/2877/1148 1166/2876/1147 1168/2878/1149
f 1167/2877/1148 1168/2878/1149 1169/2879/1150
f 1156/2880/1137 1147/2881/1128 1162/2882/1143
f 1162/2882/1143 1147/2881/1128 1148/2883/1129
f 1162/2882/1143 1148/2883/1129 1163/2884/1144
f 1161/2885/1142 1163/2886/1144 1170/2887/1151
f 1170/2887/1151 1163/2886/1144 1171/2888/1152
f 1161/2885/1142 1170/2887/1151 1172/2889/1153
f 1172/2889/1153 1170/2887/1151 1173/2890/1154
f 1149/2891/1130 1142/2892/1123 1160/2893/1141
f 1160/2894/1141 1142/2895/1123 1144/2896/1125
f 1163/2897/1144 1148/2898/1129 1151/2899/1132
f 1163/2897/1144 1151/2899/1132 1171/2900/1152
f 1171/2900/1152 1151/2899/1132 1152/2901/1133
f 1171/2900/1152 1152/2901/1133 1174/2902/1155
f 1165/2903/1146 1150/2904/1131 1149/2905/1130
f 1165/2903/1146 1149/2905/1130 1160/2906/1141
f 1152/2907/1133 1153/2908/1134 1174/2909/1155
f 1174/2909/1155 1153/2908/1134 1175/2910/1156
f 1174/2909/1155 1175/2910/1156 1176/2911/1157
f 1176/2911/1157 1175/2910/1156 1177/2912/1158
f 1174/2909/1155 1176/2911/1157 1178/2913/1159
f 1174/2909/1155 1178/2913/1159 1171/2914/1152
f 1171/2915/1152 1178/2916/1159 1170/2917/1151
f 1175/2918/1156 1153/2919/1134 1155/2920/1136
f 1175/2918/1156 1155/2920/1136 1169/2921/1150
f 1169/2921/1150 1155/2920/1136 1154/2922/1135
f 1169/2921/1150 1154/2922/1135 1167/2923/1148
f 1178/2924/1159 1176/2925/1157 1179/2926/1160
f 1178/2924/1159 1179/2926/1160 1170/2927/1151
f 1170/2927/1151 1179/2926/1160 1173/2928/1154
f 1179/2926/1160 1176/2925/1157 1180/2929/1161
f 1180/2929/1161 1176/2925/1157 1177/2930/1158
f 1175/2931/1156 1169/2932/1150 1177/2933/1158
f 1154/2934/1135 1150/2935/1131 1167/2936/1148
f 1167/2936/1148 1150/2935/1131 1165/2937/1146
f 1177/2938/1158 1169/2939/1150 1168/2940/1149
f 1177/2941/1158 1168/2942/1149 1181/2943/1162
f 1181/2943/1162 1168/2942/1149 1182/2944/1163
f 1182/2944/1163 1168/2942/1149 1166/2945/1147
f 1182/2944/1163 1166/2945/1147 1183/2946/1164
f 1177/2947/1158 1181/2948/1162 1180/2949/1161
f 1179/2950/1160 1180/2951/1161 1184/2952/1165
f 1184/2952/1165 1180/2951/1161 1181/2953/1162
f 1179/2950/1160 1184/2952/1165 1173/2954/1154
f 1184/2952/1165 1181/2953/1162 1182/2955/1163
f 1173/2954/1154 1184/2952/1165 1172/2956/1153
f 1184/2952/1165 1182/2955/1163 1183/2957/1164
f 1172/2956/1153 1184/2952/1165 1185/2958/1166
f 1184/2952/1165 1183/2957/1164 1186/2959/1167
f 1185/2958/1166 1184/2952/1165 1187/2960/1168
f 1184/2952/1165 1186/2959/1167 1188/2961/1140
f 1184/2952/1165 1188/2961/1140 1187/2960/1168
f 1166/2962/1147 1164/2963/1145 1183/2964/1164
f 1183/2964/1164 1164/2963/1145 1186/2965/1167
f 1164/2966/1145 1159/2967/1140 1186/2968/1167
f 1186/2968/1167 1159/2967/1140 1188/2969/1140
f 1188/2969/1140 1159/2967/1140 1157/2970/1138
f 1188/2969/1140 1157/2970/1138 1187/2971/1168
f 1187/2972/1168 1157/2973/1138 1158/2974/1139
f 1187/2972/1168 1158/2974/1139 1185/2975/1166
f 1185/2976/1166 1158/2977/1139 1161/2978/1142
f 1185/2976/1166 1161/2978/1142 1172/2979/1153
f 1189/2980/1169 1190/2981/1170 1191/2982/1171
f 1190/2981/1170 1189/2980/1169 1192/2983/1172
f 1190/2981/1170 1192/2983/1172 1193/2984/1173
f 1192/2983/1172 1189/2980/1169 1194/2985/1174
f 1195/2986/1175 1192/2983/1172 1196/2987/1176
f 1196/2987/1176 1192/2983/1172 1197/2988/1177
f 1197/2988/1177 1192/2983/1172 1194/2985/1174
f 1197/2988/1177 1194/2985/1174 1198/2989/1178
f 1198/2989/1178 1194/2985/1174 1199/2990/1179
f 1198/2989/1178 1199/2990/1179 1200/2991/1180
f 1198/2989/1178 1200/2991/1180 1201/2992/1181
f 1191/2993/1171 1190/2994/1170 1202/2995/1182
f 1202/2995/1182 1190/2994/1170 1203/2996/1183
f 1203/2996/1183 1190/2994/1170 1204/2997/1184
f 1204/2997/1184 1190/2994/1170 1205/2998/1185
f 1205/2998/1185 1190/2994/1170 1193/2999/1173
f 1205/2998/1185 1193/2999/1173 1206/3000/1186
f 1191/3001/1171 1202/3002/1182 1189/3003/1169
f 1189/3003/1169 1202/3002/1182 1207/3004/1187
f 1189/3003/1169 1207/3004/1187 1194/3005/1174
f 1194/3005/1174 1207/3004/1187 1208/3006/1188
f 1194/3005/1174 1208/3006/1188 1199/3007/1179
f 1207/3008/1187 1202/3009/1182 1209/3010/1189
f 1209/3010/1189 1202/3009/1182 1203/3011/1183
f 1207/3008/1187 1209/3010/1189 1208/3012/1188
f 1209/3010/1189 1203/3011/1183 1210/3013/1190
f 1209/3010/1189 1210/3013/1190 1211/3014/1191
f 1211/3014/1191 1210/3013/1190 1212/3015/1192
f 1208/3012/1188 1209/3010/1189 1213/3016/1193
f 1213/3016/1193 1209/3010/1189 1211/3014/1191
f 1211/3014/1191 1212/3015/1192 1214/3017/1194
f 1211/3014/1191 1214/3017/1194 1213/3016/1193
f 1214/3017/1194 1212/3015/1192 1215/3018/1195
f 1214/3017/1194 1215/3018/1195 1216/3019/1196
f 1214/3017/1194 1216/3019/1196 1213/3016/1193
f 1216/3019/1196 1215/3018/1195 1217/3020/1197
f 1216/3019/1196 1217/3020/1197 1218/3021/1198
f 1216/3019/1196 1218/3021/1198 1213/3016/1193
f 1218/3021/1198 1217/3020/1197 1219/3022/1199
f 1218/3021/1198 1219/3022/1199 1220/3023/1200
f 1213/3016/1193 1218/3021/1198 1221/3024/1201
f 1213/3016/1193 1221/3024/1201 1208/3012/1188
f 1218/3021/1198 1220/3023/1200 1222/3025/1202
f 1218/3021/1198 1222/3025/1202 1221/3024/1201
f 1208/3012/1188 1221/3024/1201 1223/3026/1203
f 1222/3025/1202 1220/3023/1200 1224/3027/1204
f 1222/3025/1202 1224/3027/1204 1221/3024/1201
f 1224/3027/1204 1220/3023/1200 1225/3028/1205
f 1223/3026/1203 1221/3024/1201 1225/3028/1205
f 1225/3028/1205 1221/3024/1201 1224/3027/1204
f 1203/3029/1183 1204/3030/1184 1210/3031/1190
f 1206/3032/1186 1193/3033/1173 1192/3034/1172
f 1206/3032/1186 1192/3034/1172 1226/3035/1206
f 1205/3036/1185 1206/3037/1186 1210/3038/1190
f 1210/3038/1190 1206/3037/1186 1226/3039/1206
f 1205/3040/1185 1210/3041/1190 1204/3042/1184
f 1210/3043/1190 1226/3044/1206 1192/3045/1172
f 1212/3046/1192 1210/3047/1190 1192/3048/1172
f 1212/3046/1192 1192/3048/1172 1195/3049/1175
f 1212/3050/1192 1195/3051/1175 1215/3052/1195
f 1215/3052/1195 1195/3051/1175 1196/3053/1176
f 1215/3052/1195 1196/3053/1176 1197/3054/1177
f 1215/3052/1195 1197/3054/1177 1217/3055/1197
f 1217/3055/1197 1197/3054/1177 1198/3056/1178
f 1217/3055/1197 1198/3056/1178 1219/3057/1199
f 1220/3058/1200 1219/3059/1199 1198/3060/1178
f 1220/3058/1200 1198/3060/1178 1201/3061/1181
f 1220/3058/1200 1201/3061/1181 1200/3062/1180
f 1220/3058/1200 1200/3062/1180 1225/3063/1205
f 1225/3063/1205 1200/3062/1180 1223/3064/1203
f 1223/3064/1203 1200/3062/1180 1199/3065/1179
f 1199/3066/1179 1208/3067/1188 1223/3068/1203
f 1227/3069/1207 1228/3070/1208 1229/3071/1209
f 1228/3070/1208 1227/3069/1207 1230/3072/1210
f 1230/3072/1210 1227/3069/1207 1231/3073/1211
f 1231/3073/1211 1227/3069/1207 1232/3074/1212
f 1231/3073/1211 1232/3074/1212 1233/3075/1213
f 1231/3073/1211 1233/3075/1213 1234/3076/1214
f 1234/3076/1214 1233/3075/1213 1235/3077/1215
f 1235/3077/1215 1233/3075/1213 1236/3078/1216
f 1227/3079/1207 1229/3080/1209 1237/3081/1217
f 1227/3079/1207 1237/3081/1217 1238/3082/1218
f 1238/3082/1218 1237/3081/1217 1239/3083/1219
f 1227/3079/1207 1238/3082/1218 1240/3084/1220
f 1227/3079/1207 1240/3084/1220 1232/3085/1212
f 1232/3085/1212 1240/3084/1220 1233/3086/1213
f 1233/3086/1213 1240/3084/1220 1241/3087/1221
f 1233/3086/1213 1241/3087/1221 1242/3088/1222
f 1233/3086/1213 1242/3088/1222 1236/3089/1216
f 1242/3088/1222 1241/3087/1221 1243/3090/1223
f 1237/3091/1217 1229/3092/1209 1228/3093/1208
f 1237/3091/1217 1228/3093/1208 1244/3094/1224
f 1237/3091/1217 1244/3094/1224 1239/3095/1219
f 1239/3095/1219 1244/3094/1224 1245/3096/1225
f 1239/3097/1219 1245/3098/1225 1238/3099/1218
f 1238/3099/1218 1245/3098/1225 1246/3100/1226
f 1238/3099/1218 1246/3100/1226 1247/3101/1227
f 1238/3099/1218 1247/3101/1227 1240/3102/1220
f 1240/3102/1220 1247/3101/1227 1241/3103/1221
f 1241/3103/1221 1247/3101/1227 1248/3104/1228
f 1241/3103/1221 1248/3104/1228 1249/3105/1229
f 1241/3103/1221 1249/3105/1229 1243/3106/1223
f 1244/3107/1224 1228/3108/1208 1250/3109/1230
f 1250/3109/1230 1228/3108/1208 1230/3110/1210
f 1244/3107/1224 1250/3109/1230 1251/3111/1231
f 1250/3109/1230 1230/3110/1210 1252/3112/1232
f 1244/3107/1224 1251/3111/1231 1253/3113/1233
f 1252/3112/1232 1230/3110/1210 1231/3114/1211
f 1244/3107/1224 1253/3113/1233 1245/3115/1225
f 1252/3112/1232 1231/3114/1211 1254/3116/1234
f 1245/3115/1225 1253/3113/1233 1246/3117/1226
f 1254/3116/1234 1231/3114/1211 1234/3118/1214
f 1246/3117/1226 1253/3113/1233 1255/3119/1235
f 1254/3116/1234 1234/3118/1214 1256/3120/1236
f 1246/3117/1226 1255/3119/1235 1247/3121/1227
f 1256/3120/1236 1234/3118/1214 1235/3122/1215
f 1247/3121/1227 1255/3119/1235 1257/3123/1237
f 1256/3120/1236 1235/3122/1215 1258/3124/1238
f 1256/3120/1236 1258/3124/1238 1257/3123/1237
f 1247/3121/1227 1257/3123/1237 1248/3125/1228
f 1248/3125/1228 1257/3123/1237 1258/3124/1238
f 1248/3125/1228 1258/3124/1238 1249/3126/1229
f 1253/3127/1233 1251/3128/1231 1259/3129/1239
f 1259/3129/1239 1251/3128/1231 1260/3130/1240
f 1253/3131/1233 1259/3132/1239 1255/3133/1235
f 1255/3133/1235 1259/3132/1239 1261/3134/1241
f 1255/3133/1235 1261/3134/1241 1262/3135/1242
f 1255/3133/1235 1262/3135/1242 1257/3136/1237
f 1251/3137/1231 1250/3138/1230 1263/3139/1243
f 1251/3137/1231 1263/3139/1243 1260/3140/1240
f 1250/3141/1230 1252/3142/1232 1263/3143/1243
f 1263/3143/1243 1252/3142/1232 1264/3144/1244
f 1252/3145/1232 1254/3146/1234 1265/3147/712
f 1252/3145/1232 1265/3147/712 1264/3148/1244
f 1265/3147/712 1254/3146/1234 1256/3149/1236
f 1265/3147/712 1256/3149/1236 1266/3150/1245
f 1235/3151/1215 1236/3152/1216 1258/3153/1238
f 1258/3153/1238 1236/3152/1216 1242/3154/1222
f 1258/3153/1238 1242/3154/1222 1249/3155/1229
f 1249/3155/1229 1242/3154/1222 1243/3156/1223
f 1256/3157/1236 1257/3158/1237 1262/3159/1242
f 1256/3157/1236 1262/3159/1242 1266/3160/1245
f 1262/3161/1242 1261/3162/1241 1267/3163/1246
f 1262/3161/1242 1267/3163/1246 1268/3164/1247
f 1262/3161/1242 1268/3164/1247 1266/3165/1245
f 1266/3165/1245 1268/3164/1247 1269/3166/1248
f 1267/3167/1246 1261/3168/1241 1259/3169/1239
f 1267/3167/1246 1259/3169/1239 1270/3170/1249
f 1270/3170/1249 1259/3169/1239 1260/3171/1240
f 1270/3170/1249 1260/3171/1240 1271/3172/1250
f 1265/3173/712 1266/3174/1245 1272/3175/1251
f 1272/3175/1251 1266/3174/1245 1269/3176/1248
f 1265/3173/712 1272/3175/1251 1273/3177/1252
f 1265/3173/712 1273/3177/1252 1264/3178/1244
f 1264/3178/1244 1273/3177/1252 1274/3179/1253
f 1264/3178/1244 1274/3179/1253 1275/3180/1254
f 1269/3181/1248 1268/3182/1247 1276/3183/1255
f 1269/3181/1248 1276/3183/1255 1277/3184/1256
f 1277/3184/1256 1276/3183/1255 1278/3185/1257
f 1269/3181/1248 1277/3184/1256 1279/3186/1258
f 1269/3181/1248 1279/3186/1258 1272/3187/1251
f 1279/3186/1258 1277/3184/1256 1280/3188/1259
f 1277/3184/1256 1278/3185/1257 1281/3189/1260
f 1277/3184/1256 1281/3189/1260 1280/3188/1259
f 1281/3189/1260 1278/3185/1257 1282/3190/1261
f 1280/3188/1259 1281/3189/1260 1283/3191/1262
f 1283/3191/1262 1281/3189/1260 1284/3192/1263
f 1276/3193/1255 1268/3194/1247 1267/3195/1246
f 1276/3193/1255 1267/3195/1246 1285/3196/1264
f 1276/3193/1255 1285/3196/1264 1286/3197/1265
f 1285/3196/1264 1267/3195/1246 1287/3198/1266
f 1285/3196/1264 1287/3198/1266 1286/3197/1265
f 1287/3198/1266 1267/3195/1246 1270/3199/1249
f 1286/3197/1265 1287/3198/1266 1288/3200/1267
f 1273/3201/1252 1272/3202/1251 1279/3203/1258
f 1273/3201/1252 1279/3203/1258 1289/3204/1268
f 1289/3204/1268 1279/3203/1258 1280/3205/1259
f 1289/3204/1268 1280/3205/1259 1290/3206/1269
f 1289/3204/1268 1290/3206/1269 1291/3207/1270
f 1290/3206/1269 1280/3205/1259 1292/3208/1271
f 1290/3206/1269 1292/3208/1271 1293/3209/1272
f 1292/3208/1271 1280/3205/1259 1283/3210/1262
f 1278/3211/1257 1276/3212/1255 1286/3213/1265
f 1278/3211/1257 1286/3213/1265 1294/3214/1273
f 1278/3211/1257 1294/3214/1273 1282/3215/1261
f 1281/3216/1260 1282/3217/1261 1284/3218/1263
f 1283/3219/1262 1284/3220/1263 1295/3221/1274
f 1295/3221/1274 1284/3220/1263 1296/3222/1275
f 1283/3219/1262 1295/3221/1274 1292/3223/1271
f 1284/3224/1263 1282/3225/1261 1296/3226/1275
f 1296/3227/1275 1282/3228/1261 1297/3229/1276
f 1296/3227/1275 1297/3229/1276 1298/3230/1277
f 1298/3230/1277 1297/3229/1276 1299/3231/1278
f 1296/3227/1275 1298/3230/1277 1300/3232/1279
f 1296/3227/1275 1300/3232/1279 1295/3233/1274
f 1300/3232/1279 1298/3230/1277 1301/3234/1280
f 1297/3235/1276 1282/3236/1261 1294/3237/1273
f 1297/3235/1276 1294/3237/1273 1302/3238/1281
f 1302/3238/1281 1294/3237/1273 1303/3239/1282
f 1303/3239/1282 1294/3237/1273 1304/3240/1283
f 1292/3241/1271 1295/3242/1274 1305/3243/1284
f 1292/3241/1271 1305/3243/1284 1293/3244/1272
f 1293/3244/1272 1305/3243/1284 1306/3245/1285
f 1306/3245/1285 1305/3243/1284 1307/3246/1286
f 1305/3243/1284 1295/3242/1274 1308/3247/1287
f 1305/3243/1284 1308/3247/1287 1307/3246/1286
f 1308/3247/1287 1295/3242/1274 1300/3248/1279
f 1307/3246/1286 1308/3247/1287 1309/3249/1288
f 1308/3247/1287 1300/3248/1279 1301/3250/1280
f 1309/3249/1288 1308/3247/1287 1310/3251/1289
f 1308/3247/1287 1301/3250/1280 1311/3252/1290
f 1308/3247/1287 1311/3252/1290 1310/3251/1289
f 1293/3253/1272 1306/3254/1285 1290/3255/1269
f 1290/3255/1269 1306/3254/1285 1312/3256/1291
f 1312/3256/1291 1306/3254/1285 1313/3257/1292
f 1290/3255/1269 1312/3256/1291 1314/3258/1293
f 1290/3255/1269 1314/3258/1293 1291/3259/1270
f 1314/3258/1293 1312/3256/1291 1315/3260/1294
f 1314/3258/1293 1315/3260/1294 1275/3261/1254
f 1275/3261/1254 1315/3260/1294 1316/3262/1295
f 1289/3263/1268 1291/3264/1270 1274/3265/1253
f 1289/3263/1268 1274/3265/1253 1273/3266/1252
f 1274/3265/1253 1291/3264/1270 1314/3267/1293
f 1274/3265/1253 1314/3267/1293 1275/3268/1254
f 1264/3269/1244 1275/3270/1254 1263/3271/1243
f 1263/3271/1243 1275/3270/1254 1316/3272/1295
f 1263/3271/1243 1316/3272/1295 1260/3273/1240
f 1260/3273/1240 1316/3272/1295 1271/3274/1250
f 1271/3275/1250 1316/3276/1295 1315/3277/1294
f 1271/3275/1250 1315/3277/1294 1317/3278/1296
f 1317/3278/1296 1315/3277/1294 1312/3279/1291
f 1317/3278/1296 1312/3279/1291 1318/3280/1297
f 1271/3275/1250 1317/3278/1296 1287/3281/1266
f 1271/3275/1250 1287/3281/1266 1270/3282/1249
f 1287/3281/1266 1317/3278/1296 1288/3283/1267
f 1288/3283/1267 1317/3278/1296 1318/3280/1297
f 1288/3283/1267 1318/3280/1297 1304/3284/1283
f 1286/3285/1265 1288/3286/1267 1294/3287/1273
f 1294/3287/1273 1288/3286/1267 1304/3288/1283
f 1318/3289/1297 1312/3290/1291 1313/3291/1292
f 1318/3289/1297 1313/3291/1292 1319/3292/1298
f 1318/3289/1297 1319/3292/1298 1304/3293/1283
f 1313/3294/1292 1306/3295/1285 1307/3296/1286
f 1313/3294/1292 1307/3296/1286 1319/3297/1298
f 1319/3297/1298 1307/3296/1286 1320/3298/1299
f 1319/3297/1298 1320/3298/1299 1304/3299/1283
f 1304/3299/1283 1320/3298/1299 1303/3300/1282
f 1302/3301/1281 1303/3302/1282 1321/3303/1300
f 1321/3303/1300 1303/3302/1282 1322/3304/1301
f 1302/3305/1281 1321/3306/1300 1297/3307/1276
f 1297/3307/1276 1321/3306/1300 1299/3308/1278
f 1303/3309/1282 1320/3310/1299 1323/3311/1302
f 1303/3309/1282 1323/3311/1302 1322/3312/1301
f 1323/3311/1302 1320/3310/1299 1309/3313/1288
f 1323/3311/1302 1309/3313/1288 1310/3314/1289
f 1309/3313/1288 1320/3310/1299 1307/3315/1286
f 1311/3316/1290 1301/3317/1280 1324/3318/1303
f 1324/3318/1303 1301/3317/1280 1325/3319/1304
f 1311/3316/1290 1324/3318/1303 1326/3320/1305
f 1310/3321/1289 1311/3322/1290 1327/3323/1306
f 1327/3323/1306 1311/3322/1290 1326/3324/1305
f 1310/3321/1289 1327/3323/1306 1328/3325/1307
f 1301/3326/1280 1298/3327/1277 1325/3328/1304
f 1326/3329/1305 1324/3330/1303 1329/3331/1308
f 1329/3331/1308 1324/3330/1303 1330/3332/1309
f 1326/3329/1305 1329/3331/1308 1327/3333/1306
f 1327/3333/1306 1329/3331/1308 1331/3334/1310
f 1298/3335/1277 1299/3336/1278 1332/3337/1311
f 1298/3335/1277 1332/3337/1311 1333/3338/1312
f 1332/3337/1311 1299/3336/1278 1334/3339/1313
f 1334/3339/1313 1299/3336/1278 1321/3340/1300
f 1310/3341/1289 1328/3342/1307 1323/3343/1302
f 1328/3344/1307 1327/3345/1306 1335/3346/1314
f 1335/3346/1314 1327/3345/1306 1331/3347/1310
f 1323/3348/1302 1328/3349/1307 1336/3350/1315
f 1336/3351/1315 1328/3352/1307 1335/3353/1314
f 1336/3351/1315 1335/3353/1314 1337/3354/1316
f 1336/3351/1315 1337/3354/1316 1338/3355/1317
f 1338/3355/1317 1337/3354/1316 1339/3356/1318
f 1335/3357/1314 1331/3358/1310 1340/3359/1319
f 1340/3359/1319 1331/3358/1310 1329/3360/1308
f 1335/3357/1314 1340/3359/1319 1341/3361/1320
f 1340/3359/1319 1329/3360/1308 1342/3362/1321
f 1335/3357/1314 1341/3361/1320 1337/3363/1316
f 1342/3362/1321 1329/3360/1308 1343/3364/1322
f 1337/3363/1316 1341/3361/1320 1344/3365/1323
f 1343/3364/1322 1329/3360/1308 1330/3366/1309
f 1337/3363/1316 1344/3365/1323 1339/3367/1318
f 1343/3364/1322 1330/3366/1309 1345/3368/1324
f 1339/3367/1318 1344/3365/1323 1346/3369/1325
f 1343/3364/1322 1345/3368/1324 1347/3370/1326
f 1346/3369/1325 1344/3365/1323 1348/3371/1327
f 1347/3370/1326 1345/3368/1324 1349/3372/1328
f 1346/3369/1325 1348/3371/1327 1350/3373/1329
f 1350/3373/1329 1348/3371/1327 1351/3374/1330
f 1351/3374/1330 1348/3371/1327 1352/3375/1331
f 1347/3370/1326 1349/3372/1328 1352/3375/1331
f 1352/3375/1331 1349/3372/1328 1353/3376/1332
f 1323/3377/1302 1336/3378/1315 1338/3379/1317
f 1338/3380/1317 1339/3381/1318 1346/3382/1325
f 1338/3380/1317 1346/3382/1325 1354/3383/1333
f 1354/3383/1333 1346/3382/1325 1355/3384/1334
f 1355/3384/1334 1346/3382/1325 1350/3385/1329
f 1355/3384/1334 1350/3385/1329 1351/3386/1330
f 1355/3384/1334 1351/3386/1330 1334/3387/1313
f 1322/3388/1301 1323/3389/1302 1338/3390/1317
f 1322/3388/1301 1338/3390/1317 1354/3391/1333
f 1322/3388/1301 1354/3391/1333 1321/3392/1300
f 1321/3393/1300 1354/3394/1333 1355/3395/1334
f 1321/3393/1300 1355/3395/1334 1334/3396/1313
f 1334/3397/1313 1351/3398/1330 1332/3399/1311
f 1332/3399/1311 1351/3398/1330 1353/3400/1332
f 1353/3400/1332 1351/3398/1330 1352/3401/1331
f 1348/3402/1327 1344/3403/1323 1356/3404/1335
f 1356/3404/1335 1344/3403/1323 1357/3405/1336
f 1356/3404/1335 1357/3405/1336 1358/3406/1337
f 1358/3406/1337 1357/3405/1336 1359/3407/1338
f 1348/3408/1327 1356/3409/1335 1352/3410/1331
f 1357/3411/1336 1344/3412/1323 1341/3413/1320
f 1357/3411/1336 1341/3413/1320 1360/3414/1339
f 1357/3411/1336 1360/3414/1339 1359/3415/1338
f 1332/3416/1311 1353/3417/1332 1349/3418/1328
f 1332/3416/1311 1349/3418/1328 1333/3419/1312
f 1333/3419/1312 1349/3418/1328 1345/3420/1324
f 1333/3419/1312 1345/3420/1324 1325/3421/1304
f 1298/3422/1277 1333/3423/1312 1325/3424/1304
f 1325/3425/1304 1345/3426/1324 1324/3427/1303
f 1324/3427/1303 1345/3426/1324 1330/3428/1309
f 1347/3429/1326 1352/3430/1331 1361/3431/1340
f 1347/3429/1326 1361/3431/1340 1362/3432/1341
f 1347/3429/1326 1362/3432/1341 1343/3433/1322
f 1362/3432/1341 1361/3431/1340 1363/3434/1342
f 1343/3433/1322 1362/3432/1341 1364/3435/1343
f 1364/3435/1343 1362/3432/1341 1365/3436/1344
f 1365/3436/1344 1362/3432/1341 1363/3434/1342
f 1364/3435/1343 1365/3436/1344 1366/3437/1345
f 1366/3437/1345 1365/3436/1344 1367/3438/1346
f 1367/3438/1346 1365/3436/1344 1368/3439/1347
f 1365/3436/1344 1363/3434/1342 1369/3440/1348
f 1365/3436/1344 1369/3440/1348 1368/3439/1347
f 1369/3440/1348 1363/3434/1342 1370/3441/1349
f 1368/3439/1347 1369/3440/1348 1371/3442/1350
f 1368/3439/1347 1371/3442/1350 1372/3443/1351
f 1361/3444/1340 1352/3445/1331 1356/3446/1335
f 1343/3447/1322 1364/3448/1343 1342/3449/1321
f 1342/3449/1321 1364/3448/1343 1373/3450/1352
f 1342/3449/1321 1373/3450/1352 1374/3451/1353
f 1342/3449/1321 1374/3451/1353 1340/3452/1319
f 1361/3453/1340 1356/3454/1335 1358/3455/1337
f 1361/3453/1340 1358/3455/1337 1363/3456/1342
f 1364/3457/1343 1366/3458/1345 1373/3459/1352
f 1373/3459/1352 1366/3458/1345 1375/3460/1354
f 1375/3460/1354 1366/3458/1345 1367/3461/1346
f 1375/3460/1354 1367/3461/1346 1376/3462/1355
f 1376/3462/1355 1367/3461/1346 1368/3463/1347
f 1376/3462/1355 1368/3463/1347 1377/3464/1356
f 1374/3465/1353 1373/3466/1352 1378/3467/1357
f 1378/3467/1357 1373/3466/1352 1375/3468/1354
f 1378/3467/1357 1375/3468/1354 1379/3469/1358
f 1379/3469/1358 1375/3468/1354 1376/3470/1355
f 1379/3469/1358 1376/3470/1355 1377/3471/1356
f 1379/3469/1358 1377/3471/1356 1380/3472/1359
f 1340/3473/1319 1374/3474/1353 1360/3475/1339
f 1340/3473/1319 1360/3475/1339 1341/3476/1320
f 1360/3475/1339 1374/3474/1353 1381/3477/1360
f 1360/3475/1339 1381/3477/1360 1359/3478/1338
f 1381/3477/1360 1374/3474/1353 1378/3479/1357
f 1381/3477/1360 1378/3479/1357 1379/3480/1358
f 1381/3477/1360 1379/3480/1358 1380/3481/1359
f 1381/3477/1360 1380/3481/1359 1382/3482/1361
f 1382/3482/1361 1380/3481/1359 1383/3483/1362
f 1381/3484/1360 1382/3485/1361 1359/3486/1338
f 1359/3486/1338 1382/3485/1361 1384/3487/1363
f 1359/3486/1338 1384/3487/1363 1385/3488/1364
f 1380/3489/1359 1377/3490/1356 1386/3491/1365
f 1380/3489/1359 1386/3491/1365 1383/3492/1362
f 1386/3491/1365 1377/3490/1356 1368/3493/1347
f 1386/3491/1365 1368/3493/1347 1372/3494/1351
f 1382/3495/1361 1383/3496/1362 1387/3497/1366
f 1387/3497/1366 1383/3496/1362 1388/3498/1367
f 1388/3498/1367 1383/3496/1362 1389/3499/1368
f 1389/3499/1368 1383/3496/1362 1386/3500/1365
f 1389/3499/1368 1386/3500/1365 1390/3501/1369
f 1387/3497/1366 1388/3498/1367 1391/3502/1370
f 1387/3497/1366 1391/3502/1370 1384/3503/1363
f 1384/3503/1363 1391/3502/1370 1392/3504/1371
f 1382/3505/1361 1387/3506/1366 1384/3507/1363
f 1391/3508/1370 1388/3509/1367 1393/3510/1372
f 1391/3508/1370 1393/3510/1372 1394/3511/1373
f 1394/3511/1373 1393/3510/1372 1395/3512/1374
f 1393/3513/1372 1388/3514/1367 1389/3515/1368
f 1393/3513/1372 1389/3515/1368 1396/3516/1375
f 1393/3513/1372 1396/3516/1375 1397/3517/1376
f 1396/3516/1375 1389/3515/1368 1390/3518/1369
f 1396/3516/1375 1390/3518/1369 1398/3519/1377
f 1398/3519/1377 1390/3518/1369 1399/3520/1378
f 1385/3521/1364 1384/3522/1363 1392/3523/1371
f 1385/3521/1364 1392/3523/1371 1400/3524/1379
f 1385/3521/1364 1400/3524/1379 1401/3525/1380
f 1401/3525/1380 1400/3524/1379 1402/3526/1381
f 1401/3525/1380 1402/3526/1381 1403/3527/1382
f 1401/3525/1380 1403/3527/1382 1370/3528/1349
f 1370/3528/1349 1403/3527/1382 1404/3529/1383
f 1370/3528/1349 1404/3529/1383 1369/3530/1348
f 1369/3530/1348 1404/3529/1383 1405/3531/1384
f 1369/3530/1348 1405/3531/1384 1371/3532/1350
f 1371/3532/1350 1405/3531/1384 1399/3533/1378
f 1359/3534/1338 1385/3535/1364 1401/3536/1380
f 1359/3534/1338 1401/3536/1380 1358/3537/1337
f 1358/3537/1337 1401/3536/1380 1370/3538/1349
f 1358/3537/1337 1370/3538/1349 1363/3539/1342
f 1392/3540/1371 1391/3541/1370 1394/3542/1373
f 1392/3540/1371 1394/3542/1373 1406/3543/1385
f 1406/3543/1385 1394/3542/1373 1407/3544/1386
f 1406/3543/1385 1407/3544/1386 1408/3545/1387
f 1407/3544/1386 1394/3542/1373 1409/3546/1388
f 1409/3546/1388 1394/3542/1373 1395/3547/1374
f 1400/3548/1379 1392/3549/1371 1406/3550/1385
f 1400/3548/1379 1406/3550/1385 1410/3551/1389
f 1400/3548/1379 1410/3551/1389 1402/3552/1381
f 1411/3553/1390 1403/3554/1382 1402/3555/1381
f 1411/3553/1390 1402/3555/1381 1410/3556/1389
f 1411/3553/1390 1410/3556/1389 1412/3557/1391
f 1411/3553/1390 1412/3557/1391 1413/3558/1392
f 1412/3557/1391 1410/3556/1389 1406/3559/1385
f 1412/3557/1391 1406/3559/1385 1408/3560/1387
f 1414/3561/1393 1404/3562/1383 1403/3563/1382
f 1414/3561/1393 1403/3563/1382 1411/3564/1390
f 1414/3565/1393 1411/3566/1390 1415/3567/1394
f 1415/3567/1394 1411/3566/1390 1413/3568/1392
f 1414/3565/1393 1415/3567/1394 1416/3569/1395
f 1414/3565/1393 1416/3569/1395 1417/3570/1396
f 1412/3571/1391 1408/3572/1387 1418/3573/1397
f 1412/3571/1391 1418/3573/1397 1419/3574/1398
f 1418/3575/1397 1408/3576/1387 1407/3577/1386
f 1415/3578/1394 1413/3579/1392 1420/3580/1399
f 1420/3580/1399 1413/3579/1392 1421/3581/1400
f 1421/3581/1400 1413/3579/1392 1419/3582/1398
f 1419/3582/1398 1413/3579/1392 1412/3583/1391
f 1419/3584/1398 1418/3585/1397 1422/3586/1401
f 1419/3584/1398 1422/3586/1401 1423/3587/1402
f 1419/3584/1398 1423/3587/1402 1421/3588/1400
f 1421/3588/1400 1423/3587/1402 1424/3589/1403
f 1421/3590/1400 1424/3591/1403 1420/3592/1399
f 1420/3592/1399 1424/3591/1403 1425/3593/1404
f 1420/3592/1399 1425/3593/1404 1426/3594/1405
f 1426/3594/1405 1425/3593/1404 1427/3595/1406
f 1423/3596/1402 1422/3597/1401 1428/3598/1407
f 1428/3598/1407 1422/3597/1401 1429/3599/1408
f 1428/3598/1407 1429/3599/1408 1430/3600/1409
f 1423/3596/1402 1428/3598/1407 1431/3601/1410
f 1428/3598/1407 1430/3600/1409 1432/3602/1411
f 1428/3598/1407 1432/3602/1411 1431/3601/1410
f 1431/3601/1410 1432/3602/1411 1433/3603/1412
f 1424/3604/1403 1423/3605/1402 1431/3606/1410
f 1424/3604/1403 1431/3606/1410 1434/3607/1413
f 1434/3607/1413 1431/3606/1410 1433/3608/1412
f 1424/3604/1403 1434/3607/1413 1425/3609/1404
f 1434/3607/1413 1433/3608/1412 1435/3610/1414
f 1425/3609/1404 1434/3607/1413 1436/3611/1415
f 1434/3607/1413 1435/3610/1414 1437/3612/1416
f 1434/3607/1413 1437/3612/1416 1436/3611/1415
f 1416/3613/1395 1415/3614/1394 1420/3615/1399
f 1416/3613/1395 1420/3615/1399 1426/3616/1405
f 1416/3617/1395 1426/3618/1405 1438/3619/1417
f 1416/3617/1395 1438/3619/1417 1439/3620/1418
f 1438/3621/1417 1426/3622/1405 1427/3623/1406
f 1438/3621/1417 1427/3623/1406 1440/3624/1419
f 1438/3621/1417 1440/3624/1419 1441/3625/1420
f 1441/3625/1420 1440/3624/1419 1442/3626/1421
f 1427/3627/1406 1425/3628/1404 1436/3629/1415
f 1427/3627/1406 1436/3629/1415 1443/3630/1422
f 1443/3630/1422 1436/3629/1415 1437/3631/1416
f 1443/3630/1422 1437/3631/1416 1444/3632/1423
f 1427/3633/1406 1443/3634/1422 1440/3635/1419
f 1440/3635/1419 1443/3634/1422 1445/3636/1424
f 1445/3636/1424 1443/3634/1422 1444/3637/1423
f 1445/3636/1424 1444/3637/1423 1446/3638/1425
f 1444/3639/1423 1437/3640/1416 1435/3641/1414
f 1444/3639/1423 1435/3641/1414 1433/3642/1412
f 1444/3639/1423 1433/3642/1412 1446/3643/1425
f 1446/3643/1425 1433/3642/1412 1432/3644/1411
f 1446/3643/1425 1432/3644/1411 1430/3645/1409
f 1446/3643/1425 1430/3645/1409 1447/3646/1426
f 1446/3647/1425 1447/3648/1426 1448/3649/1427
f 1446/3647/1425 1448/3649/1427 1445/3650/1424
f 1445/3650/1424 1448/3649/1427 1442/3651/1421
f 1445/3650/1424 1442/3651/1421 1440/3652/1419
f 1448/3653/1427 1447/3654/1426 1430/3655/1409
f 1448/3653/1427 1430/3655/1409 1429/3656/1408
f 1448/3653/1427 1429/3656/1408 1449/3657/1428
f 1448/3653/1427 1449/3657/1428 1442/3658/1421
f 1449/3657/1428 1429/3656/1408 1422/3659/1401
f 1449/3660/1428 1422/3661/1401 1418/3662/1397
f 1449/3660/1428 1418/3662/1397 1450/3663/1429
f 1450/3663/1429 1418/3662/1397 1407/3664/1386
f 1449/3660/1428 1450/3663/1429 1442/3665/1421
f 1442/3665/1421 1450/3663/1429 1441/3666/1420
f 1441/3667/1420 1450/3668/1429 1407/3669/1386
f 1441/3667/1420 1407/3669/1386 1409/3670/1388
f 1438/3671/1417 1441/3672/1420 1439/3673/1418
f 1439/3673/1418 1441/3672/1420 1409/3674/1388
f 1439/3673/1418 1409/3674/1388 1395/3675/1374
f 1439/3673/1418 1395/3675/1374 1451/3676/1430
f 1439/3673/1418 1451/3676/1430 1416/3677/1395
f 1451/3676/1430 1395/3675/1374 1397/3678/1376
f 1397/3678/1376 1395/3675/1374 1393/3679/1372
f 1416/3680/1395 1451/3681/1430 1417/3682/1396
f 1417/3682/1396 1451/3681/1430 1397/3683/1376
f 1417/3682/1396 1397/3683/1376 1452/3684/1431
f 1452/3684/1431 1397/3683/1376 1398/3685/1377
f 1398/3685/1377 1397/3683/1376 1396/3686/1375
f 1414/3687/1393 1417/3688/1396 1453/3689/1432
f 1453/3689/1432 1417/3688/1396 1452/3690/1431
f 1414/3687/1393 1453/3689/1432 1404/3691/1383
f 1453/3689/1432 1452/3690/1431 1398/3692/1377
f 1404/3691/1383 1453/3689/1432 1405/3693/1384
f 1405/3693/1384 1453/3689/1432 1398/3692/1377
f 1405/3693/1384 1398/3692/1377 1399/3694/1378
f 1399/3695/1378 1390/3696/1369 1386/3697/1365
f 1399/3698/1378 1386/3699/1365 1372/3700/1351
f 1371/3701/1350 1399/3702/1378 1372/3703/1351
f 1454/3704/1433 1455/3705/1434 1456/3706/1288
f 1456/3706/1288 1455/3705/1434 1457/3707/1435
f 1454/3708/1433 1456/3709/1288 1458/3710/1436
f 1458/3710/1436 1456/3709/1288 1459/3711/1437
f 1454/3712/1433 1458/3713/1436 1455/3714/1434
f 1455/3714/1434 1458/3713/1436 1460/3715/1438
f 1455/3714/1434 1460/3715/1438 1461/3716/1439
f 1455/3714/1434 1461/3716/1439 1462/3717/1440
f 1459/3718/1437 1456/3719/1288 1457/3720/1435
f 1459/3718/1437 1457/3720/1435 1463/3721/1441
f 1458/3722/1436 1459/3723/1437 1460/3724/1438
f 1460/3724/1438 1459/3723/1437 1463/3725/1441
f 1460/3724/1438 1463/3725/1441 1464/3726/495
f 1460/3724/1438 1464/3726/495 1461/3727/1439
f 1461/3727/1439 1464/3726/495 1465/3728/1442
f 1465/3728/1442 1464/3726/495 1466/3729/1443
f 1465/3728/1442 1466/3729/1443 1467/3730/1444
f 1467/3730/1444 1466/3729/1443 1468/3731/1445
f 1463/3732/1441 1457/3733/1435 1469/3734/1446
f 1463/3732/1441 1469/3734/1446 1464/3735/495
f 1464/3735/495 1469/3734/1446 1470/3736/1447
f 1464/3735/495 1470/3736/1447 1466/3737/1443
f 1466/3737/1443 1470/3736/1447 1468/3738/1445
f 1468/3738/1445 1470/3736/1447 1471/3739/1448
f 1469/3740/1446 1457/3741/1435 1455/3742/1434
f 1469/3740/1446 1455/3742/1434 1462/3743/1440
f 1469/3740/1446 1462/3743/1440 1472/3744/1449
f 1472/3745/1449 1462/3746/1440 1461/3747/1439
f 1472/3745/1449 1461/3747/1439 1465/3748/1442
f 1472/3745/1449 1465/3748/1442 1473/3749/1450
f 1473/3749/1450 1465/3748/1442 1474/3750/1451
f 1474/3750/1451 1465/3748/1442 1467/3751/1444
f 1474/3750/1451 1467/3751/1444 1475/3752/1452
f 1470/3753/1447 1469/3754/1446 1472/3755/1449
f 1470/3753/1447 1472/3755/1449 1471/3756/1448
f 1471/3756/1448 1472/3755/1449 1473/3757/1450
f 1471/3756/1448 1473/3757/1450 1476/3758/1453
f 1476/3758/1453 1473/3757/1450 1474/3759/1451
f 1471/3760/1448 1476/3761/1453 1468/3762/1445
f 1468/3762/1445 1476/3761/1453 1477/3763/1454
f 1467/3764/1444 1468/3765/1445 1477/3766/1454
f 1475/3767/1452 1467/3768/1444 1477/3769/1454
f 1474/3770/1451 1475/3771/1452 1476/3772/1453
f 1476/3772/1453 1475/3771/1452 1477/3773/1454
f 1478/3774/1455 1479/3775/1456 1480/3776/1457
f 1479/3775/1456 1478/3774/1455 1481/3777/1458
f 1482/3778/1459 1483/3779/1460 1479/3780/1456
f 1479/3780/1456 1483/3779/1460 1484/3781/1461
f 1481/3782/1458 1478/3783/1455 1485/3784/1462
f 1485/3784/1462 1478/3783/1455 1486/3785/1463
f 1479/3786/1456 1481/3787/1458 1487/3788/1464
f 1487/3789/1464 1481/3790/1458 1485/3791/1462
f 1487/3789/1464 1485/3791/1462 1488/3792/1465
f 1485/3793/1462 1486/3794/1463 1484/3795/1461
f 1485/3793/1462 1484/3795/1461 1488/3796/1465
f 1486/3797/1463 1478/3798/1455 1489/3799/1466
f 1489/3799/1466 1478/3798/1455 1479/3800/1456
f 1486/3797/1463 1489/3799/1466 1490/3801/1467
f 1486/3802/1463 1490/3803/1467 1484/3804/1461
f 1484/3805/1461 1490/3806/1467 1489/3807/1466
f 1484/3805/1461 1489/3807/1466 1479/3808/1456
f 1484/3805/1461 1479/3808/1456 1491/3809/795
f 1491/3809/795 1479/3808/1456 1492/3810/1468
f 1488/3811/1465 1484/3812/1461 1491/3813/795
f 1492/3814/1468 1479/3815/1456 1487/3816/1464
f 1492/3814/1468 1487/3816/1464 1493/3817/1469
f 1493/3817/1469 1487/3816/1464 1488/3818/1465
f 1493/3817/1469 1488/3818/1465 1494/3819/1470
f 1494/3820/1470 1488/3821/1465 1491/3822/795
f 1494/3820/1470 1491/3822/795 1495/3823/1471
f 1495/3823/1471 1491/3822/795 1496/3824/1472
f 1492/3825/1468 1493/3826/1469 1497/3827/1473
f 1492/3825/1468 1497/3827/1473 1498/3828/1474
f 1497/3829/1473 1493/3830/1469 1494/3831/1470
f 1497/3829/1473 1494/3831/1470 1495/3832/1471
f 1491/3833/795 1492/3834/1468 1498/3835/1474
f 1491/3833/795 1498/3835/1474 1496/3836/1472
f 1497/3837/1473 1495/3838/1471 1498/3839/1474
f 1498/3839/1474 1495/3838/1471 1496/3840/1472
f 1499/3841/1475 1500/3842/1476 1501/3843/90
f 1499/3841/1475 1501/3843/90 1204/3844/1184
f 1501/3845/90 1500/3846/1476 1204/3847/1184
f 1204/3847/1184 1500/3846/1476 1502/3848/1477
f 1204/3847/1184 1502/3848/1477 1499/3849/1475
f 1500/3850/1476 1499/3851/1475 1503/3852/1478
f 1503/3852/1478 1499/3851/1475 1504/3853/1479
f 1500/3854/1476 1503/3855/1478 1502/3856/1477
f 1502/3856/1477 1503/3855/1478 1505/3857/1480
f 1504/3858/1479 1499/3859/1475 1502/3860/1477
f 1504/3858/1479 1502/3860/1477 1505/3861/1480
f 1504/3862/1479 1505/3863/1480 1503/3864/1478
